ISO-10303-21;
HEADER;
FILE_DESCRIPTION (( 'STEP AP214' ),
    '1' );
FILE_NAME ('DFN-10_L3.0-W3.0-P0.50-TL-EP2.4.STEP',
    '2021-09-09T11:49:24',
    ( '' ),
    ( '' ),
    'SwSTEP 2.0',
    'SolidWorks 2018',
    '' );
FILE_SCHEMA (( 'AUTOMOTIVE_DESIGN' ));
ENDSEC;

DATA;
#1 =( GEOMETRIC_REPRESENTATION_CONTEXT ( 3 ) GLOBAL_UNCERTAINTY_ASSIGNED_CONTEXT ( ( #3571 ) ) GLOBAL_UNIT_ASSIGNED_CONTEXT ( ( #6683, #267, #2956 ) ) REPRESENTATION_CONTEXT ( 'NONE', 'WORKASPACE' ) );
#2 = VECTOR ( 'NONE', #3063, 1000.000000000000000 ) ;
#3 = CARTESIAN_POINT ( 'NONE',  ( 1.099999999999999423, -0.3750000000000000555, 0.2000000000000000111 ) ) ;
#4 = ORIENTED_EDGE ( 'NONE', *, *, #4391, .T. ) ;
#5 = ORIENTED_EDGE ( 'NONE', *, *, #546, .F. ) ;
#6 = CARTESIAN_POINT ( 'NONE',  ( 1.171152838814549124, 1.244728726730185420, 0.001000000000000000021 ) ) ;
#7 = CARTESIAN_POINT ( 'NONE',  ( 1.182951136505685286, 1.261899652041536202, 0.000000000000000000 ) ) ;
#8 = DIRECTION ( 'NONE',  ( 0.000000000000000000, 0.000000000000000000, -1.000000000000000000 ) ) ;
#9 = CARTESIAN_POINT ( 'NONE',  ( 1.298280843906858273, 1.395086717804594256, 0.000000000000000000 ) ) ;
#10 = CARTESIAN_POINT ( 'NONE',  ( -1.510000000000000231, 0.6249999999999998890, 0.2000000000000000111 ) ) ;
#11 =( LENGTH_UNIT ( ) NAMED_UNIT ( * ) SI_UNIT ( .MILLI., .METRE. ) );
#12 = ORIENTED_EDGE ( 'NONE', *, *, #3247, .F. ) ;
#13 = MECHANICAL_DESIGN_GEOMETRIC_PRESENTATION_REPRESENTATION (  '', ( #2421 ), #2161 ) ;
#14 = EDGE_CURVE ( 'NONE', #3261, #6885, #2825, .T. ) ;
#15 = CARTESIAN_POINT ( 'NONE',  ( 0.7561586957011606769, 1.293583007300296517, 0.000000000000000000 ) ) ;
#16 = FILL_AREA_STYLE_COLOUR ( '', #2685 ) ;
#17 = LINE ( 'NONE', #6522, #2785 ) ;
#18 = CARTESIAN_POINT ( 'NONE',  ( 1.100000000000000311, -0.1250000000000000555, 0.2000000000000000111 ) ) ;
#19 = VECTOR ( 'NONE', #439, 1000.000000000000000 ) ;
#20 = ORIENTED_EDGE ( 'NONE', *, *, #1445, .T. ) ;
#21 = CARTESIAN_POINT ( 'NONE',  ( 0.8922627048894089530, 1.410898394790590649, 0.000000000000000000 ) ) ;
#22 = ORIENTED_EDGE ( 'NONE', *, *, #463, .F. ) ;
#23 = DIRECTION ( 'NONE',  ( 0.000000000000000000, 0.000000000000000000, -1.000000000000000000 ) ) ;
#24 = STYLED_ITEM ( 'NONE', ( #4423 ), #5747 ) ;
#25 = EDGE_CURVE ( 'NONE', #3281, #2166, #6237, .T. ) ;
#26 = CARTESIAN_POINT ( 'NONE',  ( 1.212537313687817919, 1.235140116643961283, 0.000000000000000000 ) ) ;
#27 = FACE_OUTER_BOUND ( 'NONE', #4299, .T. ) ;
#28 = UNCERTAINTY_MEASURE_WITH_UNIT (LENGTH_MEASURE( 1.000000000000000082E-05 ), #5702, 'distance_accuracy_value', 'NONE');
#29 = EDGE_LOOP ( 'NONE', ( #1339, #1087, #1622, #1442 ) ) ;
#30 = DIRECTION ( 'NONE',  ( 0.000000000000000000, 0.000000000000000000, -1.000000000000000000 ) ) ;
#31 = CARTESIAN_POINT ( 'NONE',  ( 1.197353978054519263, 1.236738753923597223, 0.001000000000000000021 ) ) ;
#32 = PRESENTATION_STYLE_ASSIGNMENT (( #5029 ) ) ;
#33 = CARTESIAN_POINT ( 'NONE',  ( 1.212332476188965558, 1.417973251202735652, 0.001000000000000000021 ) ) ;
#34 = ORIENTED_EDGE ( 'NONE', *, *, #1036, .F. ) ;
#35 = CARTESIAN_POINT ( 'NONE',  ( 1.024032171310916839, 1.415534226812491747, 0.000000000000000000 ) ) ;
#36 = PRODUCT_DEFINITION ( 'Î´Öª', '', #998, #1954 ) ;
#37 = CARTESIAN_POINT ( 'NONE',  ( 1.312823411706268040, 1.312648833623158984, 0.000000000000000000 ) ) ;
#38 = CARTESIAN_POINT ( 'NONE',  ( 0.7752516835060386802, 1.237485446324686711, 0.000000000000000000 ) ) ;
#39 =( GEOMETRIC_REPRESENTATION_CONTEXT ( 3 ) GLOBAL_UNCERTAINTY_ASSIGNED_CONTEXT ( ( #3486 ) ) GLOBAL_UNIT_ASSIGNED_CONTEXT ( ( #3173, #3788, #5384 ) ) REPRESENTATION_CONTEXT ( 'NONE', 'WORKASPACE' ) );
#40 = ADVANCED_FACE ( 'NONE', ( #3163 ), #3363, .F. ) ;
#41 =( NAMED_UNIT ( * ) PLANE_ANGLE_UNIT ( ) SI_UNIT ( $, .RADIAN. ) );
#42 = CARTESIAN_POINT ( 'NONE',  ( 1.279447239625169930, 1.376715267716938307, 0.001000000000000000021 ) ) ;
#43 = SURFACE_SIDE_STYLE ('',( #1833 ) ) ;
#44 = CARTESIAN_POINT ( 'NONE',  ( 1.261236720258799293, 1.400936674074674482, 0.000000000000000000 ) ) ;
#45 = LINE ( 'NONE', #3104, #5876 ) ;
#46 = VERTEX_POINT ( 'NONE', #4906 ) ;
#47 = CARTESIAN_POINT ( 'NONE',  ( 0.7157242444816485083, 1.413095202422247842, 0.000000000000000000 ) ) ;
#48 = AXIS2_PLACEMENT_3D ( 'NONE', #5500, #134, #154 ) ;
#49 = DIRECTION ( 'NONE',  ( 1.000000000000000000, 0.000000000000000000, 0.000000000000000000 ) ) ;
#50 = VECTOR ( 'NONE', #3390, 1000.000000000000000 ) ;
#51 = ORIENTED_EDGE ( 'NONE', *, *, #1978, .F. ) ;
#52 = COLOUR_RGB ( '',1.000000000000000000, 1.000000000000000000, 0.000000000000000000 ) ;
#53 = FACE_OUTER_BOUND ( 'NONE', #593, .T. ) ;
#54 = DIRECTION ( 'NONE',  ( 0.000000000000000000, 0.000000000000000000, 1.000000000000000000 ) ) ;
#55 = VECTOR ( 'NONE', #5086, 1000.000000000000000 ) ;
#56 = DIRECTION ( 'NONE',  ( 1.000000000000000000, 0.000000000000000000, 0.000000000000000000 ) ) ;
#57 = CARTESIAN_POINT ( 'NONE',  ( 1.202630051228305241, 1.257733464664141376, 0.000000000000000000 ) ) ;
#58 = CARTESIAN_POINT ( 'NONE',  ( 1.231807158792402213, 1.258203372036656553, 0.001000000000000000021 ) ) ;
#59 = MECHANICAL_DESIGN_GEOMETRIC_PRESENTATION_REPRESENTATION (  '', ( #885 ), #5445 ) ;
#60 = EDGE_CURVE ( 'NONE', #5337, #1350, #4650, .T. ) ;
#61 = CARTESIAN_POINT ( 'NONE',  ( 1.303206226869500828, 1.386266350225809463, 0.000000000000000000 ) ) ;
#62 = CARTESIAN_POINT ( 'NONE',  ( 1.510000000000000231, 0.1249999999999999445, -0.05000000000000000278 ) ) ;
#63 = FILL_AREA_STYLE ('',( #5903 ) ) ;
#64 = PRESENTATION_STYLE_ASSIGNMENT (( #1359 ) ) ;
#65 = DIRECTION ( 'NONE',  ( 0.000000000000000000, 0.000000000000000000, 1.000000000000000000 ) ) ;
#66 =( LENGTH_UNIT ( ) NAMED_UNIT ( * ) SI_UNIT ( .MILLI., .METRE. ) );
#67 = CARTESIAN_POINT ( 'NONE',  ( 1.100000000000000311, 1.125000000000000000, 0.2000000000000000111 ) ) ;
#68 =( NAMED_UNIT ( * ) SI_UNIT ( $, .STERADIAN. ) SOLID_ANGLE_UNIT ( ) );
#69 = CARTESIAN_POINT ( 'NONE',  ( 0.8200000000000000622, 1.189999999999999947, -0.05000000000000000278 ) ) ;
#70 = STYLED_ITEM ( 'NONE', ( #3197 ), #4744 ) ;
#71 = EDGE_CURVE ( 'NONE', #5053, #3443, #959, .T. ) ;
#72 = SURFACE_STYLE_FILL_AREA ( #5131 ) ;
#73 = PRESENTATION_STYLE_ASSIGNMENT (( #2615 ) ) ;
#74 = CARTESIAN_POINT ( 'NONE',  ( 1.282380835209942616, 1.369370741670292047, 0.000000000000000000 ) ) ;
#75 = COLOUR_RGB ( '',0.2509803921568627416, 0.2509803921568627416, 0.2509803921568627416 ) ;
#76 = ORIENTED_EDGE ( 'NONE', *, *, #6906, .F. ) ;
#77 = FILL_AREA_STYLE ('',( #3274 ) ) ;
#78 = UNCERTAINTY_MEASURE_WITH_UNIT (LENGTH_MEASURE( 1.000000000000000082E-05 ), #5805, 'distance_accuracy_value', 'NONE');
#79 = DIRECTION ( 'NONE',  ( -1.366641393889291440E-16, -1.000000000000000000, -0.000000000000000000 ) ) ;
#80 = PRESENTATION_STYLE_ASSIGNMENT (( #4371 ) ) ;
#81 = VERTEX_POINT ( 'NONE', #1707 ) ;
#82 = PRESENTATION_LAYER_ASSIGNMENT (  '', '', ( #2724 ) ) ;
#83 = CARTESIAN_POINT ( 'NONE',  ( -1.100000000000000533, 0.8749999999999998890, -0.05000000000000000278 ) ) ;
#84 = CARTESIAN_POINT ( 'NONE',  ( 0.6533004639938435609, 1.237485446324686711, 0.001000000000000000021 ) ) ;
#85 = FILL_AREA_STYLE_COLOUR ( '', #465 ) ;
#86 = MECHANICAL_DESIGN_GEOMETRIC_PRESENTATION_REPRESENTATION (  '', ( #2861 ), #532 ) ;
#87 = CARTESIAN_POINT ( 'NONE',  ( 0.8539989994953860464, 1.298647998648791990, 0.000000000000000000 ) ) ;
#88 = SURFACE_SIDE_STYLE ('',( #4209 ) ) ;
#89 = ORIENTED_EDGE ( 'NONE', *, *, #2300, .T. ) ;
#90 =( NAMED_UNIT ( * ) SI_UNIT ( $, .STERADIAN. ) SOLID_ANGLE_UNIT ( ) );
#91 = CARTESIAN_POINT ( 'NONE',  ( 1.249164223247643202, 1.409372606012005757, 0.001000000000000000021 ) ) ;
#92 = VECTOR ( 'NONE', #313, 1000.000000000000000 ) ;
#93 = FILL_AREA_STYLE_COLOUR ( '', #1484 ) ;
#94 = ORIENTED_EDGE ( 'NONE', *, *, #237, .T. ) ;
#95 = MECHANICAL_DESIGN_GEOMETRIC_PRESENTATION_REPRESENTATION (  '', ( #3943 ), #6887 ) ;
#96 = ORIENTED_EDGE ( 'NONE', *, *, #819, .T. ) ;
#97 = CARTESIAN_POINT ( 'NONE',  ( 1.510000000000000231, 0.1249999999999999445, 0.2000000000000000111 ) ) ;
#98 = CARTESIAN_POINT ( 'NONE',  ( 0.7149351670263043301, 1.408720823696960833, 0.000000000000000000 ) ) ;
#99 = ORIENTED_EDGE ( 'NONE', *, *, #6726, .T. ) ;
#100 = ORIENTED_EDGE ( 'NONE', *, *, #2368, .T. ) ;
#101 = PRESENTATION_LAYER_ASSIGNMENT (  '', '', ( #5222 ) ) ;
#102 = EDGE_CURVE ( 'NONE', #6875, #5416, #2229, .T. ) ;
#103 = VECTOR ( 'NONE', #6029, 1000.000000000000000 ) ;
#104 = LINE ( 'NONE', #5192, #1254 ) ;
#105 = ORIENTED_EDGE ( 'NONE', *, *, #6394, .T. ) ;
#106 = DIRECTION ( 'NONE',  ( 0.000000000000000000, -1.000000000000000000, -0.000000000000000000 ) ) ;
#107 = FILL_AREA_STYLE_COLOUR ( '', #52 ) ;
#108 =( NAMED_UNIT ( * ) PLANE_ANGLE_UNIT ( ) SI_UNIT ( $, .RADIAN. ) );
#109 = ORIENTED_EDGE ( 'NONE', *, *, #2422, .F. ) ;
#110 = CARTESIAN_POINT ( 'NONE',  ( 0.8471340422152862093, 1.321662481182560134, 0.000000000000000000 ) ) ;
#111 = LINE ( 'NONE', #5375, #182 ) ;
#112 = VECTOR ( 'NONE', #4429, 1000.000000000000114 ) ;
#113 = EDGE_CURVE ( 'NONE', #317, #5080, #3562, .T. ) ;
#114 = VERTEX_POINT ( 'NONE', #6532 ) ;
#115 = MECHANICAL_DESIGN_GEOMETRIC_PRESENTATION_REPRESENTATION (  '', ( #4172 ), #4049 ) ;
#116 = SURFACE_SIDE_STYLE ('',( #707 ) ) ;
#117 = CARTESIAN_POINT ( 'NONE',  ( -1.499999999999999556, -1.125000000000000222, 0.8499999999999999778 ) ) ;
#118 = CARTESIAN_POINT ( 'NONE',  ( 1.175468052055328450, 1.435525046287441597, 0.001000000000000000021 ) ) ;
#119 = UNCERTAINTY_MEASURE_WITH_UNIT (LENGTH_MEASURE( 1.000000000000000082E-05 ), #2888, 'distance_accuracy_value', 'NONE');
#120 = CARTESIAN_POINT ( 'NONE',  ( 0.8848003314183219281, 1.267537789055004582, 0.000000000000000000 ) ) ;
#121 = UNCERTAINTY_MEASURE_WITH_UNIT (LENGTH_MEASURE( 1.000000000000000082E-05 ), #1006, 'distance_accuracy_value', 'NONE');
#122 = ORIENTED_EDGE ( 'NONE', *, *, #1312, .F. ) ;
#123 = DIRECTION ( 'NONE',  ( 1.000000000000000000, 0.000000000000000000, 0.000000000000000000 ) ) ;
#124 = AXIS2_PLACEMENT_3D ( 'NONE', #1448, #5619, #2437 ) ;
#125 = EDGE_CURVE ( 'NONE', #3852, #751, #3731, .T. ) ;
#126 = DIRECTION ( 'NONE',  ( -0.000000000000000000, 1.000000000000000000, -0.000000000000000000 ) ) ;
#127 = FILL_AREA_STYLE_COLOUR ( '', #5880 ) ;
#128 = VECTOR ( 'NONE', #1866, 1000.000000000000000 ) ;
#129 = SURFACE_STYLE_USAGE ( .BOTH. , #3414 ) ;
#130 = CARTESIAN_POINT ( 'NONE',  ( 1.126471195701160832, 1.437485446324686889, 0.000000000000000000 ) ) ;
#131 = ORIENTED_EDGE ( 'NONE', *, *, #3538, .T. ) ;
#132 = STYLED_ITEM ( 'NONE', ( #620 ), #876 ) ;
#133 = LINE ( 'NONE', #706, #622 ) ;
#134 = DIRECTION ( 'NONE',  ( 0.000000000000000000, 0.000000000000000000, -1.000000000000000000 ) ) ;
#135 = DIRECTION ( 'NONE',  ( 0.000000000000000000, 0.000000000000000000, 1.000000000000000000 ) ) ;
#136 = LINE ( 'NONE', #444, #1204 ) ;
#137 = SURFACE_SIDE_STYLE ('',( #6401 ) ) ;
#138 = CARTESIAN_POINT ( 'NONE',  ( -1.510000000000000453, 1.125000000000000000, 0.2000000000000000111 ) ) ;
#139 = AXIS2_PLACEMENT_3D ( 'NONE', #1090, #5871, #4809 ) ;
#140 = ORIENTED_EDGE ( 'NONE', *, *, #2762, .F. ) ;
#141 = FACE_OUTER_BOUND ( 'NONE', #3520, .T. ) ;
#142 = COLOUR_RGB ( '',1.000000000000000000, 1.000000000000000000, 0.000000000000000000 ) ;
#143 =( NAMED_UNIT ( * ) SI_UNIT ( $, .STERADIAN. ) SOLID_ANGLE_UNIT ( ) );
#144 = COLOUR_RGB ( '',1.000000000000000000, 1.000000000000000000, 1.000000000000000000 ) ;
#145 = PLANE ( 'NONE',  #5859 ) ;
#146 = PRESENTATION_LAYER_ASSIGNMENT (  '', '', ( #2421 ) ) ;
#147 = EDGE_CURVE ( 'NONE', #3689, #327, #6822, .T. ) ;
#148 = VECTOR ( 'NONE', #4698, 1000.000000000000000 ) ;
#149 =( LENGTH_UNIT ( ) NAMED_UNIT ( * ) SI_UNIT ( .MILLI., .METRE. ) );
#150 = EDGE_LOOP ( 'NONE', ( #2760, #1881, #6872, #100 ) ) ;
#151 =( NAMED_UNIT ( * ) SI_UNIT ( $, .STERADIAN. ) SOLID_ANGLE_UNIT ( ) );
#152 = B_SPLINE_CURVE_WITH_KNOTS ( 'NONE', 3,
 ( #3640, #1536, #6456, #57, #587, #1044, #7, #1679, #607, #5338, #2135 ),
 .UNSPECIFIED., .F., .F.,
 ( 4, 1, 1, 1, 1, 1, 1, 1, 4 ),
 ( 0.000000000000000000, 0.1352946047634294158, 0.2667656579247479898, 0.3948160188358709188, 0.5200516544342468350, 0.6421757029708224929, 0.7626518205584242871, 0.8818340043805048545, 1.000000000000000000 ),
 .UNSPECIFIED. ) ;
#153 = CARTESIAN_POINT ( 'NONE',  ( 1.100000000000000311, 0.000000000000000000, 0.000000000000000000 ) ) ;
#154 = DIRECTION ( 'NONE',  ( 1.000000000000000000, 0.000000000000000000, 0.000000000000000000 ) ) ;
#155 = LINE ( 'NONE', #2636, #717 ) ;
#156 =( NAMED_UNIT ( * ) SI_UNIT ( $, .STERADIAN. ) SOLID_ANGLE_UNIT ( ) );
#157 = CARTESIAN_POINT ( 'NONE',  ( 1.028910220091404648, 1.327729348763711181, 0.000000000000000000 ) ) ;
#158 = ORIENTED_EDGE ( 'NONE', *, *, #2659, .T. ) ;
#159 = SURFACE_STYLE_USAGE ( .BOTH. , #3925 ) ;
#160 = AXIS2_PLACEMENT_3D ( 'NONE', #3080, #4727, #1456 ) ;
#161 = EDGE_CURVE ( 'NONE', #2296, #413, #2661, .T. ) ;
#162 =( NAMED_UNIT ( * ) PLANE_ANGLE_UNIT ( ) SI_UNIT ( $, .RADIAN. ) );
#163 = PRESENTATION_STYLE_ASSIGNMENT (( #5774 ) ) ;
#164 =( NAMED_UNIT ( * ) PLANE_ANGLE_UNIT ( ) SI_UNIT ( $, .RADIAN. ) );
#165 = VERTEX_POINT ( 'NONE', #4444 ) ;
#166 = CARTESIAN_POINT ( 'NONE',  ( 0.9144161442442524379, 1.237690452985548806, 0.001000000000000000021 ) ) ;
#167 = COLOUR_RGB ( '',1.000000000000000000, 1.000000000000000000, 0.000000000000000000 ) ;
#168 = EDGE_LOOP ( 'NONE', ( #5166, #5957, #3098, #3607 ) ) ;
#169 = CARTESIAN_POINT ( 'NONE',  ( -1.099999999999999867, -1.125000000000000222, -0.05000000000000000278 ) ) ;
#170 = PLANE ( 'NONE',  #2791 ) ;
#171 =( NAMED_UNIT ( * ) PLANE_ANGLE_UNIT ( ) SI_UNIT ( $, .RADIAN. ) );
#172 = ORIENTED_EDGE ( 'NONE', *, *, #939, .T. ) ;
#173 = EDGE_LOOP ( 'NONE', ( #4575, #6133, #760, #6414 ) ) ;
#174 = SURFACE_STYLE_USAGE ( .BOTH. , #6579 ) ;
#175 =( NAMED_UNIT ( * ) SI_UNIT ( $, .STERADIAN. ) SOLID_ANGLE_UNIT ( ) );
#176 = SURFACE_SIDE_STYLE ('',( #4831 ) ) ;
#177 = FILL_AREA_STYLE_COLOUR ( '', #5724 ) ;
#178 = STYLED_ITEM ( 'NONE', ( #5997 ), #2355 ) ;
#179 = ORIENTED_EDGE ( 'NONE', *, *, #5538, .F. ) ;
#180 = CARTESIAN_POINT ( 'NONE',  ( 1.099999999999998535, -0.8750000000000001110, 0.000000000000000000 ) ) ;
#181 = CARTESIAN_POINT ( 'NONE',  ( 0.000000000000000000, 0.8749999999999998890, 0.000000000000000000 ) ) ;
#182 = VECTOR ( 'NONE', #79, 1000.000000000000000 ) ;
#183 =( NAMED_UNIT ( * ) PLANE_ANGLE_UNIT ( ) SI_UNIT ( $, .RADIAN. ) );
#184 = LINE ( 'NONE', #2594, #6350 ) ;
#185 = EDGE_LOOP ( 'NONE', ( #2942, #2282, #5784, #6075 ) ) ;
#186 = MECHANICAL_DESIGN_GEOMETRIC_PRESENTATION_REPRESENTATION (  '', ( #1026 ), #545 ) ;
#187 = EDGE_CURVE ( 'NONE', #5188, #4737, #6563, .T. ) ;
#188 = ADVANCED_FACE ( 'NONE', ( #5220 ), #785, .T. ) ;
#189 = CARTESIAN_POINT ( 'NONE',  ( 0.9249086957011607435, 1.259436665836882074, 0.000000000000000000 ) ) ;
#190 = CARTESIAN_POINT ( 'NONE',  ( 1.331349244481648597, 1.259436665836882074, 0.001000000000000000021 ) ) ;
#191 = ORIENTED_EDGE ( 'NONE', *, *, #5860, .T. ) ;
#192 = DIRECTION ( 'NONE',  ( -0.000000000000000000, -0.000000000000000000, 1.000000000000000000 ) ) ;
#193 =( NAMED_UNIT ( * ) PLANE_ANGLE_UNIT ( ) SI_UNIT ( $, .RADIAN. ) );
#194 = SURFACE_STYLE_USAGE ( .BOTH. , #5471 ) ;
#195 = UNCERTAINTY_MEASURE_WITH_UNIT (LENGTH_MEASURE( 1.000000000000000082E-05 ), #6817, 'distance_accuracy_value', 'NONE');
#196 = CARTESIAN_POINT ( 'NONE',  ( -1.099999999999999867, -1.125000000000000222, 0.2000000000000000111 ) ) ;
#197 =( NAMED_UNIT ( * ) SI_UNIT ( $, .STERADIAN. ) SOLID_ANGLE_UNIT ( ) );
#198 = PRESENTATION_LAYER_ASSIGNMENT (  '', '', ( #6439 ) ) ;
#199 = EDGE_CURVE ( 'NONE', #6713, #533, #1704, .T. ) ;
#200 = VECTOR ( 'NONE', #5790, 1000.000000000000000 ) ;
#201 =( NAMED_UNIT ( * ) SI_UNIT ( $, .STERADIAN. ) SOLID_ANGLE_UNIT ( ) );
#202 = UNCERTAINTY_MEASURE_WITH_UNIT (LENGTH_MEASURE( 1.000000000000000082E-05 ), #3020, 'distance_accuracy_value', 'NONE');
#203 = EDGE_LOOP ( 'NONE', ( #823, #3047, #2526, #2146 ) ) ;
#204 = CARTESIAN_POINT ( 'NONE',  ( 0.8565694538754015097, 1.258846948118119702, 0.000000000000000000 ) ) ;
#205 = ADVANCED_FACE ( 'NONE', ( #1807 ), #224, .T. ) ;
#206 = CARTESIAN_POINT ( 'NONE',  ( 1.165495585945063306, 1.405168373153955041, 0.001000000000000000021 ) ) ;
#207 = FACE_OUTER_BOUND ( 'NONE', #3660, .T. ) ;
#208 = CARTESIAN_POINT ( 'NONE',  ( 0.8192348959709579992, 1.336223173325855829, 0.001000000000000000021 ) ) ;
#209 = SURFACE_STYLE_FILL_AREA ( #1003 ) ;
#210 = PLANE ( 'NONE',  #1374 ) ;
#211 = COLOUR_RGB ( '',1.000000000000000000, 1.000000000000000000, 0.000000000000000000 ) ;
#212 = ORIENTED_EDGE ( 'NONE', *, *, #4319, .T. ) ;
#213 = PRESENTATION_LAYER_ASSIGNMENT (  '', '', ( #6052 ) ) ;
#214 = EDGE_CURVE ( 'NONE', #6441, #994, #2309, .T. ) ;
#215 = CARTESIAN_POINT ( 'NONE',  ( 1.210235762600786913, 1.439907801827808642, 0.000000000000000000 ) ) ;
#216 = PRESENTATION_STYLE_ASSIGNMENT (( #2617 ) ) ;
#217 = PRESENTATION_LAYER_ASSIGNMENT (  '', '', ( #2861 ) ) ;
#218 = CARTESIAN_POINT ( 'NONE',  ( 0.7149351670263043301, 1.408720823696960833, 0.000000000000000000 ) ) ;
#219 = CARTESIAN_POINT ( 'NONE',  ( 0.7126373542377459902, 1.399070812178345280, 0.001000000000000000021 ) ) ;
#220 = VECTOR ( 'NONE', #4947, 1000.000000000000000 ) ;
#221 =( LENGTH_UNIT ( ) NAMED_UNIT ( * ) SI_UNIT ( .MILLI., .METRE. ) );
#222 = EDGE_LOOP ( 'NONE', ( #3375, #76, #3447, #4247 ) ) ;
#223 = STYLED_ITEM ( 'NONE', ( #1107 ), #1317 ) ;
#224 = PLANE ( 'NONE',  #3931 ) ;
#225 = FILL_AREA_STYLE ('',( #1891 ) ) ;
#226 = COLOUR_RGB ( '',1.000000000000000000, 1.000000000000000000, 1.000000000000000000 ) ;
#227 =( LENGTH_UNIT ( ) NAMED_UNIT ( * ) SI_UNIT ( .MILLI., .METRE. ) );
#228 = VECTOR ( 'NONE', #3480, 1000.000000000000000 ) ;
#229 = SURFACE_SIDE_STYLE ('',( #2590 ) ) ;
#230 = DIRECTION ( 'NONE',  ( -1.000000000000000000, 0.000000000000000000, 0.000000000000000000 ) ) ;
#231 = VECTOR ( 'NONE', #2343, 1000.000000000000000 ) ;
#232 =( NAMED_UNIT ( * ) SI_UNIT ( $, .STERADIAN. ) SOLID_ANGLE_UNIT ( ) );
#233 = COLOUR_RGB ( '',0.2509803921568627416, 0.2509803921568627416, 0.2509803921568627416 ) ;
#234 =( GEOMETRIC_REPRESENTATION_CONTEXT ( 3 ) GLOBAL_UNCERTAINTY_ASSIGNED_CONTEXT ( ( #3402 ) ) GLOBAL_UNIT_ASSIGNED_CONTEXT ( ( #4597, #1355, #2478 ) ) REPRESENTATION_CONTEXT ( 'NONE', 'WORKASPACE' ) );
#235 = ORIENTED_EDGE ( 'NONE', *, *, #6906, .T. ) ;
#236 = STYLED_ITEM ( 'NONE', ( #975 ), #2403 ) ;
#237 = EDGE_CURVE ( 'NONE', #5080, #3594, #6391, .T. ) ;
#238 = DIRECTION ( 'NONE',  ( 1.000000000000000000, -0.000000000000000000, -0.000000000000000000 ) ) ;
#239 = CARTESIAN_POINT ( 'NONE',  ( 1.186638475343731125, 1.437991113870897397, 0.001000000000000000021 ) ) ;
#240 = LINE ( 'NONE', #5041, #1141 ) ;
#241 = ADVANCED_FACE ( 'NONE', ( #4983 ), #6655, .T. ) ;
#242 = SURFACE_STYLE_USAGE ( .BOTH. , #4505 ) ;
#243 = PRESENTATION_LAYER_ASSIGNMENT (  '', '', ( #6080 ) ) ;
#244 = EDGE_CURVE ( 'NONE', #1858, #2514, #2736, .T. ) ;
#245 = SURFACE_STYLE_USAGE ( .BOTH. , #2865 ) ;
#246 = CARTESIAN_POINT ( 'NONE',  ( -1.734723475976806700E-15, -1.000000000000000000, -0.05000000000000000278 ) ) ;
#247 = LINE ( 'NONE', #2207, #398 ) ;
#248 = DIRECTION ( 'NONE',  ( 1.000000000000000000, 0.000000000000000000, 0.000000000000000000 ) ) ;
#249 = ORIENTED_EDGE ( 'NONE', *, *, #6218, .T. ) ;
#250 =( NAMED_UNIT ( * ) PLANE_ANGLE_UNIT ( ) SI_UNIT ( $, .RADIAN. ) );
#251 = FILL_AREA_STYLE_COLOUR ( '', #551 ) ;
#252 = PLANE ( 'NONE',  #4606 ) ;
#253 = ORIENTED_EDGE ( 'NONE', *, *, #161, .T. ) ;
#254 = EDGE_CURVE ( 'NONE', #3852, #4689, #5631, .T. ) ;
#255 = LINE ( 'NONE', #4313, #5748 ) ;
#256 = CARTESIAN_POINT ( 'NONE',  ( -1.500000000000000222, 1.125000000000000000, 0.000000000000000000 ) ) ;
#257 = ORIENTED_EDGE ( 'NONE', *, *, #5284, .T. ) ;
#258 = ORIENTED_EDGE ( 'NONE', *, *, #4563, .F. ) ;
#259 = ORIENTED_EDGE ( 'NONE', *, *, #6716, .T. ) ;
#260 = FACE_BOUND ( 'NONE', #4666, .T. ) ;
#261 = VERTEX_POINT ( 'NONE', #6202 ) ;
#262 = STYLED_ITEM ( 'NONE', ( #4948 ), #1278 ) ;
#263 =( NAMED_UNIT ( * ) SI_UNIT ( $, .STERADIAN. ) SOLID_ANGLE_UNIT ( ) );
#264 = ORIENTED_EDGE ( 'NONE', *, *, #3272, .T. ) ;
#265 = CARTESIAN_POINT ( 'NONE',  ( 1.303206226869500828, 1.386266350225809463, 0.001000000000000000021 ) ) ;
#266 = CARTESIAN_POINT ( 'NONE',  ( 0.8789385826073159436, 1.404907881513281387, 0.001000000000000000021 ) ) ;
#267 =( NAMED_UNIT ( * ) PLANE_ANGLE_UNIT ( ) SI_UNIT ( $, .RADIAN. ) );
#268 = ORIENTED_EDGE ( 'NONE', *, *, #4479, .F. ) ;
#269 =( NAMED_UNIT ( * ) SI_UNIT ( $, .STERADIAN. ) SOLID_ANGLE_UNIT ( ) );
#270 = VERTEX_POINT ( 'NONE', #3527 ) ;
#271 = CARTESIAN_POINT ( 'NONE',  ( 0.9257471103353070996, 1.237485446324686711, 0.000000000000000000 ) ) ;
#272 = ADVANCED_FACE ( 'NONE', ( #2476 ), #5886, .F. ) ;
#273 = DIRECTION ( 'NONE',  ( -1.000000000000000000, 0.000000000000000000, -0.000000000000000000 ) ) ;
#274 =( GEOMETRIC_REPRESENTATION_CONTEXT ( 3 ) GLOBAL_UNCERTAINTY_ASSIGNED_CONTEXT ( ( #4432 ) ) GLOBAL_UNIT_ASSIGNED_CONTEXT ( ( #354, #1956, #4136 ) ) REPRESENTATION_CONTEXT ( 'NONE', 'WORKASPACE' ) );
#275 = LINE ( 'NONE', #2148, #2874 ) ;
#276 = EDGE_LOOP ( 'NONE', ( #2261, #1823 ) ) ;
#277 = ORIENTED_EDGE ( 'NONE', *, *, #3209, .F. ) ;
#278 = DIRECTION ( 'NONE',  ( 0.000000000000000000, -1.000000000000000000, -0.000000000000000000 ) ) ;
#279 = PRESENTATION_STYLE_ASSIGNMENT (( #4462 ) ) ;
#280 = AXIS2_PLACEMENT_3D ( 'NONE', #2307, #106, #2220 ) ;
#281 = PRESENTATION_LAYER_ASSIGNMENT (  '', '', ( #1346 ) ) ;
#282 = EDGE_CURVE ( 'NONE', #5011, #3293, #2985, .T. ) ;
#283 = ORIENTED_EDGE ( 'NONE', *, *, #4659, .T. ) ;
#284 = UNCERTAINTY_MEASURE_WITH_UNIT (LENGTH_MEASURE( 1.000000000000000082E-05 ), #4160, 'distance_accuracy_value', 'NONE');
#285 = FILL_AREA_STYLE ('',( #3866 ) ) ;
#286 = SURFACE_STYLE_FILL_AREA ( #5879 ) ;
#287 = CARTESIAN_POINT ( 'NONE',  ( -1.100000000000000533, 0.8749999999999998890, 0.2000000000000000111 ) ) ;
#288 = COLOUR_RGB ( '',1.000000000000000000, 1.000000000000000000, 0.000000000000000000 ) ;
#289 =( NAMED_UNIT ( * ) SI_UNIT ( $, .STERADIAN. ) SOLID_ANGLE_UNIT ( ) );
#290 = CARTESIAN_POINT ( 'NONE',  ( 1.499999999999999778, 1.500000000000000000, 0.000000000000000000 ) ) ;
#291 = ORIENTED_EDGE ( 'NONE', *, *, #2708, .F. ) ;
#292 = CARTESIAN_POINT ( 'NONE',  ( 1.165495585945063306, 1.269802519495418558, 0.000000000000000000 ) ) ;
#293 = DIRECTION ( 'NONE',  ( -0.000000000000000000, 0.000000000000000000, 1.000000000000000000 ) ) ;
#294 = PRESENTATION_LAYER_ASSIGNMENT (  '', '', ( #4487 ) ) ;
#295 = EDGE_CURVE ( 'NONE', #5012, #3974, #3323, .T. ) ;
#296 = SURFACE_STYLE_USAGE ( .BOTH. , #2959 ) ;
#297 = VECTOR ( 'NONE', #3157, 1000.000000000000000 ) ;
#298 = DIRECTION ( 'NONE',  ( -0.000000000000000000, -0.000000000000000000, -1.000000000000000000 ) ) ;
#299 = PRESENTATION_LAYER_ASSIGNMENT (  '', '', ( #3171 ) ) ;
#300 = DIRECTION ( 'NONE',  ( 0.000000000000000000, 0.000000000000000000, -1.000000000000000000 ) ) ;
#301 = ADVANCED_FACE ( 'NONE', ( #5713 ), #5082, .T. ) ;
#302 = VECTOR ( 'NONE', #2532, 1000.000000000000000 ) ;
#303 = CARTESIAN_POINT ( 'NONE',  ( 1.024032171310916839, 1.437485446324686889, 0.000000000000000000 ) ) ;
#304 = VECTOR ( 'NONE', #8, 1000.000000000000000 ) ;
#305 =( NAMED_UNIT ( * ) PLANE_ANGLE_UNIT ( ) SI_UNIT ( $, .RADIAN. ) );
#306 =( LENGTH_UNIT ( ) NAMED_UNIT ( * ) SI_UNIT ( .MILLI., .METRE. ) );
#307 = CARTESIAN_POINT ( 'NONE',  ( 1.216173370119493891, 1.439840425712240135, 0.000000000000000000 ) ) ;
#308 = FILL_AREA_STYLE_COLOUR ( '', #5806 ) ;
#309 = FACE_OUTER_BOUND ( 'NONE', #3773, .T. ) ;
#310 = CARTESIAN_POINT ( 'NONE',  ( 1.257517436827845669, 1.268791864647075718, 0.000000000000000000 ) ) ;
#311 =( GEOMETRIC_REPRESENTATION_CONTEXT ( 3 ) GLOBAL_UNCERTAINTY_ASSIGNED_CONTEXT ( ( #1342 ) ) GLOBAL_UNIT_ASSIGNED_CONTEXT ( ( #4329, #6461, #3289 ) ) REPRESENTATION_CONTEXT ( 'NONE', 'WORKASPACE' ) );
#312 = LINE ( 'NONE', #4187, #4238 ) ;
#313 = DIRECTION ( 'NONE',  ( 0.000000000000000000, 0.000000000000000000, -1.000000000000000000 ) ) ;
#314 = FILL_AREA_STYLE_COLOUR ( '', #226 ) ;
#315 = ORIENTED_EDGE ( 'NONE', *, *, #5101, .T. ) ;
#316 = CARTESIAN_POINT ( 'NONE',  ( 1.220526073749941265, 1.235046421934443028, 0.001000000000000000021 ) ) ;
#317 = VERTEX_POINT ( 'NONE', #5892 ) ;
#318 = PRESENTATION_LAYER_ASSIGNMENT (  '', '', ( #2239 ) ) ;
#319 = EDGE_CURVE ( 'NONE', #5490, #4841, #1298, .T. ) ;
#320 = DIRECTION ( 'NONE',  ( 0.000000000000000000, -0.000000000000000000, 1.000000000000000000 ) ) ;
#321 = ORIENTED_EDGE ( 'NONE', *, *, #939, .F. ) ;
#322 =( NAMED_UNIT ( * ) SI_UNIT ( $, .STERADIAN. ) SOLID_ANGLE_UNIT ( ) );
#323 = VECTOR ( 'NONE', #4141, 1000.000000000000000 ) ;
#324 = UNCERTAINTY_MEASURE_WITH_UNIT (LENGTH_MEASURE( 1.000000000000000082E-05 ), #891, 'distance_accuracy_value', 'NONE');
#325 = LINE ( 'NONE', #1684, #3746 ) ;
#326 = VECTOR ( 'NONE', #5798, 1000.000000000000114 ) ;
#327 = VERTEX_POINT ( 'NONE', #2723 ) ;
#328 =( NAMED_UNIT ( * ) PLANE_ANGLE_UNIT ( ) SI_UNIT ( $, .RADIAN. ) );
#329 = STYLED_ITEM ( 'NONE', ( #5937 ), #4637 ) ;
#330 = EDGE_CURVE ( 'NONE', #2990, #6152, #1217, .T. ) ;
#331 = CARTESIAN_POINT ( 'NONE',  ( 1.220526073749941265, 1.235046421934443028, 0.001000000000000000021 ) ) ;
#332 = CARTESIAN_POINT ( 'NONE',  ( -1.510000000000000231, 0.6249999999999998890, -0.05000000000000000278 ) ) ;
#333 = SURFACE_STYLE_USAGE ( .BOTH. , #4092 ) ;
#334 = FACE_BOUND ( 'NONE', #5262, .T. ) ;
#335 = VERTEX_POINT ( 'NONE', #1623 ) ;
#336 = DIRECTION ( 'NONE',  ( 0.000000000000000000, 0.000000000000000000, -1.000000000000000000 ) ) ;
#337 = DIRECTION ( 'NONE',  ( 0.000000000000000000, 0.000000000000000000, -1.000000000000000000 ) ) ;
#338 = DIRECTION ( 'NONE',  ( -0.000000000000000000, -0.000000000000000000, -1.000000000000000000 ) ) ;
#339 = ADVANCED_FACE ( 'NONE', ( #6382 ), #1546, .T. ) ;
#340 = SURFACE_STYLE_FILL_AREA ( #3338 ) ;
#341 = CARTESIAN_POINT ( 'NONE',  ( 1.212332476188965558, 1.417973251202735652, 0.000000000000000000 ) ) ;
#342 = EDGE_CURVE ( 'NONE', #6774, #1296, #626, .T. ) ;
#343 = VERTEX_POINT ( 'NONE', #1143 ) ;
#344 = ORIENTED_EDGE ( 'NONE', *, *, #2792, .T. ) ;
#345 = CARTESIAN_POINT ( 'NONE',  ( 0.9238035127743313701, 1.415534226812491747, 0.000000000000000000 ) ) ;
#346 = PLANE ( 'NONE',  #986 ) ;
#347 = LINE ( 'NONE', #2726, #3276 ) ;
#348 = EDGE_LOOP ( 'NONE', ( #2719, #5884, #3504, #1595, #1913, #5608 ) ) ;
#349 =( NAMED_UNIT ( * ) SI_UNIT ( $, .STERADIAN. ) SOLID_ANGLE_UNIT ( ) );
#350 = SURFACE_SIDE_STYLE ('',( #5789 ) ) ;
#351 =( GEOMETRIC_REPRESENTATION_CONTEXT ( 3 ) GLOBAL_UNCERTAINTY_ASSIGNED_CONTEXT ( ( #5874 ) ) GLOBAL_UNIT_ASSIGNED_CONTEXT ( ( #5457, #2273, #156 ) ) REPRESENTATION_CONTEXT ( 'NONE', 'WORKASPACE' ) );
#352 = ORIENTED_EDGE ( 'NONE', *, *, #282, .T. ) ;
#353 = CARTESIAN_POINT ( 'NONE',  ( 1.284840160191273117, 1.310499204931823591, 0.000000000000000000 ) ) ;
#354 =( LENGTH_UNIT ( ) NAMED_UNIT ( * ) SI_UNIT ( .MILLI., .METRE. ) );
#355 = FILL_AREA_STYLE_COLOUR ( '', #2191 ) ;
#356 = CARTESIAN_POINT ( 'NONE',  ( -7.885106708985486569E-17, 0.5000000000000000000, -0.05000000000000000278 ) ) ;
#357 = CARTESIAN_POINT ( 'NONE',  ( 1.219398762410721204, 1.257063861063414612, 0.001000000000000000021 ) ) ;
#358 = VERTEX_POINT ( 'NONE', #4902 ) ;
#359 = CARTESIAN_POINT ( 'NONE',  ( 1.210222050247081294, 1.417941343083468198, 0.001000000000000000021 ) ) ;
#360 = STYLED_ITEM ( 'NONE', ( #5909 ), #2892 ) ;
#361 = CARTESIAN_POINT ( 'NONE',  ( -1.100000000000000089, -0.3750000000000000555, 0.2000000000000000111 ) ) ;
#362 = ORIENTED_EDGE ( 'NONE', *, *, #6032, .T. ) ;
#363 = CARTESIAN_POINT ( 'NONE',  ( 0.8622976690633388230, 1.391479459645401429, 0.000000000000000000 ) ) ;
#364 =( LENGTH_UNIT ( ) NAMED_UNIT ( * ) SI_UNIT ( .MILLI., .METRE. ) );
#365 = UNCERTAINTY_MEASURE_WITH_UNIT (LENGTH_MEASURE( 1.000000000000000082E-05 ), #1356, 'distance_accuracy_value', 'NONE');
#366 = PRESENTATION_LAYER_ASSIGNMENT (  '', '', ( #5765 ) ) ;
#367 = EDGE_CURVE ( 'NONE', #4163, #944, #1549, .T. ) ;
#368 = ADVANCED_FACE ( 'NONE', ( #6815 ), #2246, .T. ) ;
#369 = DIRECTION ( 'NONE',  ( 0.000000000000000000, 0.000000000000000000, -1.000000000000000000 ) ) ;
#370 = CARTESIAN_POINT ( 'NONE',  ( 0.7177895898165425059, 1.405210836975925304, 0.001000000000000000021 ) ) ;
#371 = CARTESIAN_POINT ( 'NONE',  ( 1.314018496598930108, 1.345218953006705354, 0.000000000000000000 ) ) ;
#372 = LINE ( 'NONE', #3628, #297 ) ;
#373 =( NAMED_UNIT ( * ) SI_UNIT ( $, .STERADIAN. ) SOLID_ANGLE_UNIT ( ) );
#374 =( GEOMETRIC_REPRESENTATION_CONTEXT ( 3 ) GLOBAL_UNCERTAINTY_ASSIGNED_CONTEXT ( ( #2691 ) ) GLOBAL_UNIT_ASSIGNED_CONTEXT ( ( #2058, #2010, #1492 ) ) REPRESENTATION_CONTEXT ( 'NONE', 'WORKASPACE' ) );
#375 = EDGE_CURVE ( 'NONE', #480, #5009, #2139, .T. ) ;
#376 = CARTESIAN_POINT ( 'NONE',  ( 1.276606881596794141, 1.289624129309864697, 0.000000000000000000 ) ) ;
#377 = CARTESIAN_POINT ( 'NONE',  ( 1.099999999999999423, -0.3750000000000000555, -0.05000000000000000278 ) ) ;
#378 = COLOUR_RGB ( '',1.000000000000000000, 1.000000000000000000, 0.000000000000000000 ) ;
#379 = CARTESIAN_POINT ( 'NONE',  ( 1.272609678046165538, 1.283600358982986522, 0.001000000000000000021 ) ) ;
#380 = LINE ( 'NONE', #1362, #1800 ) ;
#381 = DIRECTION ( 'NONE',  ( 0.000000000000000000, -0.000000000000000000, 1.000000000000000000 ) ) ;
#382 = CARTESIAN_POINT ( 'NONE',  ( 0.8208403828167714078, 1.318012091451748580, 0.000000000000000000 ) ) ;
#383 = PLANE ( 'NONE',  #160 ) ;
#384 = EDGE_LOOP ( 'NONE', ( #5175, #5560, #1508, #3097, #4518, #5301 ) ) ;
#385 = B_SPLINE_CURVE_WITH_KNOTS ( 'NONE', 3,
 ( #6328, #1551, #6933, #2104, #536, #4250, #5302, #5825, #4786, #5331, #1058, #2150, #2696, #3755, #1343, #2568, #2044, #1940, #1464 ),
 .UNSPECIFIED., .F., .F.,
 ( 4, 1, 1, 1, 1, 1, 1, 1, 1, 1, 1, 1, 1, 1, 1, 1, 4 ),
 ( 0.000000000000000000, 0.06460397028839146016, 0.1267024139629475132, 0.1867568140356178907, 0.2455056873654368754, 0.3036520244499755772, 0.3615030739706249219, 0.4202402229284676327, 0.4800333407766951832, 0.5406781347755166278, 0.6011918063807818458, 0.6623335024774419377, 0.7247395102972320480, 0.7894677361728869025, 0.8565048600438299742, 0.9263120958391908299, 1.000000000000000000 ),
 .UNSPECIFIED. ) ;
#386 = FACE_OUTER_BOUND ( 'NONE', #3193, .T. ) ;
#387 = COLOUR_RGB ( '',1.000000000000000000, 1.000000000000000000, 1.000000000000000000 ) ;
#388 = CARTESIAN_POINT ( 'NONE',  ( 1.406959000579209640, 1.437485446324686889, 0.001000000000000000021 ) ) ;
#389 = EDGE_CURVE ( 'NONE', #1365, #3859, #3635, .T. ) ;
#390 = SURFACE_SIDE_STYLE ('',( #1578 ) ) ;
#391 = FILL_AREA_STYLE ('',( #4643 ) ) ;
#392 = VECTOR ( 'NONE', #65, 1000.000000000000000 ) ;
#393 = STYLED_ITEM ( 'NONE', ( #1059 ), #2372 ) ;
#394 = CARTESIAN_POINT ( 'NONE',  ( 1.176889705908791939, 1.264134464263011237, 0.001000000000000000021 ) ) ;
#395 = CARTESIAN_POINT ( 'NONE',  ( 1.284840160191273117, 1.310499204931823591, 0.000000000000000000 ) ) ;
#396 = COLOUR_RGB ( '',1.000000000000000000, 1.000000000000000000, 0.000000000000000000 ) ;
#397 = CARTESIAN_POINT ( 'NONE',  ( 1.499999999999999778, 1.125000000000000000, 0.8499999999999999778 ) ) ;
#398 = VECTOR ( 'NONE', #1734, 1000.000000000000000 ) ;
#399 = ORIENTED_EDGE ( 'NONE', *, *, #5577, .T. ) ;
#400 = UNCERTAINTY_MEASURE_WITH_UNIT (LENGTH_MEASURE( 1.000000000000000082E-05 ), #5341, 'distance_accuracy_value', 'NONE');
#401 = DIRECTION ( 'NONE',  ( 0.000000000000000000, 0.000000000000000000, -1.000000000000000000 ) ) ;
#402 = AXIS2_PLACEMENT_3D ( 'NONE', #6460, #5292, #4859 ) ;
#403 = ORIENTED_EDGE ( 'NONE', *, *, #6095, .T. ) ;
#404 = FACE_OUTER_BOUND ( 'NONE', #3942, .T. ) ;
#405 = UNCERTAINTY_MEASURE_WITH_UNIT (LENGTH_MEASURE( 1.000000000000000082E-05 ), #3595, 'distance_accuracy_value', 'NONE');
#406 = AXIS2_PLACEMENT_3D ( 'NONE', #3464, #273, #4559 ) ;
#407 = EDGE_CURVE ( 'NONE', #4426, #3293, #5048, .T. ) ;
#408 =( NAMED_UNIT ( * ) PLANE_ANGLE_UNIT ( ) SI_UNIT ( $, .RADIAN. ) );
#409 = CARTESIAN_POINT ( 'NONE',  ( 1.099641927408477882, 1.259436665836882074, 0.000000000000000000 ) ) ;
#410 = ORIENTED_EDGE ( 'NONE', *, *, #5326, .F. ) ;
#411 = FILL_AREA_STYLE_COLOUR ( '', #3089 ) ;
#412 = ORIENTED_EDGE ( 'NONE', *, *, #6819, .T. ) ;
#413 = VERTEX_POINT ( 'NONE', #35 ) ;
#414 = EDGE_CURVE ( 'NONE', #3794, #1755, #1132, .T. ) ;
#415 = CARTESIAN_POINT ( 'NONE',  ( 1.267271118221589887, 1.245438723017967986, 0.000000000000000000 ) ) ;
#416 = LINE ( 'NONE', #2952, #903 ) ;
#417 = CARTESIAN_POINT ( 'NONE',  ( -1.500000000000000222, 1.500000000000000000, 0.000000000000000000 ) ) ;
#418 = ORIENTED_EDGE ( 'NONE', *, *, #6032, .F. ) ;
#419 = CARTESIAN_POINT ( 'NONE',  ( 1.216829427408477660, 1.256997641446638170, 0.001000000000000000021 ) ) ;
#420 = ORIENTED_EDGE ( 'NONE', *, *, #4214, .F. ) ;
#421 =( LENGTH_UNIT ( ) NAMED_UNIT ( * ) SI_UNIT ( .MILLI., .METRE. ) );
#422 = CARTESIAN_POINT ( 'NONE',  ( -1.100000000000000089, -0.3750000000000000555, 0.000000000000000000 ) ) ;
#423 = SURFACE_SIDE_STYLE ('',( #1469 ) ) ;
#424 = PRESENTATION_STYLE_ASSIGNMENT (( #6595 ) ) ;
#425 = AXIS2_PLACEMENT_3D ( 'NONE', #6265, #916, #2521 ) ;
#426 = LINE ( 'NONE', #4967, #5847 ) ;
#427 =( NAMED_UNIT ( * ) PLANE_ANGLE_UNIT ( ) SI_UNIT ( $, .RADIAN. ) );
#428 = ORIENTED_EDGE ( 'NONE', *, *, #6914, .T. ) ;
#429 = DIRECTION ( 'NONE',  ( 1.000000000000000000, -0.000000000000000000, -0.000000000000000000 ) ) ;
#430 = DIRECTION ( 'NONE',  ( -0.000000000000000000, 0.000000000000000000, 1.000000000000000000 ) ) ;
#431 = LINE ( 'NONE', #1304, #6437 ) ;
#432 = PLANE ( 'NONE',  #3702 ) ;
#433 = COLOUR_RGB ( '',1.000000000000000000, 1.000000000000000000, 1.000000000000000000 ) ;
#434 = ORIENTED_EDGE ( 'NONE', *, *, #5245, .T. ) ;
#435 = ADVANCED_FACE ( 'NONE', ( #5626 ), #6365, .F. ) ;
#436 =( NAMED_UNIT ( * ) PLANE_ANGLE_UNIT ( ) SI_UNIT ( $, .RADIAN. ) );
#437 =( GEOMETRIC_REPRESENTATION_CONTEXT ( 3 ) GLOBAL_UNCERTAINTY_ASSIGNED_CONTEXT ( ( #1944 ) ) GLOBAL_UNIT_ASSIGNED_CONTEXT ( ( #4923, #1259, #2333 ) ) REPRESENTATION_CONTEXT ( 'NONE', 'WORKASPACE' ) );
#438 = FACE_OUTER_BOUND ( 'NONE', #4018, .T. ) ;
#439 = DIRECTION ( 'NONE',  ( -1.000000000000000000, 0.000000000000000000, 0.000000000000000000 ) ) ;
#440 = VERTEX_POINT ( 'NONE', #4834 ) ;
#441 = DIRECTION ( 'NONE',  ( -0.000000000000000000, -0.000000000000000000, -1.000000000000000000 ) ) ;
#442 = CARTESIAN_POINT ( 'NONE',  ( 1.219398762410721204, 1.257063861063414612, 0.000000000000000000 ) ) ;
#443 = CARTESIAN_POINT ( 'NONE',  ( 0.8488691470480581591, 1.411138868804953317, 0.000000000000000000 ) ) ;
#444 = CARTESIAN_POINT ( 'NONE',  ( -1.510000000000000453, 1.125000000000000000, 0.2000000000000000111 ) ) ;
#445 = CARTESIAN_POINT ( 'NONE',  ( 1.287282726364587626, 1.326716084885321667, 0.001000000000000000021 ) ) ;
#446 = PRESENTATION_LAYER_ASSIGNMENT (  '', '', ( #5576 ) ) ;
#448 = EDGE_CURVE ( 'NONE', #1168, #3924, #3900, .T. ) ;
#447 = ORIENTED_EDGE ( 'NONE', *, *, #4843, .T. ) ;
#449 = LINE ( 'NONE', #2749, #3544 ) ;
#450 = EDGE_LOOP ( 'NONE', ( #5866, #1078, #3838, #952 ) ) ;
#451 =( NAMED_UNIT ( * ) SI_UNIT ( $, .STERADIAN. ) SOLID_ANGLE_UNIT ( ) );
#452 = CARTESIAN_POINT ( 'NONE',  ( -1.509999999999999787, -1.125000000000000222, 0.2000000000000000111 ) ) ;
#453 = CARTESIAN_POINT ( 'NONE',  ( -1.510000000000000231, -0.1250000000000000555, 0.2000000000000000111 ) ) ;
#454 = DIRECTION ( 'NONE',  ( -0.000000000000000000, -0.000000000000000000, -1.000000000000000000 ) ) ;
#455 = CARTESIAN_POINT ( 'NONE',  ( 1.165495585945063306, 1.405168373153955041, 0.001000000000000000021 ) ) ;
#456 = MECHANICAL_DESIGN_GEOMETRIC_PRESENTATION_REPRESENTATION (  '', ( #6439 ), #5949 ) ;
#457 = EDGE_CURVE ( 'NONE', #2583, #6713, #2843, .T. ) ;
#458 =( LENGTH_UNIT ( ) NAMED_UNIT ( * ) SI_UNIT ( .MILLI., .METRE. ) );
#459 = CARTESIAN_POINT ( 'NONE',  ( -1.100000000000000089, -0.6250000000000001110, -0.05000000000000000278 ) ) ;
#460 = CARTESIAN_POINT ( 'NONE',  ( 1.210222050247081294, 1.417941343083468198, -0.000000000000000000 ) ) ;
#461 = VECTOR ( 'NONE', #3717, 1000.000000000000114 ) ;
#462 = STYLED_ITEM ( 'NONE', ( #5413 ), #5707 ) ;
#463 = EDGE_CURVE ( 'NONE', #1101, #6078, #2563, .T. ) ;
#464 = CARTESIAN_POINT ( 'NONE',  ( 0.6735367444816484639, 1.293583007300296517, 0.000000000000000000 ) ) ;
#465 = COLOUR_RGB ( '',1.000000000000000000, 1.000000000000000000, 1.000000000000000000 ) ;
#466 = CARTESIAN_POINT ( 'NONE',  ( 0.8264038108285844952, 1.380046214683531280, 0.000000000000000000 ) ) ;
#467 = ADVANCED_FACE ( 'NONE', ( #6648 ), #1206, .T. ) ;
#468 = PRESENTATION_STYLE_ASSIGNMENT (( #5659 ) ) ;
#469 =( NAMED_UNIT ( * ) PLANE_ANGLE_UNIT ( ) SI_UNIT ( $, .RADIAN. ) );
#470 = FILL_AREA_STYLE_COLOUR ( '', #613 ) ;
#471 =( NAMED_UNIT ( * ) PLANE_ANGLE_UNIT ( ) SI_UNIT ( $, .RADIAN. ) );
#472 = VECTOR ( 'NONE', #6184, 1000.000000000000000 ) ;
#473 = CARTESIAN_POINT ( 'NONE',  ( 0.8733707479134967810, 1.427329738526557756, 0.001000000000000000021 ) ) ;
#474 = ORIENTED_EDGE ( 'NONE', *, *, #60, .T. ) ;
#475 = STYLED_ITEM ( 'NONE', ( #6890 ), #915 ) ;
#476 = CARTESIAN_POINT ( 'NONE',  ( 1.167271663070614807, 1.406200407752251191, 0.001000000000000000021 ) ) ;
#477 = ORIENTED_EDGE ( 'NONE', *, *, #6384, .T. ) ;
#478 = FACE_OUTER_BOUND ( 'NONE', #348, .T. ) ;
#479 = DIRECTION ( 'NONE',  ( 0.000000000000000000, 0.000000000000000000, -1.000000000000000000 ) ) ;
#480 = VERTEX_POINT ( 'NONE', #3307 ) ;
#481 = CARTESIAN_POINT ( 'NONE',  ( 1.177198771711467584, 1.242153908707746890, 0.000000000000000000 ) ) ;
#482 = PRESENTATION_STYLE_ASSIGNMENT (( #5247 ) ) ;
#483 = VECTOR ( 'NONE', #5719, 1000.000000000000000 ) ;
#484 =( GEOMETRIC_REPRESENTATION_CONTEXT ( 3 ) GLOBAL_UNCERTAINTY_ASSIGNED_CONTEXT ( ( #6696 ) ) GLOBAL_UNIT_ASSIGNED_CONTEXT ( ( #2361, #3396, #197 ) ) REPRESENTATION_CONTEXT ( 'NONE', 'WORKASPACE' ) );
#485 = ORIENTED_EDGE ( 'NONE', *, *, #4005, .T. ) ;
#486 = DIRECTION ( 'NONE',  ( 0.000000000000000000, 1.000000000000000000, 0.000000000000000000 ) ) ;
#487 = UNCERTAINTY_MEASURE_WITH_UNIT (LENGTH_MEASURE( 1.000000000000000082E-05 ), #648, 'distance_accuracy_value', 'NONE');
#488 = CARTESIAN_POINT ( 'NONE',  ( 1.182951136505685286, 1.261899652041536202, 0.001000000000000000021 ) ) ;
#489 = CARTESIAN_POINT ( 'NONE',  ( 0.9238035127743313701, 1.415534226812491747, 0.001000000000000000021 ) ) ;
#490 = CARTESIAN_POINT ( 'NONE',  ( 1.204778259901588156, 1.235774713246243550, 0.000000000000000000 ) ) ;
#491 = LINE ( 'NONE', #1583, #5657 ) ;
#492 = ORIENTED_EDGE ( 'NONE', *, *, #5675, .T. ) ;
#493 = CARTESIAN_POINT ( 'NONE',  ( 1.165495585945063528, 1.247851299983223639, 0.001000000000000000021 ) ) ;
#494 = SURFACE_SIDE_STYLE ('',( #2129 ) ) ;
#495 = ORIENTED_EDGE ( 'NONE', *, *, #14, .T. ) ;
#496 = FILL_AREA_STYLE ('',( #3292 ) ) ;
#497 = AXIS2_PLACEMENT_3D ( 'NONE', #2507, #5178, #3070 ) ;
#498 = EDGE_CURVE ( 'NONE', #3354, #3277, #3719, .T. ) ;
#499 = CARTESIAN_POINT ( 'NONE',  ( 0.6825306469206727789, 1.315534226812491658, 0.001000000000000000021 ) ) ;
#500 = LINE ( 'NONE', #1238, #2000 ) ;
#501 = CARTESIAN_POINT ( 'NONE',  ( 0.8264038108285844952, 1.380046214683531280, 0.001000000000000000021 ) ) ;
#502 = EDGE_LOOP ( 'NONE', ( #2997, #2069, #4272, #6619 ) ) ;
#503 = DIRECTION ( 'NONE',  ( 1.000000000000000000, 0.000000000000000000, 0.000000000000000000 ) ) ;
#504 = VERTEX_POINT ( 'NONE', #169 ) ;
#505 = ORIENTED_EDGE ( 'NONE', *, *, #680, .T. ) ;
#506 = ADVANCED_FACE ( 'NONE', ( #4555 ), #666, .T. ) ;
#507 = CARTESIAN_POINT ( 'NONE',  ( 1.282380835209942616, 1.369370741670292047, 0.001000000000000000021 ) ) ;
#508 = FILL_AREA_STYLE ('',( #6605 ) ) ;
#509 = MECHANICAL_DESIGN_GEOMETRIC_PRESENTATION_REPRESENTATION (  '', ( #70 ), #1617 ) ;
#510 = EDGE_CURVE ( 'NONE', #6351, #6842, #3141, .T. ) ;
#511 = VERTEX_POINT ( 'NONE', #685 ) ;
#512 = DIRECTION ( 'NONE',  ( -1.000000000000000000, 0.000000000000000000, 0.000000000000000000 ) ) ;
#513 = VERTEX_POINT ( 'NONE', #5448 ) ;
#514 = SURFACE_STYLE_FILL_AREA ( #2807 ) ;
#515 = CARTESIAN_POINT ( 'NONE',  ( 1.024032171310916839, 1.415534226812491747, 0.000000000000000000 ) ) ;
#516 = ORIENTED_EDGE ( 'NONE', *, *, #1606, .T. ) ;
#517 = CARTESIAN_POINT ( 'NONE',  ( -1.500000000000000222, 0.8749999999999998890, 0.000000000000000000 ) ) ;
#518 =( LENGTH_UNIT ( ) NAMED_UNIT ( * ) SI_UNIT ( .MILLI., .METRE. ) );
#519 = CARTESIAN_POINT ( 'NONE',  ( -1.509999999999999787, -0.8750000000000001110, 0.2000000000000000111 ) ) ;
#520 = CARTESIAN_POINT ( 'NONE',  ( 1.243537954925542532, 1.435991184460772674, 0.000000000000000000 ) ) ;
#521 =( GEOMETRIC_REPRESENTATION_CONTEXT ( 3 ) GLOBAL_UNCERTAINTY_ASSIGNED_CONTEXT ( ( #405 ) ) GLOBAL_UNIT_ASSIGNED_CONTEXT ( ( #3595, #1962, #836 ) ) REPRESENTATION_CONTEXT ( 'NONE', 'WORKASPACE' ) );
#522 = CARTESIAN_POINT ( 'NONE',  ( 0.6533004639938435609, 1.237485446324686711, 0.001000000000000000021 ) ) ;
#523 = PLANE ( 'NONE',  #6396 ) ;
#524 = COLOUR_RGB ( '',0.5019607843137254832, 0.2509803921568627416, 0.2509803921568627416 ) ;
#525 = VERTEX_POINT ( 'NONE', #3325 ) ;
#526 = CARTESIAN_POINT ( 'NONE',  ( 0.8191541225304289631, 1.340000690227125979, 0.000000000000000000 ) ) ;
#527 = ORIENTED_EDGE ( 'NONE', *, *, #1487, .F. ) ;
#528 = CARTESIAN_POINT ( 'NONE',  ( 0.8193900607680996151, 1.350715090392519802, 0.001000000000000000021 ) ) ;
#529 = VECTOR ( 'NONE', #401, 1000.000000000000000 ) ;
#530 = LINE ( 'NONE', #5008, #851 ) ;
#531 = CARTESIAN_POINT ( 'NONE',  ( 0.8729391837169242496, 1.400991527482991161, 0.000000000000000000 ) ) ;
#532 =( GEOMETRIC_REPRESENTATION_CONTEXT ( 3 ) GLOBAL_UNCERTAINTY_ASSIGNED_CONTEXT ( ( #2593 ) ) GLOBAL_UNIT_ASSIGNED_CONTEXT ( ( #5315, #6387, #2681 ) ) REPRESENTATION_CONTEXT ( 'NONE', 'WORKASPACE' ) );
#533 = VERTEX_POINT ( 'NONE', #6034 ) ;
#534 =( NAMED_UNIT ( * ) SI_UNIT ( $, .STERADIAN. ) SOLID_ANGLE_UNIT ( ) );
#535 = STYLED_ITEM ( 'NONE', ( #1158 ), #2048 ) ;
#536 = CARTESIAN_POINT ( 'NONE',  ( 1.235526770890558623, 1.415000155536823678, 0.000000000000000000 ) ) ;
#537 = COLOUR_RGB ( '',1.000000000000000000, 1.000000000000000000, 0.000000000000000000 ) ;
#538 = UNCERTAINTY_MEASURE_WITH_UNIT (LENGTH_MEASURE( 1.000000000000000082E-05 ), #5882, 'distance_accuracy_value', 'NONE');
#539 = PRESENTATION_STYLE_ASSIGNMENT (( #5690 ) ) ;
#540 = CARTESIAN_POINT ( 'NONE',  ( 1.190293880791923442, 1.238162037073414101, 0.001000000000000000021 ) ) ;
#541 =( GEOMETRIC_REPRESENTATION_CONTEXT ( 3 ) GLOBAL_UNCERTAINTY_ASSIGNED_CONTEXT ( ( #119 ) ) GLOBAL_UNIT_ASSIGNED_CONTEXT ( ( #2888, #4485, #6611 ) ) REPRESENTATION_CONTEXT ( 'NONE', 'WORKASPACE' ) );
#542 = CARTESIAN_POINT ( 'NONE',  ( 0.7157242444816485083, 1.413095202422247842, 0.001000000000000000021 ) ) ;
#543 = FACE_OUTER_BOUND ( 'NONE', #4433, .T. ) ;
#544 = CARTESIAN_POINT ( 'NONE',  ( 1.177198771711467584, 1.242153908707746890, 0.001000000000000000021 ) ) ;
#545 =( GEOMETRIC_REPRESENTATION_CONTEXT ( 3 ) GLOBAL_UNCERTAINTY_ASSIGNED_CONTEXT ( ( #1213 ) ) GLOBAL_UNIT_ASSIGNED_CONTEXT ( ( #839, #5111, #881 ) ) REPRESENTATION_CONTEXT ( 'NONE', 'WORKASPACE' ) );
#546 = EDGE_CURVE ( 'NONE', #5574, #2337, #2969, .T. ) ;
#547 = DIRECTION ( 'NONE',  ( -0.000000000000000000, -0.000000000000000000, -1.000000000000000000 ) ) ;
#548 = CARTESIAN_POINT ( 'NONE',  ( 1.314091239166307323, 1.322995928000269883, 0.000000000000000000 ) ) ;
#549 =( LENGTH_UNIT ( ) NAMED_UNIT ( * ) SI_UNIT ( .MILLI., .METRE. ) );
#550 = SURFACE_SIDE_STYLE ('',( #5307 ) ) ;
#551 = COLOUR_RGB ( '',1.000000000000000000, 1.000000000000000000, 0.000000000000000000 ) ;
#552 = CARTESIAN_POINT ( 'NONE',  ( 0.9236891835060386802, 1.437485446324686889, 0.001000000000000000021 ) ) ;
#553 = EDGE_LOOP ( 'NONE', ( #4848, #1668, #875, #4405 ) ) ;
#554 = SURFACE_STYLE_USAGE ( .BOTH. , #5864 ) ;
#555 = EDGE_CURVE ( 'NONE', #5164, #504, #1534, .T. ) ;
#556 = SURFACE_STYLE_FILL_AREA ( #4880 ) ;
#557 = DIRECTION ( 'NONE',  ( 0.000000000000000000, 0.000000000000000000, -1.000000000000000000 ) ) ;
#558 = ORIENTED_EDGE ( 'NONE', *, *, #4062, .T. ) ;
#559 = FILL_AREA_STYLE ('',( #3756 ) ) ;
#560 = MECHANICAL_DESIGN_GEOMETRIC_PRESENTATION_REPRESENTATION (  '', ( #6052 ), #905 ) ;
#561 = EDGE_CURVE ( 'NONE', #2668, #653, #1878, .T. ) ;
#562 = DIRECTION ( 'NONE',  ( -0.000000000000000000, -0.000000000000000000, -1.000000000000000000 ) ) ;
#563 = LINE ( 'NONE', #6404, #6066 ) ;
#564 = DIRECTION ( 'NONE',  ( -0.000000000000000000, -0.000000000000000000, -1.000000000000000000 ) ) ;
#565 = CARTESIAN_POINT ( 'NONE',  ( 1.197353978054519263, 1.236738753923597223, 0.000000000000000000 ) ) ;
#566 = SURFACE_STYLE_USAGE ( .BOTH. , #3233 ) ;
#567 = CARTESIAN_POINT ( 'NONE',  ( 1.220526073749941265, 1.235046421934443028, 0.000000000000000000 ) ) ;
#568 = FILL_AREA_STYLE ('',( #5788 ) ) ;
#569 = LINE ( 'NONE', #3159, #4993 ) ;
#570 =( GEOMETRIC_REPRESENTATION_CONTEXT ( 3 ) GLOBAL_UNCERTAINTY_ASSIGNED_CONTEXT ( ( #4132 ) ) GLOBAL_UNIT_ASSIGNED_CONTEXT ( ( #11, #3767, #6900 ) ) REPRESENTATION_CONTEXT ( 'NONE', 'WORKASPACE' ) );
#571 = DIRECTION ( 'NONE',  ( 0.000000000000000000, 0.000000000000000000, -1.000000000000000000 ) ) ;
#572 = EDGE_LOOP ( 'NONE', ( #3017, #3581, #1322, #6256 ) ) ;
#573 = CARTESIAN_POINT ( 'NONE',  ( 0.8459833908231119137, 1.339429043885662418, 0.001000000000000000021 ) ) ;
#574 = CARTESIAN_POINT ( 'NONE',  ( -1.509999999999999787, -0.8750000000000001110, -0.05000000000000000278 ) ) ;
#575 = VERTEX_POINT ( 'NONE', #5491 ) ;
#576 = UNCERTAINTY_MEASURE_WITH_UNIT (LENGTH_MEASURE( 1.000000000000000082E-05 ), #4139, 'distance_accuracy_value', 'NONE');
#577 = DIRECTION ( 'NONE',  ( -1.000000000000000000, -1.445602896647339163E-16, 0.000000000000000000 ) ) ;
#578 = ADVANCED_FACE ( 'NONE', ( #2556 ), #2812, .F. ) ;
#579 = PRESENTATION_STYLE_ASSIGNMENT (( #2733 ) ) ;
#580 = MECHANICAL_DESIGN_GEOMETRIC_PRESENTATION_REPRESENTATION (  '', ( #236 ), #2648 ) ;
#581 = EDGE_CURVE ( 'NONE', #3443, #3181, #1291, .T. ) ;
#582 = VECTOR ( 'NONE', #1658, 1000.000000000000000 ) ;
#583 = DIRECTION ( 'NONE',  ( -0.000000000000000000, 0.000000000000000000, -1.000000000000000000 ) ) ;
#584 = ORIENTED_EDGE ( 'NONE', *, *, #6175, .F. ) ;
#585 = ORIENTED_EDGE ( 'NONE', *, *, #5446, .T. ) ;
#586 = CARTESIAN_POINT ( 'NONE',  ( 0.000000000000000000, 0.000000000000000000, 0.000000000000000000 ) ) ;
#587 = CARTESIAN_POINT ( 'NONE',  ( 1.195828005471942346, 1.258699108527147725, 0.000000000000000000 ) ) ;
#588 = CARTESIAN_POINT ( 'NONE',  ( 0.7561586957011606769, 1.293583007300296517, 0.001000000000000000021 ) ) ;
#589 = LINE ( 'NONE', #5793, #1081 ) ;
#590 = CARTESIAN_POINT ( 'NONE',  ( 1.312663473461766150, 1.356354344682132229, 0.000000000000000000 ) ) ;
#591 = CARTESIAN_POINT ( 'NONE',  ( 0.8782544088327990384, 1.271148908750263207, 0.001000000000000000021 ) ) ;
#592 = CARTESIAN_POINT ( 'NONE',  ( 0.6240321713109168167, 1.237485446324686711, 0.001000000000000000021 ) ) ;
#593 = EDGE_LOOP ( 'NONE', ( #6477, #5597, #6786, #4352, #6700, #4695 ) ) ;
#594 = AXIS2_PLACEMENT_3D ( 'NONE', #1285, #2929, #2359 ) ;
#595 = EDGE_CURVE ( 'NONE', #5581, #6620, #5287, .T. ) ;
#596 = CARTESIAN_POINT ( 'NONE',  ( 1.287446805457258314, 1.335351299983223328, 0.001000000000000000021 ) ) ;
#597 = PLANE ( 'NONE',  #6864 ) ;
#598 = LINE ( 'NONE', #1248, #5932 ) ;
#599 = ORIENTED_EDGE ( 'NONE', *, *, #71, .F. ) ;
#600 = CARTESIAN_POINT ( 'NONE',  ( 1.286292567864716796, 1.353243553963252577, 0.001000000000000000021 ) ) ;
#601 = CARTESIAN_POINT ( 'NONE',  ( 0.7128869352624241928, 1.399868779068967450, 0.000000000000000000 ) ) ;
#602 = STYLED_ITEM ( 'NONE', ( #650 ), #5548 ) ;
#603 = EDGE_CURVE ( 'NONE', #3842, #4374, #4634, .T. ) ;
#604 = CARTESIAN_POINT ( 'NONE',  ( 0.8459833908231119137, 1.339429043885662418, 0.000000000000000000 ) ) ;
#605 = ORIENTED_EDGE ( 'NONE', *, *, #6897, .F. ) ;
#606 = SURFACE_SIDE_STYLE ('',( #5461 ) ) ;
#607 = CARTESIAN_POINT ( 'NONE',  ( 1.171026794217814526, 1.266687081940326420, 0.000000000000000000 ) ) ;
#608 = VERTEX_POINT ( 'NONE', #734 ) ;
#609 = CARTESIAN_POINT ( 'NONE',  ( 1.192133194662877704, 1.237820955223703612, 0.001000000000000000021 ) ) ;
#610 = ORIENTED_EDGE ( 'NONE', *, *, #4270, .T. ) ;
#611 = CARTESIAN_POINT ( 'NONE',  ( 1.278287677829215152, 1.417670046266362727, 0.000000000000000000 ) ) ;
#612 = PRESENTATION_LAYER_ASSIGNMENT (  '', '', ( #262 ) ) ;
#613 = COLOUR_RGB ( '',1.000000000000000000, 1.000000000000000000, 0.000000000000000000 ) ;
#614 = CARTESIAN_POINT ( 'NONE',  ( 1.028910220091404648, 1.349680568275906323, 0.001000000000000000021 ) ) ;
#615 = DIRECTION ( 'NONE',  ( 1.000000000000000000, 0.000000000000000000, 0.000000000000000000 ) ) ;
#616 = EDGE_LOOP ( 'NONE', ( #5259, #5081, #6792, #6926, #762, #2958 ) ) ;
#617 =( LENGTH_UNIT ( ) NAMED_UNIT ( * ) SI_UNIT ( .MILLI., .METRE. ) );
#618 = UNCERTAINTY_MEASURE_WITH_UNIT (LENGTH_MEASURE( 1.000000000000000082E-05 ), #4964, 'distance_accuracy_value', 'NONE');
#619 = FILL_AREA_STYLE_COLOUR ( '', #3167 ) ;
#620 = PRESENTATION_STYLE_ASSIGNMENT (( #5816 ) ) ;
#621 = ORIENTED_EDGE ( 'NONE', *, *, #5860, .F. ) ;
#622 = VECTOR ( 'NONE', #6571, 1000.000000000000000 ) ;
#623 = LINE ( 'NONE', #33, #2940 ) ;
#624 = DIRECTION ( 'NONE',  ( 1.000000000000000000, 0.000000000000000000, 0.000000000000000000 ) ) ;
#625 = SURFACE_STYLE_USAGE ( .BOTH. , #4392 ) ;
#626 = LINE ( 'NONE', #1702, #3150 ) ;
#627 = SURFACE_STYLE_USAGE ( .BOTH. , #1680 ) ;
#628 = STYLED_ITEM ( 'NONE', ( #696 ), #4060 ) ;
#629 = EDGE_CURVE ( 'NONE', #1332, #4426, #133, .T. ) ;
#630 = DIRECTION ( 'NONE',  ( -0.000000000000000000, -0.000000000000000000, -1.000000000000000000 ) ) ;
#631 = SURFACE_STYLE_USAGE ( .BOTH. , #116 ) ;
#632 = SURFACE_STYLE_FILL_AREA ( #1262 ) ;
#633 = CARTESIAN_POINT ( 'NONE',  ( 1.499999999999999778, 1.500000000000000000, 0.000000000000000000 ) ) ;
#634 = FILL_AREA_STYLE ('',( #4840 ) ) ;
#635 = PRESENTATION_LAYER_ASSIGNMENT (  '', '', ( #3632 ) ) ;
#636 = EDGE_CURVE ( 'NONE', #2514, #504, #3226, .T. ) ;
#637 = FACE_OUTER_BOUND ( 'NONE', #4619, .T. ) ;
#638 = CARTESIAN_POINT ( 'NONE',  ( 0.8782544088327990384, 1.271148908750263207, 0.000000000000000000 ) ) ;
#639 = ORIENTED_EDGE ( 'NONE', *, *, #4171, .F. ) ;
#640 = PRESENTATION_STYLE_ASSIGNMENT (( #2976 ) ) ;
#641 = PRESENTATION_STYLE_ASSIGNMENT (( #5460 ) ) ;
#642 = ORIENTED_EDGE ( 'NONE', *, *, #4439, .F. ) ;
#643 =( GEOMETRIC_REPRESENTATION_CONTEXT ( 3 ) GLOBAL_UNCERTAINTY_ASSIGNED_CONTEXT ( ( #4856 ) ) GLOBAL_UNIT_ASSIGNED_CONTEXT ( ( #827, #6673, #1368 ) ) REPRESENTATION_CONTEXT ( 'NONE', 'WORKASPACE' ) );
#644 =( NAMED_UNIT ( * ) PLANE_ANGLE_UNIT ( ) SI_UNIT ( $, .RADIAN. ) );
#645 = VECTOR ( 'NONE', #2049, 1000.000000000000000 ) ;
#646 = FILL_AREA_STYLE ('',( #1726 ) ) ;
#647 = ORIENTED_EDGE ( 'NONE', *, *, #1265, .F. ) ;
#648 =( LENGTH_UNIT ( ) NAMED_UNIT ( * ) SI_UNIT ( .MILLI., .METRE. ) );
#649 =( NAMED_UNIT ( * ) PLANE_ANGLE_UNIT ( ) SI_UNIT ( $, .RADIAN. ) );
#650 = PRESENTATION_STYLE_ASSIGNMENT (( #746 ) ) ;
#651 = SURFACE_SIDE_STYLE ('',( #3489 ) ) ;
#652 = ORIENTED_EDGE ( 'NONE', *, *, #894, .T. ) ;
#653 = VERTEX_POINT ( 'NONE', #83 ) ;
#654 = VERTEX_POINT ( 'NONE', #1256 ) ;
#655 = CARTESIAN_POINT ( 'NONE',  ( 0.9072663542651308033, 1.414470425691307431, 0.001000000000000000021 ) ) ;
#656 =( LENGTH_UNIT ( ) NAMED_UNIT ( * ) SI_UNIT ( .MILLI., .METRE. ) );
#657 = LINE ( 'NONE', #2245, #5925 ) ;
#658 = ORIENTED_EDGE ( 'NONE', *, *, #5675, .F. ) ;
#659 = DIRECTION ( 'NONE',  ( 2.168404344971008868E-16, -1.000000000000000000, 0.000000000000000000 ) ) ;
#660 = ORIENTED_EDGE ( 'NONE', *, *, #4669, .T. ) ;
#661 = AXIS2_PLACEMENT_3D ( 'NONE', #6704, #2452, #809 ) ;
#662 = PRESENTATION_LAYER_ASSIGNMENT (  '', '', ( #6755 ) ) ;
#663 = EDGE_CURVE ( 'NONE', #5773, #1321, #1793, .T. ) ;
#664 = COLOUR_RGB ( '',1.000000000000000000, 1.000000000000000000, 0.000000000000000000 ) ;
#665 = ORIENTED_EDGE ( 'NONE', *, *, #2963, .F. ) ;
#666 = PLANE ( 'NONE',  #4212 ) ;
#667 = DIRECTION ( 'NONE',  ( -1.000000000000000000, 0.000000000000000000, 0.000000000000000000 ) ) ;
#668 =( NAMED_UNIT ( * ) SI_UNIT ( $, .STERADIAN. ) SOLID_ANGLE_UNIT ( ) );
#669 =( LENGTH_UNIT ( ) NAMED_UNIT ( * ) SI_UNIT ( .MILLI., .METRE. ) );
#670 = CIRCLE ( 'NONE', #1977, 0.1251475869328494694 ) ;
#671 =( GEOMETRIC_REPRESENTATION_CONTEXT ( 3 ) GLOBAL_UNCERTAINTY_ASSIGNED_CONTEXT ( ( #202 ) ) GLOBAL_UNIT_ASSIGNED_CONTEXT ( ( #3020, #3550, #6798 ) ) REPRESENTATION_CONTEXT ( 'NONE', 'WORKASPACE' ) );
#672 = EDGE_CURVE ( 'NONE', #3768, #985, #4971, .T. ) ;
#673 = VERTEX_POINT ( 'NONE', #189 ) ;
#674 = CARTESIAN_POINT ( 'NONE',  ( 0.7186176179343702897, 1.401952874731250853, 0.000000000000000000 ) ) ;
#675 = ADVANCED_FACE ( 'NONE', ( #1123 ), #4283, .T. ) ;
#676 = PRESENTATION_STYLE_ASSIGNMENT (( #2236 ) ) ;
#677 = ORIENTED_EDGE ( 'NONE', *, *, #1357, .F. ) ;
#678 = CARTESIAN_POINT ( 'NONE',  ( 1.024032171310916839, 1.437485446324686889, 0.001000000000000000021 ) ) ;
#679 =( GEOMETRIC_REPRESENTATION_CONTEXT ( 3 ) GLOBAL_UNCERTAINTY_ASSIGNED_CONTEXT ( ( #538 ) ) GLOBAL_UNIT_ASSIGNED_CONTEXT ( ( #5882, #2715, #2777 ) ) REPRESENTATION_CONTEXT ( 'NONE', 'WORKASPACE' ) );
#680 = EDGE_CURVE ( 'NONE', #6269, #4914, #6211, .T. ) ;
#681 = CARTESIAN_POINT ( 'NONE',  ( 0.8488496235617685182, 1.265352060947839474, 0.001000000000000000021 ) ) ;
#682 = LINE ( 'NONE', #774, #1439 ) ;
#683 = EDGE_LOOP ( 'NONE', ( #6172, #4001, #6033, #253 ) ) ;
#684 = MECHANICAL_DESIGN_GEOMETRIC_PRESENTATION_REPRESENTATION (  '', ( #6063 ), #6282 ) ;
#685 = CARTESIAN_POINT ( 'NONE',  ( 1.100000000000000311, 0.1249999999999999445, 0.000000000000000000 ) ) ;
#686 = CARTESIAN_POINT ( 'NONE',  ( 1.099641927408477882, 1.259436665836882074, 0.001000000000000000021 ) ) ;
#687 = COLOUR_RGB ( '',1.000000000000000000, 1.000000000000000000, 0.000000000000000000 ) ;
#688 = CARTESIAN_POINT ( 'NONE',  ( 1.243537954925542532, 1.435991184460772674, 0.001000000000000000021 ) ) ;
#689 = DIRECTION ( 'NONE',  ( 0.000000000000000000, -0.000000000000000000, 1.000000000000000000 ) ) ;
#690 = UNCERTAINTY_MEASURE_WITH_UNIT (LENGTH_MEASURE( 1.000000000000000082E-05 ), #6651, 'distance_accuracy_value', 'NONE');
#691 = PRESENTATION_LAYER_ASSIGNMENT (  '', '', ( #4548 ) ) ;
#692 = LINE ( 'NONE', #3119, #778 ) ;
#693 = MECHANICAL_DESIGN_GEOMETRIC_PRESENTATION_REPRESENTATION (  '', ( #2679 ), #6196 ) ;
#694 = CARTESIAN_POINT ( 'NONE',  ( 1.167087610647193907, 1.432643879372812679, -0.000000000000000000 ) ) ;
#695 =( NAMED_UNIT ( * ) SI_UNIT ( $, .STERADIAN. ) SOLID_ANGLE_UNIT ( ) );
#696 = PRESENTATION_STYLE_ASSIGNMENT (( #6147 ) ) ;
#697 = DIRECTION ( 'NONE',  ( -0.3635424856527061932, -0.9315776194850602376, 0.000000000000000000 ) ) ;
#698 = ORIENTED_EDGE ( 'NONE', *, *, #3507, .F. ) ;
#699 = ADVANCED_FACE ( 'NONE', ( #5963 ), #1096, .T. ) ;
#700 =( NAMED_UNIT ( * ) PLANE_ANGLE_UNIT ( ) SI_UNIT ( $, .RADIAN. ) );
#701 = CARTESIAN_POINT ( 'NONE',  ( 0.8357971035602683729, 1.280545677420990680, 0.001000000000000000021 ) ) ;
#702 = MECHANICAL_DESIGN_GEOMETRIC_PRESENTATION_REPRESENTATION (  '', ( #5850 ), #1060 ) ;
#703 = COLOUR_RGB ( '',1.000000000000000000, 1.000000000000000000, 0.000000000000000000 ) ;
#704 = ADVANCED_FACE ( 'NONE', ( #4461 ), #6318, .T. ) ;
#705 = VERTEX_POINT ( 'NONE', #5272 ) ;
#706 = CARTESIAN_POINT ( 'NONE',  ( 1.165495585945063306, 1.269802519495418558, 0.001000000000000000021 ) ) ;
#707 = SURFACE_STYLE_FILL_AREA ( #4953 ) ;
#708 = FILL_AREA_STYLE_COLOUR ( '', #3060 ) ;
#709 = AXIS2_PLACEMENT_3D ( 'NONE', #6821, #1515, #1022 ) ;
#710 = EDGE_CURVE ( 'NONE', #6200, #5395, #5870, .T. ) ;
#711 = CARTESIAN_POINT ( 'NONE',  ( 1.292401983671864762, 1.403294979762051309, 0.001000000000000000021 ) ) ;
#712 =( NAMED_UNIT ( * ) PLANE_ANGLE_UNIT ( ) SI_UNIT ( $, .RADIAN. ) );
#713 = SURFACE_STYLE_USAGE ( .BOTH. , #6552 ) ;
#714 = ADVANCED_FACE ( 'NONE', ( #3795 ), #4211, .F. ) ;
#715 = FILL_AREA_STYLE_COLOUR ( '', #2060 ) ;
#716 = CARTESIAN_POINT ( 'NONE',  ( 1.019154122530429030, 1.259436665836882074, 0.001000000000000000021 ) ) ;
#717 = VECTOR ( 'NONE', #4216, 1000.000000000000000 ) ;
#718 = CARTESIAN_POINT ( 'NONE',  ( 0.6240321713109168167, 1.237485446324686711, 0.000000000000000000 ) ) ;
#719 = CARTESIAN_POINT ( 'NONE',  ( 0.9144161442442524379, 1.237690452985548806, 0.000000000000000000 ) ) ;
#720 = PRESENTATION_STYLE_ASSIGNMENT (( #4930 ) ) ;
#721 = CARTESIAN_POINT ( 'NONE',  ( 1.170807663845150559, 1.408255090562148260, 0.000000000000000000 ) ) ;
#722 = EDGE_CURVE ( 'NONE', #358, #5012, #449, .T. ) ;
#723 = ORIENTED_EDGE ( 'NONE', *, *, #3107, .F. ) ;
#724 = FILL_AREA_STYLE ('',( #6049 ) ) ;
#725 = DIRECTION ( 'NONE',  ( 0.000000000000000000, 1.000000000000000000, 0.000000000000000000 ) ) ;
#726 = LINE ( 'NONE', #3340, #969 ) ;
#727 = CARTESIAN_POINT ( 'NONE',  ( 1.510000000000000231, 0.3749999999999999445, 0.2000000000000000111 ) ) ;
#728 = VERTEX_POINT ( 'NONE', #2181 ) ;
#729 = CARTESIAN_POINT ( 'NONE',  ( 1.510000000000000231, 1.125000000000000000, 0.2000000000000000111 ) ) ;
#730 = LINE ( 'NONE', #6845, #3424 ) ;
#731 = ADVANCED_FACE ( 'NONE', ( #3050 ), #523, .T. ) ;
#732 = VERTEX_POINT ( 'NONE', #6436 ) ;
#733 =( GEOMETRIC_REPRESENTATION_CONTEXT ( 3 ) GLOBAL_UNCERTAINTY_ASSIGNED_CONTEXT ( ( #2167 ) ) GLOBAL_UNIT_ASSIGNED_CONTEXT ( ( #4290, #3222, #3723 ) ) REPRESENTATION_CONTEXT ( 'NONE', 'WORKASPACE' ) );
#734 = CARTESIAN_POINT ( 'NONE',  ( -1.509999999999999787, -1.125000000000000222, -0.05000000000000000278 ) ) ;
#735 = DIRECTION ( 'NONE',  ( -0.000000000000000000, -0.000000000000000000, -1.000000000000000000 ) ) ;
#736 = PRESENTATION_LAYER_ASSIGNMENT (  '', '', ( #3864 ) ) ;
#737 = FILL_AREA_STYLE_COLOUR ( '', #4177 ) ;
#738 = SURFACE_STYLE_FILL_AREA ( #1103 ) ;
#739 = LINE ( 'NONE', #3697, #3266 ) ;
#740 = CARTESIAN_POINT ( 'NONE',  ( 0.000000000000000000, 1.000000000000000000, -0.05000000000000000278 ) ) ;
#741 = ORIENTED_EDGE ( 'NONE', *, *, #2260, .T. ) ;
#742 = ORIENTED_EDGE ( 'NONE', *, *, #6301, .F. ) ;
#743 = DIRECTION ( 'NONE',  ( -0.000000000000000000, -0.000000000000000000, -1.000000000000000000 ) ) ;
#744 = ORIENTED_EDGE ( 'NONE', *, *, #5446, .F. ) ;
#745 = PLANE ( 'NONE',  #6600 ) ;
#746 = SURFACE_STYLE_USAGE ( .BOTH. , #229 ) ;
#747 = ADVANCED_FACE ( 'NONE', ( #6038 ), #6859, .T. ) ;
#748 = LINE ( 'NONE', #5716, #2096 ) ;
#749 = SURFACE_STYLE_USAGE ( .BOTH. , #6093 ) ;
#750 = STYLED_ITEM ( 'NONE', ( #6497 ), #2387 ) ;
#751 = VERTEX_POINT ( 'NONE', #4707 ) ;
#752 = CARTESIAN_POINT ( 'NONE',  ( 0.8648244211314355390, 1.253061585666137789, 0.000000000000000000 ) ) ;
#753 = CARTESIAN_POINT ( 'NONE',  ( 1.186638475343731125, 1.437991113870897397, 0.000000000000000000 ) ) ;
#754 = VECTOR ( 'NONE', #4551, 1000.000000000000000 ) ;
#755 = ORIENTED_EDGE ( 'NONE', *, *, #5326, .T. ) ;
#756 = STYLED_ITEM ( 'NONE', ( #2481 ), #3248 ) ;
#757 = EDGE_CURVE ( 'NONE', #3698, #4919, #3748, .T. ) ;
#758 = SURFACE_STYLE_FILL_AREA ( #2692 ) ;
#759 = PLANE ( 'NONE',  #3960 ) ;
#760 = ORIENTED_EDGE ( 'NONE', *, *, #4180, .F. ) ;
#761 = SURFACE_STYLE_USAGE ( .BOTH. , #3411 ) ;
#762 = ORIENTED_EDGE ( 'NONE', *, *, #6897, .T. ) ;
#763 = CARTESIAN_POINT ( 'NONE',  ( 0.8460489469395943152, 1.342493220913169027, 0.001000000000000000021 ) ) ;
#764 = DIRECTION ( 'NONE',  ( 0.000000000000000000, 1.000000000000000000, 0.000000000000000000 ) ) ;
#765 =( NAMED_UNIT ( * ) SI_UNIT ( $, .STERADIAN. ) SOLID_ANGLE_UNIT ( ) );
#766 = AXIS2_PLACEMENT_3D ( 'NONE', #1903, #3008, #1924 ) ;
#767 = EDGE_CURVE ( 'NONE', #3962, #3707, #3332, .T. ) ;
#768 = FILL_AREA_STYLE ('',( #251 ) ) ;
#769 = VERTEX_POINT ( 'NONE', #1505 ) ;
#770 = CARTESIAN_POINT ( 'NONE',  ( 0.8830768782759246260, 1.244327283011096519, 0.000000000000000000 ) ) ;
#771 = DIRECTION ( 'NONE',  ( 0.000000000000000000, -1.000000000000000000, 0.000000000000000000 ) ) ;
#772 = FACE_OUTER_BOUND ( 'NONE', #6921, .T. ) ;
#773 = ORIENTED_EDGE ( 'NONE', *, *, #1518, .F. ) ;
#774 = CARTESIAN_POINT ( 'NONE',  ( 0.7157242444816485083, 1.413095202422247842, 0.000000000000000000 ) ) ;
#775 = MECHANICAL_DESIGN_GEOMETRIC_PRESENTATION_REPRESENTATION (  '', ( #6645 ), #2582 ) ;
#776 = CARTESIAN_POINT ( 'NONE',  ( 0.8929822605906170274, 1.241209132398439996, 0.001000000000000000021 ) ) ;
#777 = UNCERTAINTY_MEASURE_WITH_UNIT (LENGTH_MEASURE( 1.000000000000000082E-05 ), #6714, 'distance_accuracy_value', 'NONE');
#778 = VECTOR ( 'NONE', #6335, 1000.000000000000000 ) ;
#779 = SURFACE_STYLE_USAGE ( .BOTH. , #3497 ) ;
#780 = CARTESIAN_POINT ( 'NONE',  ( 1.270329446393897443, 1.423634130827882593, 0.001000000000000000021 ) ) ;
#781 = SURFACE_SIDE_STYLE ('',( #4102 ) ) ;
#782 =( LENGTH_UNIT ( ) NAMED_UNIT ( * ) SI_UNIT ( .MILLI., .METRE. ) );
#783 = VECTOR ( 'NONE', #1116, 1000.000000000000000 ) ;
#784 = AXIS2_PLACEMENT_3D ( 'NONE', #2884, #6678, #6630 ) ;
#785 = PLANE ( 'NONE',  #1181 ) ;
#786 = DIRECTION ( 'NONE',  ( 1.445602896647339163E-16, -1.000000000000000000, 0.000000000000000000 ) ) ;
#787 = SURFACE_SIDE_STYLE ('',( #955 ) ) ;
#788 = CARTESIAN_POINT ( 'NONE',  ( 0.8231505220334693895, 1.307772684863294455, 0.000000000000000000 ) ) ;
#789 = CARTESIAN_POINT ( 'NONE',  ( 1.206042969389532260, 1.417878158392744226, 0.001000000000000000021 ) ) ;
#790 = LINE ( 'NONE', #879, #5972 ) ;
#791 = MECHANICAL_DESIGN_GEOMETRIC_PRESENTATION_REPRESENTATION (  '', ( #1648 ), #5484 ) ;
#792 = EDGE_CURVE ( 'NONE', #4404, #6765, #1790, .T. ) ;
#793 = CARTESIAN_POINT ( 'NONE',  ( -1.499999999999999556, -1.500000000000000000, 0.8499999999999999778 ) ) ;
#794 = VERTEX_POINT ( 'NONE', #2120 ) ;
#795 = VECTOR ( 'NONE', #441, 1000.000000000000000 ) ;
#796 = ORIENTED_EDGE ( 'NONE', *, *, #448, .F. ) ;
#797 = ADVANCED_FACE ( 'NONE', ( #5040 ), #4754, .F. ) ;
#798 = ORIENTED_EDGE ( 'NONE', *, *, #3324, .T. ) ;
#799 =( NAMED_UNIT ( * ) SI_UNIT ( $, .STERADIAN. ) SOLID_ANGLE_UNIT ( ) );
#800 = AXIS2_PLACEMENT_3D ( 'NONE', #3667, #1562, #3172 ) ;
#801 = EDGE_CURVE ( 'NONE', #5282, #5751, #45, .T. ) ;
#802 = FILL_AREA_STYLE_COLOUR ( '', #6187 ) ;
#803 = VECTOR ( 'NONE', #4667, 1000.000000000000000 ) ;
#804 = VECTOR ( 'NONE', #3671, 1000.000000000000000 ) ;
#805 = CARTESIAN_POINT ( 'NONE',  ( 0.8853966185127017940, 1.408196209583441050, 0.001000000000000000021 ) ) ;
#806 = FACE_OUTER_BOUND ( 'NONE', #6501, .T. ) ;
#807 = CARTESIAN_POINT ( 'NONE',  ( 1.261884570412264983, 1.428674280605811919, 0.001000000000000000021 ) ) ;
#808 = ORIENTED_EDGE ( 'NONE', *, *, #3383, .F. ) ;
#809 = DIRECTION ( 'NONE',  ( -0.000000000000000000, 0.000000000000000000, -1.000000000000000000 ) ) ;
#810 = SURFACE_STYLE_USAGE ( .BOTH. , #6089 ) ;
#811 =( NAMED_UNIT ( * ) PLANE_ANGLE_UNIT ( ) SI_UNIT ( $, .RADIAN. ) );
#812 =( NAMED_UNIT ( * ) SI_UNIT ( $, .STERADIAN. ) SOLID_ANGLE_UNIT ( ) );
#813 = SURFACE_STYLE_FILL_AREA ( #5694 ) ;
#814 =( LENGTH_UNIT ( ) NAMED_UNIT ( * ) SI_UNIT ( .MILLI., .METRE. ) );
#815 = ADVANCED_FACE ( 'NONE', ( #1876 ), #432, .F. ) ;
#816 = CARTESIAN_POINT ( 'NONE',  ( 1.099641927408477882, 1.259436665836882074, 0.001000000000000000021 ) ) ;
#817 = ORIENTED_EDGE ( 'NONE', *, *, #947, .T. ) ;
#818 =( GEOMETRIC_REPRESENTATION_CONTEXT ( 3 ) GLOBAL_UNCERTAINTY_ASSIGNED_CONTEXT ( ( #1863 ) ) GLOBAL_UNIT_ASSIGNED_CONTEXT ( ( #6380, #5873, #6431 ) ) REPRESENTATION_CONTEXT ( 'NONE', 'WORKASPACE' ) );
#819 = EDGE_CURVE ( 'NONE', #2810, #2426, #372, .T. ) ;
#820 = CARTESIAN_POINT ( 'NONE',  ( 1.028910220091404648, 1.327729348763711181, 0.001000000000000000021 ) ) ;
#821 = SURFACE_STYLE_FILL_AREA ( #6514 ) ;
#822 = PRESENTATION_STYLE_ASSIGNMENT (( #3733 ) ) ;
#823 = ORIENTED_EDGE ( 'NONE', *, *, #4039, .F. ) ;
#824 = DIRECTION ( 'NONE',  ( 0.000000000000000000, 0.000000000000000000, -1.000000000000000000 ) ) ;
#825 = ORIENTED_EDGE ( 'NONE', *, *, #1618, .T. ) ;
#826 = UNCERTAINTY_MEASURE_WITH_UNIT (LENGTH_MEASURE( 1.000000000000000082E-05 ), #3521, 'distance_accuracy_value', 'NONE');
#827 =( LENGTH_UNIT ( ) NAMED_UNIT ( * ) SI_UNIT ( .MILLI., .METRE. ) );
#828 = ORIENTED_EDGE ( 'NONE', *, *, #2391, .T. ) ;
#829 =( GEOMETRIC_REPRESENTATION_CONTEXT ( 3 ) GLOBAL_UNCERTAINTY_ASSIGNED_CONTEXT ( ( #6085 ) ) GLOBAL_UNIT_ASSIGNED_CONTEXT ( ( #2542, #408, #4630 ) ) REPRESENTATION_CONTEXT ( 'NONE', 'WORKASPACE' ) );
#830 = CARTESIAN_POINT ( 'NONE',  ( 1.499999999999999778, 1.500000000000000000, 0.000000000000000000 ) ) ;
#831 = VERTEX_POINT ( 'NONE', #6324 ) ;
#832 = FILL_AREA_STYLE ('',( #737 ) ) ;
#833 = CARTESIAN_POINT ( 'NONE',  ( 1.216173370119493891, 1.439840425712240135, 0.001000000000000000021 ) ) ;
#834 = CARTESIAN_POINT ( 'NONE',  ( 0.9801297322865264450, 1.237485446324686711, 0.001000000000000000021 ) ) ;
#835 = ORIENTED_EDGE ( 'NONE', *, *, #6428, .F. ) ;
#836 =( NAMED_UNIT ( * ) SI_UNIT ( $, .STERADIAN. ) SOLID_ANGLE_UNIT ( ) );
#837 =( NAMED_UNIT ( * ) PLANE_ANGLE_UNIT ( ) SI_UNIT ( $, .RADIAN. ) );
#838 = CARTESIAN_POINT ( 'NONE',  ( 1.100000000000000311, -0.1250000000000000555, 0.2000000000000000111 ) ) ;
#839 =( LENGTH_UNIT ( ) NAMED_UNIT ( * ) SI_UNIT ( .MILLI., .METRE. ) );
#840 = MECHANICAL_DESIGN_GEOMETRIC_PRESENTATION_REPRESENTATION (  '', ( #5222 ), #5709 ) ;
#841 = ORIENTED_EDGE ( 'NONE', *, *, #1209, .F. ) ;
#842 = CARTESIAN_POINT ( 'NONE',  ( -1.500000000000000000, 0.6249999999999998890, 0.8499999999999999778 ) ) ;
#843 = CARTESIAN_POINT ( 'NONE',  ( -1.100000000000000089, -0.6250000000000001110, 0.2000000000000000111 ) ) ;
#844 = MECHANICAL_DESIGN_GEOMETRIC_PRESENTATION_REPRESENTATION (  '', ( #6853 ), #1205 ) ;
#845 = PRESENTATION_LAYER_ASSIGNMENT (  '', '', ( #3010 ) ) ;
#846 = EDGE_CURVE ( 'NONE', #6787, #5067, #5791, .T. ) ;
#847 = ORIENTED_EDGE ( 'NONE', *, *, #3324, .F. ) ;
#848 = ADVANCED_FACE ( 'NONE', ( #5620 ), #5324, .F. ) ;
#849 = PLANE ( 'NONE',  #2287 ) ;
#850 = CARTESIAN_POINT ( 'NONE',  ( 1.216829427408477660, 1.256997641446638170, 0.000000000000000000 ) ) ;
#851 = VECTOR ( 'NONE', #1341, 1000.000000000000000 ) ;
#852 = CARTESIAN_POINT ( 'NONE',  ( -1.099999999999999867, -0.8750000000000001110, 0.2000000000000000111 ) ) ;
#853 = ORIENTED_EDGE ( 'NONE', *, *, #102, .F. ) ;
#854 = CARTESIAN_POINT ( 'NONE',  ( 1.212561134725551160, 1.439924470714930793, 0.001000000000000000021 ) ) ;
#855 = DIRECTION ( 'NONE',  ( -0.000000000000000000, -0.000000000000000000, 1.000000000000000000 ) ) ;
#856 = DIRECTION ( 'NONE',  ( 0.000000000000000000, 0.000000000000000000, -1.000000000000000000 ) ) ;
#857 = EDGE_CURVE ( 'NONE', #1902, #3924, #5206, .T. ) ;
#858 = CARTESIAN_POINT ( 'NONE',  ( 1.287391241487233051, 1.332427058844069423, 0.001000000000000000021 ) ) ;
#859 = DIRECTION ( 'NONE',  ( 1.000000000000000000, 0.000000000000000000, 0.000000000000000000 ) ) ;
#860 = FILL_AREA_STYLE_COLOUR ( '', #6375 ) ;
#861 = CARTESIAN_POINT ( 'NONE',  ( -0.000000000000000000, 0.3749999999999999445, 0.000000000000000000 ) ) ;
#862 = CARTESIAN_POINT ( 'NONE',  ( 0.8510375014523401394, 1.305795056517792041, 0.000000000000000000 ) ) ;
#863 = ORIENTED_EDGE ( 'NONE', *, *, #1253, .F. ) ;
#864 = DIRECTION ( 'NONE',  ( 1.000000000000000000, 0.000000000000000000, 0.000000000000000000 ) ) ;
#865 = UNCERTAINTY_MEASURE_WITH_UNIT (LENGTH_MEASURE( 1.000000000000000082E-05 ), #1207, 'distance_accuracy_value', 'NONE');
#866 = MECHANICAL_DESIGN_GEOMETRIC_PRESENTATION_REPRESENTATION (  '', ( #6017 ), #5388 ) ;
#867 = LINE ( 'NONE', #6090, #2388 ) ;
#868 = DIRECTION ( 'NONE',  ( -1.000000000000000000, 0.000000000000000000, 0.000000000000000000 ) ) ;
#869 = CARTESIAN_POINT ( 'NONE',  ( 0.7195733298475021078, 1.399070812178345280, 0.001000000000000000021 ) ) ;
#870 = CARTESIAN_POINT ( 'NONE',  ( 1.287282726364587626, 1.326716084885321667, 0.000000000000000000 ) ) ;
#871 = VERTEX_POINT ( 'NONE', #3703 ) ;
#872 = CARTESIAN_POINT ( 'NONE',  ( 0.7170458921749812697, 1.408980632467369931, 0.001000000000000000021 ) ) ;
#873 =( NAMED_UNIT ( * ) PLANE_ANGLE_UNIT ( ) SI_UNIT ( $, .RADIAN. ) );
#874 = PRESENTATION_LAYER_ASSIGNMENT (  '', '', ( #535 ) ) ;
#875 = ORIENTED_EDGE ( 'NONE', *, *, #6081, .F. ) ;
#876 = ADVANCED_FACE ( 'NONE', ( #6641 ), #1432, .T. ) ;
#877 = CARTESIAN_POINT ( 'NONE',  ( 1.100000000000000311, 0.1249999999999999445, 0.2000000000000000111 ) ) ;
#878 = CARTESIAN_POINT ( 'NONE',  ( 0.8921664001293274637, 1.433906443181512946, 0.000000000000000000 ) ) ;
#879 = CARTESIAN_POINT ( 'NONE',  ( 1.510000000000000231, 0.1249999999999999445, -0.05000000000000000278 ) ) ;
#880 = VECTOR ( 'NONE', #3418, 1000.000000000000000 ) ;
#881 =( NAMED_UNIT ( * ) SI_UNIT ( $, .STERADIAN. ) SOLID_ANGLE_UNIT ( ) );
#882 = SURFACE_STYLE_USAGE ( .BOTH. , #5180 ) ;
#883 = FACE_OUTER_BOUND ( 'NONE', #6828, .T. ) ;
#884 = AXIS2_PLACEMENT_3D ( 'NONE', #1045, #4814, #2114 ) ;
#885 = STYLED_ITEM ( 'NONE', ( #3239 ), #3177 ) ;
#886 = EDGE_CURVE ( 'NONE', #2913, #4163, #4459, .T. ) ;
#887 = CARTESIAN_POINT ( 'NONE',  ( 0.9200148106927686920, 1.437403547934170245, 0.001000000000000000021 ) ) ;
#888 = ORIENTED_EDGE ( 'NONE', *, *, #5961, .F. ) ;
#889 = SURFACE_STYLE_USAGE ( .BOTH. , #5670 ) ;
#890 = ORIENTED_EDGE ( 'NONE', *, *, #2848, .T. ) ;
#891 =( LENGTH_UNIT ( ) NAMED_UNIT ( * ) SI_UNIT ( .MILLI., .METRE. ) );
#892 = VECTOR ( 'NONE', #3342, 1000.000000000000000 ) ;
#893 = ORIENTED_EDGE ( 'NONE', *, *, #6244, .T. ) ;
#894 = EDGE_CURVE ( 'NONE', #2714, #4240, #3888, .T. ) ;
#895 = CARTESIAN_POINT ( 'NONE',  ( 1.262980588415814287, 1.273136556711579326, 0.000000000000000000 ) ) ;
#896 = DIRECTION ( 'NONE',  ( -0.9406672605435401069, 0.3393303772748790803, 0.000000000000000000 ) ) ;
#897 = ORIENTED_EDGE ( 'NONE', *, *, #2963, .T. ) ;
#898 = CARTESIAN_POINT ( 'NONE',  ( 1.167334051970830844, 1.268767008659811069, 0.001000000000000000021 ) ) ;
#899 = CARTESIAN_POINT ( 'NONE',  ( 1.268046698086685797, 1.278083687133608981, 0.000000000000000000 ) ) ;
#900 = CARTESIAN_POINT ( 'NONE',  ( 1.499999999999999778, 1.500000000000000000, 0.1999999999999999833 ) ) ;
#901 = DIRECTION ( 'NONE',  ( -1.000000000000000000, 0.000000000000000000, 0.000000000000000000 ) ) ;
#902 = CARTESIAN_POINT ( 'NONE',  ( 1.262980588415814287, 1.273136556711579326, 0.001000000000000000021 ) ) ;
#903 = VECTOR ( 'NONE', #5545, 1000.000000000000000 ) ;
#904 = UNCERTAINTY_MEASURE_WITH_UNIT (LENGTH_MEASURE( 1.000000000000000082E-05 ), #5549, 'distance_accuracy_value', 'NONE');
#905 =( GEOMETRIC_REPRESENTATION_CONTEXT ( 3 ) GLOBAL_UNCERTAINTY_ASSIGNED_CONTEXT ( ( #1431 ) ) GLOBAL_UNIT_ASSIGNED_CONTEXT ( ( #4447, #649, #5995 ) ) REPRESENTATION_CONTEXT ( 'NONE', 'WORKASPACE' ) );
#906 = EDGE_CURVE ( 'NONE', #5758, #6327, #1952, .T. ) ;
#907 = EDGE_LOOP ( 'NONE', ( #677, #2075, #6499, #1929 ) ) ;
#908 = ORIENTED_EDGE ( 'NONE', *, *, #5961, .T. ) ;
#909 = UNCERTAINTY_MEASURE_WITH_UNIT (LENGTH_MEASURE( 1.000000000000000082E-05 ), #5297, 'distance_accuracy_value', 'NONE');
#910 = CARTESIAN_POINT ( 'NONE',  ( 1.510000000000000231, 1.125000000000000000, 0.2000000000000000111 ) ) ;
#911 = VECTOR ( 'NONE', #6808, 1000.000000000000000 ) ;
#912 = CARTESIAN_POINT ( 'NONE',  ( 1.509999999999999343, -0.3750000000000000555, 0.2000000000000000111 ) ) ;
#913 = B_SPLINE_CURVE_WITH_KNOTS ( 'NONE', 3,
 ( #3299, #2277, #3825, #1688, #6004, #5419, #120, #638, #2258, #2804, #6520, #4632, #1948, #862, #1923, #4609, #3427, #3007, #1785 ),
 .UNSPECIFIED., .F., .F.,
 ( 4, 1, 1, 1, 1, 1, 1, 1, 1, 1, 1, 1, 1, 1, 1, 1, 4 ),
 ( 0.000000000000000000, 0.07082657255516335015, 0.1381690332797999576, 0.2024753315338420068, 0.2639737544135196123, 0.3233803205980372297, 0.3817976227131847367, 0.4393900745193887181, 0.4969027245459969322, 0.5546621696093696485, 0.6127418784921965234, 0.6715388363911721781, 0.7316557220901982461, 0.7942978116139520761, 0.8594822049793571228, 0.9276813254527892516, 1.000000000000000000 ),
 .UNSPECIFIED. ) ;
#914 = ORIENTED_EDGE ( 'NONE', *, *, #6638, .F. ) ;
#915 = ADVANCED_FACE ( 'NONE', ( #3792 ), #5161, .F. ) ;
#916 = DIRECTION ( 'NONE',  ( 1.000000000000000000, 0.000000000000000000, -0.000000000000000000 ) ) ;
#917 = PRESENTATION_LAYER_ASSIGNMENT (  '', '', ( #2143 ) ) ;
#918 = LINE ( 'NONE', #3498, #2700 ) ;
#919 = ORIENTED_EDGE ( 'NONE', *, *, #2065, .F. ) ;
#920 = CARTESIAN_POINT ( 'NONE',  ( 1.314213564051580185, 1.330088287331657515, 0.001000000000000000021 ) ) ;
#921 = DIRECTION ( 'NONE',  ( -0.000000000000000000, -0.000000000000000000, -1.000000000000000000 ) ) ;
#922 = SURFACE_STYLE_USAGE ( .BOTH. , #1443 ) ;
#923 = DIRECTION ( 'NONE',  ( 0.000000000000000000, -1.000000000000000000, -0.000000000000000000 ) ) ;
#924 = LINE ( 'NONE', #2826, #4862 ) ;
#925 = CARTESIAN_POINT ( 'NONE',  ( 0.8199999999999997291, -1.189999999999999947, -0.05000000000000000278 ) ) ;
#926 = ORIENTED_EDGE ( 'NONE', *, *, #1576, .T. ) ;
#927 = SURFACE_SIDE_STYLE ('',( #5580 ) ) ;
#928 = FILL_AREA_STYLE_COLOUR ( '', #233 ) ;
#929 = STYLED_ITEM ( 'NONE', ( #640 ), #2438 ) ;
#930 = EDGE_CURVE ( 'NONE', #794, #6537, #6717, .T. ) ;
#931 = CARTESIAN_POINT ( 'NONE',  ( -1.510000000000000009, -0.3750000000000000555, 0.2000000000000000111 ) ) ;
#932 = ORIENTED_EDGE ( 'NONE', *, *, #25, .F. ) ;
#933 = ORIENTED_EDGE ( 'NONE', *, *, #244, .T. ) ;
#934 =( NAMED_UNIT ( * ) SI_UNIT ( $, .STERADIAN. ) SOLID_ANGLE_UNIT ( ) );
#935 =( NAMED_UNIT ( * ) SI_UNIT ( $, .STERADIAN. ) SOLID_ANGLE_UNIT ( ) );
#936 = DIRECTION ( 'NONE',  ( 0.000000000000000000, 0.000000000000000000, -1.000000000000000000 ) ) ;
#937 = DIRECTION ( 'NONE',  ( -0.000000000000000000, 0.000000000000000000, -1.000000000000000000 ) ) ;
#938 = MECHANICAL_DESIGN_GEOMETRIC_PRESENTATION_REPRESENTATION (  '', ( #6080 ), #5588 ) ;
#939 = EDGE_CURVE ( 'NONE', #2337, #6875, #5532, .T. ) ;
#940 = COLOUR_RGB ( '',1.000000000000000000, 1.000000000000000000, 0.000000000000000000 ) ;
#941 =( NAMED_UNIT ( * ) PLANE_ANGLE_UNIT ( ) SI_UNIT ( $, .RADIAN. ) );
#942 = CARTESIAN_POINT ( 'NONE',  ( 1.294876447577504086, 1.269043937791713761, 0.000000000000000000 ) ) ;
#943 = VECTOR ( 'NONE', #1616, 1000.000000000000000 ) ;
#944 = VERTEX_POINT ( 'NONE', #2515 ) ;
#945 = DIRECTION ( 'NONE',  ( -2.168404344971008868E-16, 1.000000000000000000, 0.000000000000000000 ) ) ;
#946 = MECHANICAL_DESIGN_GEOMETRIC_PRESENTATION_REPRESENTATION (  '', ( #602 ), #3829 ) ;
#947 = EDGE_CURVE ( 'NONE', #2241, #5438, #3385, .T. ) ;
#948 = CARTESIAN_POINT ( 'NONE',  ( 1.214414343295326493, 1.257029349556122222, 0.000000000000000000 ) ) ;
#949 = DIRECTION ( 'NONE',  ( 1.000000000000000000, 0.000000000000000000, 0.000000000000000000 ) ) ;
#950 = ADVANCED_FACE ( 'NONE', ( #3709 ), #5116, .T. ) ;
#951 = VECTOR ( 'NONE', #4830, 1000.000000000000000 ) ;
#952 = ORIENTED_EDGE ( 'NONE', *, *, #5049, .T. ) ;
#953 =( LENGTH_UNIT ( ) NAMED_UNIT ( * ) SI_UNIT ( .MILLI., .METRE. ) );
#954 = CARTESIAN_POINT ( 'NONE',  ( 0.7752516835060386802, 1.237485446324686711, 0.000000000000000000 ) ) ;
#955 = SURFACE_STYLE_FILL_AREA ( #1874 ) ;
#956 = CARTESIAN_POINT ( 'NONE',  ( -1.100000000000000533, 1.125000000000000000, -0.05000000000000000278 ) ) ;
#957 = AXIS2_PLACEMENT_3D ( 'NONE', #2569, #6284, #2071 ) ;
#958 = CARTESIAN_POINT ( 'NONE',  ( 1.212332476188965558, 1.417973251202735652, 0.001000000000000000021 ) ) ;
#959 = LINE ( 'NONE', #153, #4321 ) ;
#960 = CARTESIAN_POINT ( 'NONE',  ( 1.300091263642115358, 1.276665274755224733, 0.001000000000000000021 ) ) ;
#961 = COLOUR_RGB ( '',1.000000000000000000, 1.000000000000000000, 1.000000000000000000 ) ;
#962 = ORIENTED_EDGE ( 'NONE', *, *, #5059, .F. ) ;
#963 =( GEOMETRIC_REPRESENTATION_CONTEXT ( 3 ) GLOBAL_UNCERTAINTY_ASSIGNED_CONTEXT ( ( #2329 ) ) GLOBAL_UNIT_ASSIGNED_CONTEXT ( ( #221, #712, #4440 ) ) REPRESENTATION_CONTEXT ( 'NONE', 'WORKASPACE' ) );
#964 = DIRECTION ( 'NONE',  ( -1.000000000000000000, 0.000000000000000000, 0.000000000000000000 ) ) ;
#965 = FILL_AREA_STYLE ('',( #3140 ) ) ;
#966 = FILL_AREA_STYLE ('',( #3532 ) ) ;
#967 = CARTESIAN_POINT ( 'NONE',  ( 0.8918252088146212397, 1.264528664913179501, 0.001000000000000000021 ) ) ;
#968 = CARTESIAN_POINT ( 'NONE',  ( 1.286350409039927145, 1.318380549300756543, 0.001000000000000000021 ) ) ;
#969 = VECTOR ( 'NONE', #2231, 1000.000000000000000 ) ;
#970 = EDGE_LOOP ( 'NONE', ( #6491, #1403, #3470, #5965 ) ) ;
#971 = CARTESIAN_POINT ( 'NONE',  ( 1.126471195701160832, 1.437485446324686889, 0.001000000000000000021 ) ) ;
#972 = PRESENTATION_LAYER_ASSIGNMENT (  '', '', ( #4438 ) ) ;
#973 = EDGE_CURVE ( 'NONE', #3834, #728, #6631, .T. ) ;
#974 = DIRECTION ( 'NONE',  ( 0.000000000000000000, -0.000000000000000000, 1.000000000000000000 ) ) ;
#975 = PRESENTATION_STYLE_ASSIGNMENT (( #2383 ) ) ;
#976 = FACE_OUTER_BOUND ( 'NONE', #2125, .T. ) ;
#977 = CARTESIAN_POINT ( 'NONE',  ( 1.406959000579209640, 1.259436665836882074, 0.001000000000000000021 ) ) ;
#978 = EDGE_LOOP ( 'NONE', ( #5399, #1270, #2272, #2009 ) ) ;
#979 = FILL_AREA_STYLE ('',( #2046 ) ) ;
#980 = DIRECTION ( 'NONE',  ( 0.000000000000000000, 1.000000000000000000, 0.000000000000000000 ) ) ;
#981 = LINE ( 'NONE', #6922, #4839 ) ;
#982 = VERTEX_POINT ( 'NONE', #2463 ) ;
#983 = ORIENTED_EDGE ( 'NONE', *, *, #3538, .F. ) ;
#984 = ORIENTED_EDGE ( 'NONE', *, *, #5942, .T. ) ;
#985 = VERTEX_POINT ( 'NONE', #6788 ) ;
#986 = AXIS2_PLACEMENT_3D ( 'NONE', #5163, #6120, #3035 ) ;
#987 = EDGE_CURVE ( 'NONE', #2931, #5698, #6531, .T. ) ;
#988 = CARTESIAN_POINT ( 'NONE',  ( 1.170807663845150559, 1.408255090562148260, 0.000000000000000000 ) ) ;
#989 = SURFACE_STYLE_FILL_AREA ( #4128 ) ;
#990 = CARTESIAN_POINT ( 'NONE',  ( 1.510000000000000231, 1.125000000000000000, 0.2000000000000000111 ) ) ;
#991 = UNCERTAINTY_MEASURE_WITH_UNIT (LENGTH_MEASURE( 1.000000000000000082E-05 ), #6591, 'distance_accuracy_value', 'NONE');
#992 = ORIENTED_EDGE ( 'NONE', *, *, #1523, .F. ) ;
#993 = CARTESIAN_POINT ( 'NONE',  ( 0.7494132688718924129, 1.315534226812491658, 0.001000000000000000021 ) ) ;
#994 = VERTEX_POINT ( 'NONE', #452 ) ;
#995 = ORIENTED_EDGE ( 'NONE', *, *, #6726, .F. ) ;
#996 = CARTESIAN_POINT ( 'NONE',  ( 1.509999999999998455, -1.125000000000000222, -0.05000000000000000278 ) ) ;
#997 = CARTESIAN_POINT ( 'NONE',  ( 1.165495585945063528, 1.247851299983223639, 0.000000000000000000 ) ) ;
#998 = PRODUCT_DEFINITION_FORMATION_WITH_SPECIFIED_SOURCE ( 'ÈÎºÎ', '', #2546, .NOT_KNOWN. ) ;
#999 = PRESENTATION_STYLE_ASSIGNMENT (( #5496 ) ) ;
#1000 = PLANE ( 'NONE',  #3546 ) ;
#1001 = FILL_AREA_STYLE_COLOUR ( '', #211 ) ;
#1002 = VERTEX_POINT ( 'NONE', #3670 ) ;
#1003 = FILL_AREA_STYLE ('',( #5253 ) ) ;
#1004 = AXIS2_PLACEMENT_3D ( 'NONE', #4414, #624, #6526 ) ;
#1005 = DIRECTION ( 'NONE',  ( -0.000000000000000000, -0.000000000000000000, -1.000000000000000000 ) ) ;
#1006 =( LENGTH_UNIT ( ) NAMED_UNIT ( * ) SI_UNIT ( .MILLI., .METRE. ) );
#1007 = VECTOR ( 'NONE', #4373, 1000.000000000000000 ) ;
#1008 = CARTESIAN_POINT ( 'NONE',  ( 1.019154122530429030, 1.259436665836882074, 0.001000000000000000021 ) ) ;
#1009 = VECTOR ( 'NONE', #5144, 1000.000000000000000 ) ;
#1010 = EDGE_LOOP ( 'NONE', ( #5518, #1154, #3175, #5794 ) ) ;
#1011 = CARTESIAN_POINT ( 'NONE',  ( 1.287446805457258314, 1.335351299983223328, 0.001000000000000000021 ) ) ;
#1012 = DIRECTION ( 'NONE',  ( 0.000000000000000000, -0.000000000000000000, 1.000000000000000000 ) ) ;
#1013 = STYLED_ITEM ( 'NONE', ( #1937 ), #1450 ) ;
#1014 = CARTESIAN_POINT ( 'NONE',  ( -1.100000000000000089, -0.3750000000000000555, 0.2000000000000000111 ) ) ;
#1015 = LINE ( 'NONE', #4873, #3124 ) ;
#1016 = ORIENTED_EDGE ( 'NONE', *, *, #6810, .F. ) ;
#1017 = CARTESIAN_POINT ( 'NONE',  ( 1.126471195701160832, 1.237485446324686711, 0.001000000000000000021 ) ) ;
#1018 = SURFACE_STYLE_FILL_AREA ( #5293 ) ;
#1019 = CARTESIAN_POINT ( 'NONE',  ( 1.171026794217814526, 1.266687081940326420, 0.000000000000000000 ) ) ;
#1020 = STYLED_ITEM ( 'NONE', ( #3905 ), #301 ) ;
#1021 = LINE ( 'NONE', #5738, #5443 ) ;
#1022 = DIRECTION ( 'NONE',  ( -0.000000000000000000, 0.000000000000000000, -1.000000000000000000 ) ) ;
#1023 = ADVANCED_FACE ( 'NONE', ( #5450 ), #4725, .F. ) ;
#1024 = ORIENTED_EDGE ( 'NONE', *, *, #5988, .T. ) ;
#1025 = CARTESIAN_POINT ( 'NONE',  ( 1.251645340800362272, 1.265165399280920644, 0.001000000000000000021 ) ) ;
#1026 = STYLED_ITEM ( 'NONE', ( #2666 ), #3144 ) ;
#1027 = EDGE_CURVE ( 'NONE', #6478, #3859, #1603, .T. ) ;
#1028 = ORIENTED_EDGE ( 'NONE', *, *, #3348, .F. ) ;
#1029 = FILL_AREA_STYLE ('',( #5313 ) ) ;
#1030 = CARTESIAN_POINT ( 'NONE',  ( 1.019154122530429030, 1.259436665836882074, 0.001000000000000000021 ) ) ;
#1031 = CARTESIAN_POINT ( 'NONE',  ( 1.019154122530429030, 1.237485446324686711, 0.001000000000000000021 ) ) ;
#1032 = CARTESIAN_POINT ( 'NONE',  ( 1.261236720258799293, 1.400936674074674482, 0.001000000000000000021 ) ) ;
#1033 = FILL_AREA_STYLE ('',( #2587 ) ) ;
#1034 = LINE ( 'NONE', #4156, #6892 ) ;
#1035 = DIRECTION ( 'NONE',  ( 0.000000000000000000, -1.000000000000000000, -0.000000000000000000 ) ) ;
#1036 = EDGE_CURVE ( 'NONE', #533, #4435, #4542, .T. ) ;
#1037 = CARTESIAN_POINT ( 'NONE',  ( 0.8460489469395943152, 1.342493220913169027, 0.000000000000000000 ) ) ;
#1038 = SURFACE_SIDE_STYLE ('',( #3862 ) ) ;
#1039 =( NAMED_UNIT ( * ) SI_UNIT ( $, .STERADIAN. ) SOLID_ANGLE_UNIT ( ) );
#1040 = UNCERTAINTY_MEASURE_WITH_UNIT (LENGTH_MEASURE( 1.000000000000000082E-05 ), #1309, 'distance_accuracy_value', 'NONE');
#1041 = CARTESIAN_POINT ( 'NONE',  ( 1.100000000000000311, 0.1249999999999999445, 0.2000000000000000111 ) ) ;
#1042 = PRESENTATION_LAYER_ASSIGNMENT (  '', '', ( #6877 ) ) ;
#1043 = AXIS2_PLACEMENT_3D ( 'NONE', #2203, #5387, #2751 ) ;
#1044 = CARTESIAN_POINT ( 'NONE',  ( 1.189275855301219043, 1.260120451471536951, 0.000000000000000000 ) ) ;
#1045 = CARTESIAN_POINT ( 'NONE',  ( 0.8200000000000000622, 1.189999999999999947, -0.05000000000000000278 ) ) ;
#1046 = SURFACE_STYLE_USAGE ( .BOTH. , #2061 ) ;
#1047 = SURFACE_SIDE_STYLE ('',( #1613 ) ) ;
#1048 = CARTESIAN_POINT ( 'NONE',  ( 1.499999999999999778, 1.500000000000000000, 0.000000000000000000 ) ) ;
#1049 = CARTESIAN_POINT ( 'NONE',  ( 1.275783899580978265, 1.383520503734495088, 0.001000000000000000021 ) ) ;
#1050 = CARTESIAN_POINT ( 'NONE',  ( 0.8825451747232321287, 1.431018743435590768, 0.001000000000000000021 ) ) ;
#1051 = AXIS2_PLACEMENT_3D ( 'NONE', #4015, #3490, #3429 ) ;
#1052 = SURFACE_SIDE_STYLE ('',( #6459 ) ) ;
#1053 = ORIENTED_EDGE ( 'NONE', *, *, #1618, .F. ) ;
#1054 = MECHANICAL_DESIGN_GEOMETRIC_PRESENTATION_REPRESENTATION (  '', ( #3741 ), #6929 ) ;
#1055 = VECTOR ( 'NONE', #1634, 1000.000000000000000 ) ;
#1056 = CARTESIAN_POINT ( 'NONE',  ( 0.8789385826073159436, 1.404907881513281387, 0.001000000000000000021 ) ) ;
#1057 = ORIENTED_EDGE ( 'NONE', *, *, #1927, .F. ) ;
#1058 = CARTESIAN_POINT ( 'NONE',  ( 1.271559333513887946, 1.389905845868543377, 0.000000000000000000 ) ) ;
#1059 = PRESENTATION_STYLE_ASSIGNMENT (( #2225 ) ) ;
#1060 =( GEOMETRIC_REPRESENTATION_CONTEXT ( 3 ) GLOBAL_UNCERTAINTY_ASSIGNED_CONTEXT ( ( #4013 ) ) GLOBAL_UNIT_ASSIGNED_CONTEXT ( ( #4385, #5414, #4868 ) ) REPRESENTATION_CONTEXT ( 'NONE', 'WORKASPACE' ) );
#1061 = VERTEX_POINT ( 'NONE', #5227 ) ;
#1062 = VERTEX_POINT ( 'NONE', #3100 ) ;
#1063 = SURFACE_STYLE_USAGE ( .BOTH. , #6378 ) ;
#1064 = FILL_AREA_STYLE_COLOUR ( '', #4258 ) ;
#1065 = CARTESIAN_POINT ( 'NONE',  ( 1.099641927408477882, 1.349680568275906323, 0.001000000000000000021 ) ) ;
#1066 = FACE_OUTER_BOUND ( 'NONE', #6402, .T. ) ;
#1067 = CARTESIAN_POINT ( 'NONE',  ( 1.197353978054519263, 1.236738753923597223, 0.001000000000000000021 ) ) ;
#1068 = LINE ( 'NONE', #3745, #1828 ) ;
#1069 = DIRECTION ( 'NONE',  ( 1.000000000000000000, 0.000000000000000000, 0.000000000000000000 ) ) ;
#1070 = CARTESIAN_POINT ( 'NONE',  ( 1.288918777250512848, 1.261997916379497431, 0.000000000000000000 ) ) ;
#1071 = FILL_AREA_STYLE ('',( #1001 ) ) ;
#1072 = EDGE_LOOP ( 'NONE', ( #2445, #6308, #6069, #893, #6708, #1925 ) ) ;
#1073 = CARTESIAN_POINT ( 'NONE',  ( 0.7561586957011606769, 1.293583007300296517, 0.000000000000000000 ) ) ;
#1074 = EDGE_CURVE ( 'NONE', #1296, #5164, #1021, .T. ) ;
#1075 = CARTESIAN_POINT ( 'NONE',  ( 1.100000000000000311, -0.1250000000000000555, 0.000000000000000000 ) ) ;
#1076 = COLOUR_RGB ( '',1.000000000000000000, 1.000000000000000000, 1.000000000000000000 ) ;
#1077 = CARTESIAN_POINT ( 'NONE',  ( 0.9128103975685207816, 1.437242968191864367, 0.001000000000000000021 ) ) ;
#1078 = ORIENTED_EDGE ( 'NONE', *, *, #3993, .F. ) ;
#1079 = ORIENTED_EDGE ( 'NONE', *, *, #4270, .F. ) ;
#1080 = CARTESIAN_POINT ( 'NONE',  ( 1.275783899580978265, 1.383520503734495088, 0.001000000000000000021 ) ) ;
#1081 = VECTOR ( 'NONE', #3627, 1000.000000000000000 ) ;
#1082 = CARTESIAN_POINT ( 'NONE',  ( 1.499999999999999778, 0.8749999999999998890, 0.1999999999999999833 ) ) ;
#1083 = FACE_OUTER_BOUND ( 'NONE', #2092, .T. ) ;
#1084 = UNCERTAINTY_MEASURE_WITH_UNIT (LENGTH_MEASURE( 1.000000000000000082E-05 ), #2178, 'distance_accuracy_value', 'NONE');
#1085 = STYLED_ITEM ( 'NONE', ( #822 ), #5821 ) ;
#1086 = EDGE_CURVE ( 'NONE', #3214, #6162, #530, .T. ) ;
#1087 = ORIENTED_EDGE ( 'NONE', *, *, #2718, .T. ) ;
#1088 = CARTESIAN_POINT ( 'NONE',  ( 1.199846089175967023, 1.417230031674933333, 0.000000000000000000 ) ) ;
#1089 = FACE_OUTER_BOUND ( 'NONE', #2689, .T. ) ;
#1090 = CARTESIAN_POINT ( 'NONE',  ( -1.510000000000000009, -0.3750000000000000555, 0.2000000000000000111 ) ) ;
#1091 = PRESENTATION_STYLE_ASSIGNMENT (( #5611 ) ) ;
#1092 = EDGE_LOOP ( 'NONE', ( #2926, #1161, #516, #2949 ) ) ;
#1093 = DIRECTION ( 'NONE',  ( -1.000000000000000000, 0.000000000000000000, 0.000000000000000000 ) ) ;
#1094 = CARTESIAN_POINT ( 'NONE',  ( 1.099999999999999423, -0.6250000000000001110, 0.000000000000000000 ) ) ;
#1095 = SURFACE_STYLE_USAGE ( .BOTH. , #1655 ) ;
#1096 = PLANE ( 'NONE',  #6649 ) ;
#1097 = PRESENTATION_LAYER_ASSIGNMENT (  '', '', ( #475 ) ) ;
#1098 = VECTOR ( 'NONE', #6303, 1000.000000000000000 ) ;
#1099 = ADVANCED_FACE ( 'NONE', ( #1779 ), #6668, .F. ) ;
#1100 = SURFACE_STYLE_USAGE ( .BOTH. , #4333 ) ;
#1101 = VERTEX_POINT ( 'NONE', #4475 ) ;
#1102 = DIRECTION ( 'NONE',  ( -1.445602896647339163E-16, 1.000000000000000000, -0.000000000000000000 ) ) ;
#1103 = FILL_AREA_STYLE ('',( #16 ) ) ;
#1104 = B_SPLINE_CURVE_WITH_KNOTS ( 'NONE', 3,
 ( #4295, #4273, #988, #1527, #5285, #2646, #2672, #1088, #4200, #460, #6377 ),
 .UNSPECIFIED., .F., .F.,
 ( 4, 1, 1, 1, 1, 1, 1, 1, 4 ),
 ( 0.000000000000000000, 0.1252796967356245572, 0.2494199707420490797, 0.3733567994928200240, 0.4966812787822845188, 0.6202029157439811202, 0.7450863201614533748, 0.8712691950190969425, 1.000000000000000000 ),
 .UNSPECIFIED. ) ;
#1105 = SURFACE_STYLE_USAGE ( .BOTH. , #651 ) ;
#1106 = EDGE_CURVE ( 'NONE', #985, #6860, #682, .T. ) ;
#1107 = PRESENTATION_STYLE_ASSIGNMENT (( #6007 ) ) ;
#1108 = EDGE_LOOP ( 'NONE', ( #1145, #3079, #2278, #3649 ) ) ;
#1109 = CARTESIAN_POINT ( 'NONE',  ( 0.8542050493524661059, 1.379492010606547803, 0.001000000000000000021 ) ) ;
#1110 = VERTEX_POINT ( 'NONE', #2917 ) ;
#1111 = SURFACE_STYLE_USAGE ( .BOTH. , #1038 ) ;
#1112 = STYLED_ITEM ( 'NONE', ( #2007 ), #1933 ) ;
#1113 = VECTOR ( 'NONE', #2513, 1000.000000000000000 ) ;
#1114 = EDGE_LOOP ( 'NONE', ( #5676, #6919, #5118, #2117 ) ) ;
#1115 = CARTESIAN_POINT ( 'NONE',  ( 1.099641927408477882, 1.349680568275906323, 0.000000000000000000 ) ) ;
#1116 = DIRECTION ( 'NONE',  ( -1.000000000000000000, 0.000000000000000000, 0.000000000000000000 ) ) ;
#1117 = CARTESIAN_POINT ( 'NONE',  ( 1.183560558296051557, 1.239933006985688646, 0.000000000000000000 ) ) ;
#1118 = STYLED_ITEM ( 'NONE', ( #6145 ), #3352 ) ;
#1119 = EDGE_CURVE ( 'NONE', #1142, #1266, #4454, .T. ) ;
#1120 = CARTESIAN_POINT ( 'NONE',  ( 1.270329446393897443, 1.423634130827882593, 0.000000000000000000 ) ) ;
#1121 = CARTESIAN_POINT ( 'NONE',  ( 0.8667587234785875117, 1.280381084735199737, 0.000000000000000000 ) ) ;
#1122 = DIRECTION ( 'NONE',  ( 0.000000000000000000, 1.000000000000000000, 0.000000000000000000 ) ) ;
#1123 = FACE_OUTER_BOUND ( 'NONE', #5239, .T. ) ;
#1124 = DIRECTION ( 'NONE',  ( -1.000000000000000000, 0.000000000000000000, -0.000000000000000000 ) ) ;
#1125 = CARTESIAN_POINT ( 'NONE',  ( -1.355469082536401526, 1.206650258449453395, 0.8489999999999999769 ) ) ;
#1126 = CARTESIAN_POINT ( 'NONE',  ( -1.500000000000000222, 1.500000000000000000, 0.000000000000000000 ) ) ;
#1127 = CARTESIAN_POINT ( 'NONE',  ( 0.9022455687312944672, 1.436023177143275653, 2.117582368135750848E-19 ) ) ;
#1128 = DIRECTION ( 'NONE',  ( 0.000000000000000000, 1.000000000000000000, -0.000000000000000000 ) ) ;
#1129 = UNCERTAINTY_MEASURE_WITH_UNIT (LENGTH_MEASURE( 1.000000000000000082E-05 ), #4300, 'distance_accuracy_value', 'NONE');
#1130 = PRESENTATION_LAYER_ASSIGNMENT (  '', '', ( #5914 ) ) ;
#1131 = EDGE_CURVE ( 'NONE', #3859, #6842, #4791, .T. ) ;
#1132 = LINE ( 'NONE', #3191, #461 ) ;
#1133 = UNCERTAINTY_MEASURE_WITH_UNIT (LENGTH_MEASURE( 1.000000000000000082E-05 ), #5142, 'distance_accuracy_value', 'NONE');
#1134 = CARTESIAN_POINT ( 'NONE',  ( -1.499999999999999556, -1.500000000000000000, 0.8499999999999999778 ) ) ;
#1135 = CARTESIAN_POINT ( 'NONE',  ( 0.9801297322865264450, 1.237485446324686711, 0.000000000000000000 ) ) ;
#1136 = SURFACE_STYLE_FILL_AREA ( #5554 ) ;
#1137 = MECHANICAL_DESIGN_GEOMETRIC_PRESENTATION_REPRESENTATION (  '', ( #6877 ), #6503 ) ;
#1138 = SURFACE_STYLE_USAGE ( .BOTH. , #606 ) ;
#1139 = LINE ( 'NONE', #67, #1473 ) ;
#1140 = CARTESIAN_POINT ( 'NONE',  ( -1.510000000000000231, 0.1249999999999999445, -0.05000000000000000278 ) ) ;
#1141 = VECTOR ( 'NONE', #1219, 1000.000000000000000 ) ;
#1142 = VERTEX_POINT ( 'NONE', #727 ) ;
#1143 = CARTESIAN_POINT ( 'NONE',  ( 1.500000000000000000, -0.3750000000000001110, 0.000000000000000000 ) ) ;
#1144 = CARTESIAN_POINT ( 'NONE',  ( 0.8510375014523401394, 1.305795056517792041, 0.001000000000000000021 ) ) ;
#1145 = ORIENTED_EDGE ( 'NONE', *, *, #1027, .T. ) ;
#1146 = SURFACE_SIDE_STYLE ('',( #4822 ) ) ;
#1147 =( NAMED_UNIT ( * ) PLANE_ANGLE_UNIT ( ) SI_UNIT ( $, .RADIAN. ) );
#1148 =( NAMED_UNIT ( * ) PLANE_ANGLE_UNIT ( ) SI_UNIT ( $, .RADIAN. ) );
#1149 =( NAMED_UNIT ( * ) SI_UNIT ( $, .STERADIAN. ) SOLID_ANGLE_UNIT ( ) );
#1150 = ORIENTED_EDGE ( 'NONE', *, *, #1391, .F. ) ;
#1151 = DIRECTION ( 'NONE',  ( 0.000000000000000000, 0.000000000000000000, -1.000000000000000000 ) ) ;
#1152 = CARTESIAN_POINT ( 'NONE',  ( 1.019154122530429030, 1.259436665836882074, 0.001000000000000000021 ) ) ;
#1153 = CARTESIAN_POINT ( 'NONE',  ( 0.7126373542377459902, 1.399070812178345280, 0.000000000000000000 ) ) ;
#1154 = ORIENTED_EDGE ( 'NONE', *, *, #4922, .T. ) ;
#1155 = CARTESIAN_POINT ( 'NONE',  ( 0.8192348959709579992, 1.336223173325855829, 0.001000000000000000021 ) ) ;
#1156 =( GEOMETRIC_REPRESENTATION_CONTEXT ( 3 ) GLOBAL_UNCERTAINTY_ASSIGNED_CONTEXT ( ( #2370 ) ) GLOBAL_UNIT_ASSIGNED_CONTEXT ( ( #2975, #1375, #3505 ) ) REPRESENTATION_CONTEXT ( 'NONE', 'WORKASPACE' ) );
#1157 = EDGE_CURVE ( 'NONE', #6835, #2562, #2961, .T. ) ;
#1158 = PRESENTATION_STYLE_ASSIGNMENT (( #2499 ) ) ;
#1159 = LINE ( 'NONE', #4301, #5328 ) ;
#1160 = ORIENTED_EDGE ( 'NONE', *, *, #1673, .T. ) ;
#1161 = ORIENTED_EDGE ( 'NONE', *, *, #6625, .T. ) ;
#1162 = ORIENTED_EDGE ( 'NONE', *, *, #4310, .F. ) ;
#1163 = SURFACE_SIDE_STYLE ('',( #5261 ) ) ;
#1164 = LINE ( 'NONE', #843, #3764 ) ;
#1165 = DIRECTION ( 'NONE',  ( -0.000000000000000000, 0.000000000000000000, -1.000000000000000000 ) ) ;
#1166 = PRESENTATION_STYLE_ASSIGNMENT (( #3357 ) ) ;
#1167 =( NAMED_UNIT ( * ) SI_UNIT ( $, .STERADIAN. ) SOLID_ANGLE_UNIT ( ) );
#1168 = VERTEX_POINT ( 'NONE', #3973 ) ;
#1169 = VERTEX_POINT ( 'NONE', #1834 ) ;
#1170 = SURFACE_SIDE_STYLE ('',( #5650 ) ) ;
#1171 = EDGE_LOOP ( 'NONE', ( #5584, #3757, #3158, #2746 ) ) ;
#1172 = PRESENTATION_LAYER_ASSIGNMENT (  '', '', ( #2249 ) ) ;
#1173 = EDGE_CURVE ( 'NONE', #1510, #4864, #6198, .T. ) ;
#1174 = DIRECTION ( 'NONE',  ( 1.000000000000000000, -0.000000000000000000, -0.000000000000000000 ) ) ;
#1175 = SURFACE_STYLE_FILL_AREA ( #2965 ) ;
#1176 = ORIENTED_EDGE ( 'NONE', *, *, #6494, .F. ) ;
#1177 =( LENGTH_UNIT ( ) NAMED_UNIT ( * ) SI_UNIT ( .MILLI., .METRE. ) );
#1178 = DIRECTION ( 'NONE',  ( -0.000000000000000000, 0.000000000000000000, 1.000000000000000000 ) ) ;
#1179 = LINE ( 'NONE', #2786, #5019 ) ;
#1180 =( GEOMETRIC_REPRESENTATION_CONTEXT ( 3 ) GLOBAL_UNCERTAINTY_ASSIGNED_CONTEXT ( ( #5693 ) ) GLOBAL_UNIT_ASSIGNED_CONTEXT ( ( #1782, #5502, #6045 ) ) REPRESENTATION_CONTEXT ( 'NONE', 'WORKASPACE' ) );
#1181 = AXIS2_PLACEMENT_3D ( 'NONE', #2868, #4534, #1333 ) ;
#1182 = FILL_AREA_STYLE_COLOUR ( '', #1764 ) ;
#1183 = LINE ( 'NONE', #4690, #19 ) ;
#1184 = ORIENTED_EDGE ( 'NONE', *, *, #5602, .T. ) ;
#1185 = CARTESIAN_POINT ( 'NONE',  ( -1.100000000000000311, 0.1249999999999999445, 0.2000000000000000111 ) ) ;
#1186 = FACE_OUTER_BOUND ( 'NONE', #4164, .T. ) ;
#1187 = DIRECTION ( 'NONE',  ( -1.000000000000000000, 0.000000000000000000, 0.000000000000000000 ) ) ;
#1188 = ORIENTED_EDGE ( 'NONE', *, *, #4659, .F. ) ;
#1189 = DIRECTION ( 'NONE',  ( 1.000000000000000000, 0.000000000000000000, 0.000000000000000000 ) ) ;
#1190 = CARTESIAN_POINT ( 'NONE',  ( 0.8722324024491211469, 1.275446072592777647, 0.001000000000000000021 ) ) ;
#1191 = FACE_OUTER_BOUND ( 'NONE', #3803, .T. ) ;
#1192 = DIRECTION ( 'NONE',  ( -1.000000000000000000, 0.000000000000000000, 0.000000000000000000 ) ) ;
#1193 = SURFACE_STYLE_USAGE ( .BOTH. , #6533 ) ;
#1194 = PLANE ( 'NONE',  #2811 ) ;
#1195 = ORIENTED_EDGE ( 'NONE', *, *, #629, .F. ) ;
#1196 = SURFACE_SIDE_STYLE ('',( #340 ) ) ;
#1197 = ADVANCED_FACE ( 'NONE', ( #5688 ), #6643, .F. ) ;
#1198 = PLANE ( 'NONE',  #3643 ) ;
#1199 =( NAMED_UNIT ( * ) SI_UNIT ( $, .STERADIAN. ) SOLID_ANGLE_UNIT ( ) );
#1200 = MECHANICAL_DESIGN_GEOMETRIC_PRESENTATION_REPRESENTATION (  '', ( #5576 ), #6072 ) ;
#1201 = DIRECTION ( 'NONE',  ( 0.000000000000000000, 1.000000000000000000, 0.000000000000000000 ) ) ;
#1202 = SURFACE_STYLE_FILL_AREA ( #1696 ) ;
#1203 = VECTOR ( 'NONE', #4965, 1000.000000000000000 ) ;
#1204 = VECTOR ( 'NONE', #3691, 1000.000000000000000 ) ;
#1205 =( GEOMETRIC_REPRESENTATION_CONTEXT ( 3 ) GLOBAL_UNCERTAINTY_ASSIGNED_CONTEXT ( ( #5353 ) ) GLOBAL_UNIT_ASSIGNED_CONTEXT ( ( #5901, #2200, #5855 ) ) REPRESENTATION_CONTEXT ( 'NONE', 'WORKASPACE' ) );
#1206 = PLANE ( 'NONE',  #280 ) ;
#1207 =( LENGTH_UNIT ( ) NAMED_UNIT ( * ) SI_UNIT ( .MILLI., .METRE. ) );
#1208 = STYLED_ITEM ( 'NONE', ( #3542 ), #4186 ) ;
#1209 = EDGE_CURVE ( 'NONE', #2519, #6100, #2037, .T. ) ;
#1210 = CARTESIAN_POINT ( 'NONE',  ( 0.9533004639938436053, 1.259436665836882074, 0.000000000000000000 ) ) ;
#1211 = PLANE ( 'NONE',  #6809 ) ;
#1212 = B_SPLINE_CURVE_WITH_KNOTS ( 'NONE', 3,
 ( #1845, #5561, #6036, #3963, #3939, #2927, #265, #3997, #711, #4458, #5590, #780, #2950, #3912, #688, #1773, #1258, #1796, #5519 ),
 .UNSPECIFIED., .F., .F.,
 ( 4, 1, 1, 1, 1, 1, 1, 1, 1, 1, 1, 1, 1, 1, 1, 1, 4 ),
 ( 0.000000000000000000, 0.07064371857535321764, 0.1382567155089041433, 0.2033641242175798503, 0.2663240938030568827, 0.3279047615429896978, 0.3887377151730925795, 0.4494235281093023060, 0.5108610114593158391, 0.5720793960475140105, 0.6317344287314452522, 0.6911172105788382369, 0.7503600294901704437, 0.8100329005312619790, 0.8713624508287358683, 0.9344271412311535574, 1.000000000000000000 ),
 .UNSPECIFIED. ) ;
#1213 = UNCERTAINTY_MEASURE_WITH_UNIT (LENGTH_MEASURE( 1.000000000000000082E-05 ), #839, 'distance_accuracy_value', 'NONE');
#1214 = FILL_AREA_STYLE_COLOUR ( '', #4241 ) ;
#1215 = FACE_OUTER_BOUND ( 'NONE', #1344, .T. ) ;
#1216 = CARTESIAN_POINT ( 'NONE',  ( 0.9801297322865264450, 1.237485446324686711, 0.001000000000000000021 ) ) ;
#1217 = LINE ( 'NONE', #5695, #5974 ) ;
#1218 = CARTESIAN_POINT ( 'NONE',  ( -1.100000000000000311, -0.1250000000000000555, 0.2000000000000000111 ) ) ;
#1219 = DIRECTION ( 'NONE',  ( 1.000000000000000000, 0.000000000000000000, 0.000000000000000000 ) ) ;
#1220 = EDGE_CURVE ( 'NONE', #3654, #81, #3705, .T. ) ;
#1221 = VECTOR ( 'NONE', #4006, 1000.000000000000000 ) ;
#1222 = DIRECTION ( 'NONE',  ( 1.000000000000000000, 0.000000000000000000, -0.000000000000000000 ) ) ;
#1223 = FACE_OUTER_BOUND ( 'NONE', #5168, .T. ) ;
#1224 = ORIENTED_EDGE ( 'NONE', *, *, #3450, .F. ) ;
#1225 = CARTESIAN_POINT ( 'NONE',  ( 1.165495585945063528, 1.269802519495418780, 0.001000000000000000021 ) ) ;
#1226 = CARTESIAN_POINT ( 'NONE',  ( 0.8565694538754015097, 1.258846948118119702, 0.001000000000000000021 ) ) ;
#1227 = FACE_OUTER_BOUND ( 'NONE', #6344, .T. ) ;
#1228 = VERTEX_POINT ( 'NONE', #256 ) ;
#1229 = DIRECTION ( 'NONE',  ( 0.000000000000000000, 0.000000000000000000, -1.000000000000000000 ) ) ;
#1230 = CARTESIAN_POINT ( 'NONE',  ( 1.509999999999998455, -0.8750000000000001110, 0.2000000000000000111 ) ) ;
#1231 = DIRECTION ( 'NONE',  ( 0.000000000000000000, 0.000000000000000000, -1.000000000000000000 ) ) ;
#1232 = CARTESIAN_POINT ( 'NONE',  ( -1.100000000000000311, -0.1250000000000000555, -0.05000000000000000278 ) ) ;
#1233 = ORIENTED_EDGE ( 'NONE', *, *, #792, .T. ) ;
#1234 = FILL_AREA_STYLE ('',( #5057 ) ) ;
#1235 =( NAMED_UNIT ( * ) SI_UNIT ( $, .STERADIAN. ) SOLID_ANGLE_UNIT ( ) );
#1236 = CARTESIAN_POINT ( 'NONE',  ( 0.7186176179343702897, 1.401952874731250853, 0.000000000000000000 ) ) ;
#1237 = SURFACE_STYLE_FILL_AREA ( #4514 ) ;
#1238 = CARTESIAN_POINT ( 'NONE',  ( -1.100000000000000089, -0.3750000000000000555, -0.05000000000000000278 ) ) ;
#1239 = ADVANCED_FACE ( 'NONE', ( #2281 ), #4985, .T. ) ;
#1240 =( NAMED_UNIT ( * ) SI_UNIT ( $, .STERADIAN. ) SOLID_ANGLE_UNIT ( ) );
#1241 =( GEOMETRIC_REPRESENTATION_CONTEXT ( 3 ) GLOBAL_UNCERTAINTY_ASSIGNED_CONTEXT ( ( #1598 ) ) GLOBAL_UNIT_ASSIGNED_CONTEXT ( ( #5454, #3916, #1235 ) ) REPRESENTATION_CONTEXT ( 'NONE', 'WORKASPACE' ) );
#1242 = ORIENTED_EDGE ( 'NONE', *, *, #6053, .T. ) ;
#1243 = CARTESIAN_POINT ( 'NONE',  ( 0.8995600794452802695, 1.413006905503889854, 0.000000000000000000 ) ) ;
#1244 = CARTESIAN_POINT ( 'NONE',  ( 0.9249086957011607435, 1.259436665836882074, 0.001000000000000000021 ) ) ;
#1245 = CARTESIAN_POINT ( 'NONE',  ( -1.500000000000000222, 1.500000000000000000, 0.000000000000000000 ) ) ;
#1246 = FACE_OUTER_BOUND ( 'NONE', #2512, .T. ) ;
#1247 = EDGE_LOOP ( 'NONE', ( #477, #399, #1812, #1920 ) ) ;
#1248 = CARTESIAN_POINT ( 'NONE',  ( -0.8199999999999998401, 0.9399999999999998357, -0.05000000000000000278 ) ) ;
#1249 = ADVANCED_FACE ( 'NONE', ( #4201 ), #6470, .F. ) ;
#1250 = ORIENTED_EDGE ( 'NONE', *, *, #389, .T. ) ;
#1251 = AXIS2_PLACEMENT_3D ( 'NONE', #6904, #6883, #1165 ) ;
#1252 = MECHANICAL_DESIGN_GEOMETRIC_PRESENTATION_REPRESENTATION (  '', ( #756 ), #1971 ) ;
#1253 = EDGE_CURVE ( 'NONE', #4712, #6200, #5193, .T. ) ;
#1254 = VECTOR ( 'NONE', #1231, 1000.000000000000000 ) ;
#1255 = ORIENTED_EDGE ( 'NONE', *, *, #2300, .F. ) ;
#1256 = CARTESIAN_POINT ( 'NONE',  ( 1.100000000000000311, 0.3749999999999999445, -0.05000000000000000278 ) ) ;
#1257 = UNCERTAINTY_MEASURE_WITH_UNIT (LENGTH_MEASURE( 1.000000000000000082E-05 ), #782, 'distance_accuracy_value', 'NONE');
#1258 = CARTESIAN_POINT ( 'NONE',  ( 1.223259672544473098, 1.439675550436566809, 0.001000000000000000021 ) ) ;
#1259 =( NAMED_UNIT ( * ) PLANE_ANGLE_UNIT ( ) SI_UNIT ( $, .RADIAN. ) );
#1260 =( LENGTH_UNIT ( ) NAMED_UNIT ( * ) SI_UNIT ( .MILLI., .METRE. ) );
#1261 = VECTOR ( 'NONE', #126, 1000.000000000000000 ) ;
#1262 = FILL_AREA_STYLE ('',( #715 ) ) ;
#1263 = DIRECTION ( 'NONE',  ( 0.000000000000000000, -1.000000000000000000, 0.000000000000000000 ) ) ;
#1264 = MECHANICAL_DESIGN_GEOMETRIC_PRESENTATION_REPRESENTATION (  '', ( #5283 ), #2077 ) ;
#1265 = EDGE_CURVE ( 'NONE', #4901, #3300, #6279, .T. ) ;
#1266 = VERTEX_POINT ( 'NONE', #6498 ) ;
#1267 = ORIENTED_EDGE ( 'NONE', *, *, #2065, .T. ) ;
#1268 = DIRECTION ( 'NONE',  ( 0.000000000000000000, 1.000000000000000000, 0.000000000000000000 ) ) ;
#1269 = CARTESIAN_POINT ( 'NONE',  ( 0.9209556575330435368, 1.415475627978673101, -0.000000000000000000 ) ) ;
#1270 = ORIENTED_EDGE ( 'NONE', *, *, #3408, .F. ) ;
#1271 = FILL_AREA_STYLE_COLOUR ( '', #2193 ) ;
#1272 = FILL_AREA_STYLE_COLOUR ( '', #4048 ) ;
#1273 = STYLED_ITEM ( 'NONE', ( #73 ), #6332 ) ;
#1274 = EDGE_CURVE ( 'NONE', #6259, #1062, #4042, .T. ) ;
#1275 = FILL_AREA_STYLE_COLOUR ( '', #5762 ) ;
#1276 = COLOUR_RGB ( '',1.000000000000000000, 1.000000000000000000, 1.000000000000000000 ) ;
#1277 = EDGE_LOOP ( 'NONE', ( #3004, #2706, #5954, #5735 ) ) ;
#1278 = ADVANCED_FACE ( 'NONE', ( #1186 ), #6615, .T. ) ;
#1279 =( NAMED_UNIT ( * ) PLANE_ANGLE_UNIT ( ) SI_UNIT ( $, .RADIAN. ) );
#1280 = COLOUR_RGB ( '',1.000000000000000000, 1.000000000000000000, 1.000000000000000000 ) ;
#1281 =( NAMED_UNIT ( * ) SI_UNIT ( $, .STERADIAN. ) SOLID_ANGLE_UNIT ( ) );
#1282 = CARTESIAN_POINT ( 'NONE',  ( 0.7494132688718924129, 1.315534226812491658, 0.001000000000000000021 ) ) ;
#1283 = ORIENTED_EDGE ( 'NONE', *, *, #4528, .F. ) ;
#1284 = PRESENTATION_STYLE_ASSIGNMENT (( #4836 ) ) ;
#1285 = CARTESIAN_POINT ( 'NONE',  ( 0.000000000000000000, 0.000000000000000000, 0.001000000000000000021 ) ) ;
#1286 = EDGE_LOOP ( 'NONE', ( #5836, #6010, #4766, #6046, #4229, #2912 ) ) ;
#1287 = STYLED_ITEM ( 'NONE', ( #5607 ), #1379 ) ;
#1288 = CARTESIAN_POINT ( 'NONE',  ( 1.499999999999999778, 1.500000000000000000, 0.1999999999999999833 ) ) ;
#1289 =( NAMED_UNIT ( * ) PLANE_ANGLE_UNIT ( ) SI_UNIT ( $, .RADIAN. ) );
#1290 = DIRECTION ( 'NONE',  ( 0.3363908276654493101, -0.9417224702971433992, 0.000000000000000000 ) ) ;
#1291 = LINE ( 'NONE', #6015, #5543 ) ;
#1292 = VECTOR ( 'NONE', #6016, 1000.000000000000000 ) ;
#1293 = MECHANICAL_DESIGN_GEOMETRIC_PRESENTATION_REPRESENTATION (  '', ( #4077 ), #5941 ) ;
#1294 = EDGE_CURVE ( 'NONE', #1321, #2799, #1015, .T. ) ;
#1295 = SURFACE_SIDE_STYLE ('',( #3536 ) ) ;
#1296 = VERTEX_POINT ( 'NONE', #574 ) ;
#1297 = CARTESIAN_POINT ( 'NONE',  ( 1.175468052055328450, 1.435525046287441597, 0.001000000000000000021 ) ) ;
#1298 = CIRCLE ( 'NONE', #1742, 0.1251475869328494694 ) ;
#1299 = UNCERTAINTY_MEASURE_WITH_UNIT (LENGTH_MEASURE( 1.000000000000000082E-05 ), #518, 'distance_accuracy_value', 'NONE');
#1300 = FILL_AREA_STYLE ('',( #6128 ) ) ;
#1301 = EDGE_CURVE ( 'NONE', #5091, #2800, #6527, .T. ) ;
#1302 = CARTESIAN_POINT ( 'NONE',  ( -1.577021341797097314E-16, 1.000000000000000000, 0.2000000000000000111 ) ) ;
#1303 =( NAMED_UNIT ( * ) SI_UNIT ( $, .STERADIAN. ) SOLID_ANGLE_UNIT ( ) );
#1304 = CARTESIAN_POINT ( 'NONE',  ( -1.510000000000000453, 1.125000000000000000, 0.2000000000000000111 ) ) ;
#1305 = VECTOR ( 'NONE', #945, 1000.000000000000000 ) ;
#1306 = LINE ( 'NONE', #4801, #2393 ) ;
#1307 = CARTESIAN_POINT ( 'NONE',  ( 1.099999999999998535, -1.125000000000000222, -0.05000000000000000278 ) ) ;
#1308 = VECTOR ( 'NONE', #5025, 1000.000000000000000 ) ;
#1309 =( LENGTH_UNIT ( ) NAMED_UNIT ( * ) SI_UNIT ( .MILLI., .METRE. ) );
#1310 = ORIENTED_EDGE ( 'NONE', *, *, #3055, .T. ) ;
#1311 = CARTESIAN_POINT ( 'NONE',  ( 0.7195733298475021078, 1.399070812178345280, 0.000000000000000000 ) ) ;
#1312 = EDGE_CURVE ( 'NONE', #1525, #46, #6446, .T. ) ;
#1313 = VERTEX_POINT ( 'NONE', #2738 ) ;
#1314 = VECTOR ( 'NONE', #6747, 1000.000000000000000 ) ;
#1315 = ORIENTED_EDGE ( 'NONE', *, *, #6137, .T. ) ;
#1316 = CARTESIAN_POINT ( 'NONE',  ( 1.170333312788450986, 1.433961381430375326, 0.000000000000000000 ) ) ;
#1317 = ADVANCED_FACE ( 'NONE', ( #5356 ), #5373, .F. ) ;
#1318 = SURFACE_STYLE_FILL_AREA ( #966 ) ;
#1319 = COLOUR_RGB ( '',1.000000000000000000, 1.000000000000000000, 0.000000000000000000 ) ;
#1320 = LINE ( 'NONE', #2027, #645 ) ;
#1321 = VERTEX_POINT ( 'NONE', #1690 ) ;
#1322 = ORIENTED_EDGE ( 'NONE', *, *, #3348, .T. ) ;
#1323 = FILL_AREA_STYLE ('',( #3410 ) ) ;
#1324 = PLANE ( 'NONE',  #784 ) ;
#1325 =( GEOMETRIC_REPRESENTATION_CONTEXT ( 3 ) GLOBAL_UNCERTAINTY_ASSIGNED_CONTEXT ( ( #5566 ) ) GLOBAL_UNIT_ASSIGNED_CONTEXT ( ( #2790, #3865, #143 ) ) REPRESENTATION_CONTEXT ( 'NONE', 'WORKASPACE' ) );
#1326 = CARTESIAN_POINT ( 'NONE',  ( 0.8622976690633388230, 1.391479459645401429, 0.001000000000000000021 ) ) ;
#1327 = COLOUR_RGB ( '',1.000000000000000000, 1.000000000000000000, 1.000000000000000000 ) ;
#1328 = CARTESIAN_POINT ( 'NONE',  ( 1.223259672544473098, 1.439675550436566809, 0.000000000000000000 ) ) ;
#1329 = VECTOR ( 'NONE', #4118, 1000.000000000000000 ) ;
#1330 = EDGE_LOOP ( 'NONE', ( #4524, #3372, #6192, #2263 ) ) ;
#1331 = ORIENTED_EDGE ( 'NONE', *, *, #1086, .T. ) ;
#1332 = VERTEX_POINT ( 'NONE', #1225 ) ;
#1333 = DIRECTION ( 'NONE',  ( 1.000000000000000000, 0.000000000000000000, 0.000000000000000000 ) ) ;
#1334 = FILL_AREA_STYLE_COLOUR ( '', #2838 ) ;
#1335 = CARTESIAN_POINT ( 'NONE',  ( 0.9801297322865264450, 1.237485446324686711, 0.001000000000000000021 ) ) ;
#1336 = SURFACE_SIDE_STYLE ('',( #1237 ) ) ;
#1337 = DIRECTION ( 'NONE',  ( -0.000000000000000000, 1.000000000000000000, -0.000000000000000000 ) ) ;
#1338 = PRESENTATION_LAYER_ASSIGNMENT (  '', '', ( #6063 ) ) ;
#1339 = ORIENTED_EDGE ( 'NONE', *, *, #4833, .F. ) ;
#1340 = VERTEX_POINT ( 'NONE', #4474 ) ;
#1341 = DIRECTION ( 'NONE',  ( 0.000000000000000000, 1.000000000000000000, -0.000000000000000000 ) ) ;
#1342 = UNCERTAINTY_MEASURE_WITH_UNIT (LENGTH_MEASURE( 1.000000000000000082E-05 ), #4329, 'distance_accuracy_value', 'NONE');
#1343 = CARTESIAN_POINT ( 'NONE',  ( 1.284652735058817274, 1.361543276896464816, 0.000000000000000000 ) ) ;
#1344 = EDGE_LOOP ( 'NONE', ( #5912, #22, #1569, #4154 ) ) ;
#1345 = ORIENTED_EDGE ( 'NONE', *, *, #2198, .F. ) ;
#1346 = STYLED_ITEM ( 'NONE', ( #6467 ), #3692 ) ;
#1347 = EDGE_CURVE ( 'NONE', #6885, #270, #2787, .T. ) ;
#1348 = LINE ( 'NONE', #1692, #6185 ) ;
#1349 = FILL_AREA_STYLE ('',( #3454 ) ) ;
#1350 = VERTEX_POINT ( 'NONE', #678 ) ;
#1351 = FILL_AREA_STYLE ('',( #802 ) ) ;
#1352 = CARTESIAN_POINT ( 'NONE',  ( 0.8729391837169242496, 1.400991527482991161, 0.001000000000000000021 ) ) ;
#1353 = CARTESIAN_POINT ( 'NONE',  ( 1.261884570412264983, 1.428674280605811919, 0.000000000000000000 ) ) ;
#1354 = VECTOR ( 'NONE', #630, 1000.000000000000000 ) ;
#1355 =( NAMED_UNIT ( * ) PLANE_ANGLE_UNIT ( ) SI_UNIT ( $, .RADIAN. ) );
#1356 =( LENGTH_UNIT ( ) NAMED_UNIT ( * ) SI_UNIT ( .MILLI., .METRE. ) );
#1357 = EDGE_CURVE ( 'NONE', #4914, #2990, #1600, .T. ) ;
#1358 = VECTOR ( 'NONE', #3802, 1000.000000000000000 ) ;
#1359 = SURFACE_STYLE_USAGE ( .BOTH. , #5084 ) ;
#1360 = EDGE_LOOP ( 'NONE', ( #2925, #2084, #5209, #6274, #4827, #2256 ) ) ;
#1361 = DIRECTION ( 'NONE',  ( -0.000000000000000000, 1.000000000000000000, 0.000000000000000000 ) ) ;
#1362 = CARTESIAN_POINT ( 'NONE',  ( 0.6240321713109168167, 1.237485446324686711, 0.000000000000000000 ) ) ;
#1363 = DIRECTION ( 'NONE',  ( -1.000000000000000000, 0.000000000000000000, 0.000000000000000000 ) ) ;
#1364 = VERTEX_POINT ( 'NONE', #4961 ) ;
#1365 = VERTEX_POINT ( 'NONE', #5483 ) ;
#1366 = AXIS2_PLACEMENT_3D ( 'NONE', #5617, #1892, #6613 ) ;
#1367 = VECTOR ( 'NONE', #2986, 1000.000000000000000 ) ;
#1368 =( NAMED_UNIT ( * ) SI_UNIT ( $, .STERADIAN. ) SOLID_ANGLE_UNIT ( ) );
#1369 = DIRECTION ( 'NONE',  ( 0.000000000000000000, 0.000000000000000000, -1.000000000000000000 ) ) ;
#1370 = CARTESIAN_POINT ( 'NONE',  ( 0.8542050493524661059, 1.379492010606547803, 0.001000000000000000021 ) ) ;
#1371 = SURFACE_SIDE_STYLE ('',( #3115 ) ) ;
#1372 = VECTOR ( 'NONE', #901, 1000.000000000000000 ) ;
#1373 = VERTEX_POINT ( 'NONE', #1244 ) ;
#1374 = AXIS2_PLACEMENT_3D ( 'NONE', #5533, #725, #5463 ) ;
#1375 =( NAMED_UNIT ( * ) PLANE_ANGLE_UNIT ( ) SI_UNIT ( $, .RADIAN. ) );
#1376 = SURFACE_STYLE_USAGE ( .BOTH. , #4598 ) ;
#1377 = CARTESIAN_POINT ( 'NONE',  ( 1.245419056665099111, 1.262158219104640322, 0.001000000000000000021 ) ) ;
#1378 = VECTOR ( 'NONE', #5407, 1000.000000000000000 ) ;
#1379 = ADVANCED_FACE ( 'NONE', ( #5772 ), #210, .T. ) ;
#1380 = VECTOR ( 'NONE', #6707, 1000.000000000000000 ) ;
#1381 = DIRECTION ( 'NONE',  ( 1.000000000000000000, 0.000000000000000000, 0.000000000000000000 ) ) ;
#1382 = PRESENTATION_LAYER_ASSIGNMENT (  '', '', ( #1020 ) ) ;
#1383 = ORIENTED_EDGE ( 'NONE', *, *, #710, .F. ) ;
#1384 = STYLED_ITEM ( 'NONE', ( #5553 ), #3473 ) ;
#1385 = EDGE_CURVE ( 'NONE', #1313, #4712, #924, .T. ) ;
#1386 = CARTESIAN_POINT ( 'NONE',  ( 0.8736854565834226705, 1.248254720533709561, 0.000000000000000000 ) ) ;
#1387 = ORIENTED_EDGE ( 'NONE', *, *, #2848, .F. ) ;
#1388 = COLOUR_RGB ( '',1.000000000000000000, 1.000000000000000000, 1.000000000000000000 ) ;
#1389 = EDGE_LOOP ( 'NONE', ( #1650, #3666, #1678, #6398 ) ) ;
#1390 = STYLED_ITEM ( 'NONE', ( #279 ), #4602 ) ;
#1391 = EDGE_CURVE ( 'NONE', #6523, #5053, #2948, .T. ) ;
#1392 = CARTESIAN_POINT ( 'NONE',  ( 1.276606881596794141, 1.289624129309864697, 0.000000000000000000 ) ) ;
#1393 = VECTOR ( 'NONE', #2675, 1000.000000000000000 ) ;
#1394 = CARTESIAN_POINT ( 'NONE',  ( 0.8200000000000000622, 1.189999999999999947, -0.05000000000000000278 ) ) ;
#1395 = LINE ( 'NONE', #3029, #6918 ) ;
#1396 = SURFACE_STYLE_USAGE ( .BOTH. , #1371 ) ;
#1397 = VERTEX_POINT ( 'NONE', #4804 ) ;
#1398 = CARTESIAN_POINT ( 'NONE',  ( 1.202630051228305241, 1.257733464664141376, 0.001000000000000000021 ) ) ;
#1399 = CARTESIAN_POINT ( 'NONE',  ( 1.262980588415814287, 1.273136556711579326, 0.000000000000000000 ) ) ;
#1400 = CARTESIAN_POINT ( 'NONE',  ( 0.9200148106927686920, 1.437403547934170245, -0.000000000000000000 ) ) ;
#1401 = LINE ( 'NONE', #4711, #483 ) ;
#1402 = CARTESIAN_POINT ( 'NONE',  ( 1.099999999999998535, -1.125000000000000222, 0.000000000000000000 ) ) ;
#1403 = ORIENTED_EDGE ( 'NONE', *, *, #4806, .F. ) ;
#1404 = STYLED_ITEM ( 'NONE', ( #1482 ), #6169 ) ;
#1405 = PRESENTATION_LAYER_ASSIGNMENT (  '', '', ( #2725 ) ) ;
#1406 = VECTOR ( 'NONE', #4908, 1000.000000000000000 ) ;
#1407 = FACE_BOUND ( 'NONE', #3749, .T. ) ;
#1408 = CARTESIAN_POINT ( 'NONE',  ( 0.8461763412961886832, 1.348447796654637987, 0.000000000000000000 ) ) ;
#1409 = FILL_AREA_STYLE_COLOUR ( '', #664 ) ;
#1410 = ORIENTED_EDGE ( 'NONE', *, *, #4225, .F. ) ;
#1411 = ORIENTED_EDGE ( 'NONE', *, *, #5191, .T. ) ;
#1412 = VECTOR ( 'NONE', #1591, 1000.000000000000000 ) ;
#1413 = VERTEX_POINT ( 'NONE', #5799 ) ;
#1414 = MECHANICAL_DESIGN_GEOMETRIC_PRESENTATION_REPRESENTATION (  '', ( #4548 ), #39 ) ;
#1415 = ORIENTED_EDGE ( 'NONE', *, *, #2857, .T. ) ;
#1416 = PRESENTATION_LAYER_ASSIGNMENT (  '', '', ( #1587 ) ) ;
#1417 = ORIENTED_EDGE ( 'NONE', *, *, #2792, .F. ) ;
#1418 = ORIENTED_EDGE ( 'NONE', *, *, #4257, .T. ) ;
#1419 = DIRECTION ( 'NONE',  ( -1.366641393889291440E-16, -1.000000000000000000, -0.000000000000000000 ) ) ;
#1420 = CARTESIAN_POINT ( 'NONE',  ( 0.6533004639938435609, 1.237485446324686711, 0.001000000000000000021 ) ) ;
#1421 = CARTESIAN_POINT ( 'NONE',  ( 1.233647532169345418, 1.438265964758305149, 0.001000000000000000021 ) ) ;
#1422 = LINE ( 'NONE', #2493, #5593 ) ;
#1423 = CARTESIAN_POINT ( 'NONE',  ( 1.209652427596507929, 1.257091869674370033, 0.001000000000000000021 ) ) ;
#1424 = ORIENTED_EDGE ( 'NONE', *, *, #3023, .F. ) ;
#1425 = CARTESIAN_POINT ( 'NONE',  ( -1.509999999999999787, -0.8750000000000001110, 0.2000000000000000111 ) ) ;
#1426 = CARTESIAN_POINT ( 'NONE',  ( 0.8459833908231119137, 1.339429043885662418, 0.001000000000000000021 ) ) ;
#1427 = CARTESIAN_POINT ( 'NONE',  ( 1.212561134725551160, 1.439924470714930793, 0.001000000000000000021 ) ) ;
#1428 = UNCERTAINTY_MEASURE_WITH_UNIT (LENGTH_MEASURE( 1.000000000000000082E-05 ), #66, 'distance_accuracy_value', 'NONE');
#1429 = CARTESIAN_POINT ( 'NONE',  ( 0.8200000000000000622, 1.189999999999999947, 0.000000000000000000 ) ) ;
#1430 = ORIENTED_EDGE ( 'NONE', *, *, #1699, .F. ) ;
#1431 = UNCERTAINTY_MEASURE_WITH_UNIT (LENGTH_MEASURE( 1.000000000000000082E-05 ), #4447, 'distance_accuracy_value', 'NONE');
#1432 = PLANE ( 'NONE',  #4330 ) ;
#1433 = CARTESIAN_POINT ( 'NONE',  ( 0.8193932270903653281, 1.328818530467493764, 0.001000000000000000021 ) ) ;
#1434 = FACE_OUTER_BOUND ( 'NONE', #6694, .T. ) ;
#1435 =( GEOMETRIC_REPRESENTATION_CONTEXT ( 3 ) GLOBAL_UNCERTAINTY_ASSIGNED_CONTEXT ( ( #4728 ) ) GLOBAL_UNIT_ASSIGNED_CONTEXT ( ( #4437, #1724, #4378 ) ) REPRESENTATION_CONTEXT ( 'NONE', 'WORKASPACE' ) );
#1436 = EDGE_CURVE ( 'NONE', #982, #5370, #3778, .T. ) ;
#1437 = VERTEX_POINT ( 'NONE', #2076 ) ;
#1438 = CARTESIAN_POINT ( 'NONE',  ( 1.228121292254204189, 1.416678743383278150, 0.000000000000000000 ) ) ;
#1439 = VECTOR ( 'NONE', #5045, 1000.000000000000000 ) ;
#1440 = ORIENTED_EDGE ( 'NONE', *, *, #6810, .T. ) ;
#1441 = DIRECTION ( 'NONE',  ( 0.000000000000000000, 0.000000000000000000, -1.000000000000000000 ) ) ;
#1442 = ORIENTED_EDGE ( 'NONE', *, *, #4276, .F. ) ;
#1443 = SURFACE_SIDE_STYLE ('',( #1928 ) ) ;
#1444 =( GEOMETRIC_REPRESENTATION_CONTEXT ( 3 ) GLOBAL_UNCERTAINTY_ASSIGNED_CONTEXT ( ( #909 ) ) GLOBAL_UNIT_ASSIGNED_CONTEXT ( ( #5297, #4838, #68 ) ) REPRESENTATION_CONTEXT ( 'NONE', 'WORKASPACE' ) );
#1445 = EDGE_CURVE ( 'NONE', #5425, #165, #3291, .T. ) ;
#1446 = DIRECTION ( 'NONE',  ( 0.000000000000000000, -1.000000000000000000, 0.000000000000000000 ) ) ;
#1447 = LINE ( 'NONE', #5629, #6889 ) ;
#1448 = CARTESIAN_POINT ( 'NONE',  ( 0.000000000000000000, 0.000000000000000000, -0.05000000000000000278 ) ) ;
#1449 = DIRECTION ( 'NONE',  ( -0.000000000000000000, -0.000000000000000000, -1.000000000000000000 ) ) ;
#1450 = ADVANCED_FACE ( 'NONE', ( #4196 ), #3679, .F. ) ;
#1451 = CARTESIAN_POINT ( 'NONE',  ( 1.267271118221589887, 1.245438723017967986, 0.001000000000000000021 ) ) ;
#1452 = DIRECTION ( 'NONE',  ( -1.000000000000000000, 0.000000000000000000, 0.000000000000000000 ) ) ;
#1453 = CARTESIAN_POINT ( 'NONE',  ( 1.100000000000000311, 0.6249999999999998890, 0.2000000000000000111 ) ) ;
#1454 = DIRECTION ( 'NONE',  ( -1.000000000000000000, 0.000000000000000000, 0.000000000000000000 ) ) ;
#1455 = MECHANICAL_DESIGN_GEOMETRIC_PRESENTATION_REPRESENTATION (  '', ( #3604 ), #521 ) ;
#1456 = DIRECTION ( 'NONE',  ( 0.000000000000000000, -0.000000000000000000, 1.000000000000000000 ) ) ;
#1457 =( GEOMETRIC_REPRESENTATION_CONTEXT ( 3 ) GLOBAL_UNCERTAINTY_ASSIGNED_CONTEXT ( ( #6791 ) ) GLOBAL_UNIT_ASSIGNED_CONTEXT ( ( #953, #2614, #934 ) ) REPRESENTATION_CONTEXT ( 'NONE', 'WORKASPACE' ) );
#1458 = COLOUR_RGB ( '',1.000000000000000000, 1.000000000000000000, 1.000000000000000000 ) ;
#1459 = CARTESIAN_POINT ( 'NONE',  ( 1.242543737154283123, 1.412543412081044725, 0.000000000000000000 ) ) ;
#1460 = LINE ( 'NONE', #4558, #4721 ) ;
#1461 = VECTOR ( 'NONE', #1965, 1000.000000000000000 ) ;
#1462 = CARTESIAN_POINT ( 'NONE',  ( 1.312823411706268040, 1.312648833623158984, 0.000000000000000000 ) ) ;
#1463 = EDGE_CURVE ( 'NONE', #1510, #6523, #3446, .T. ) ;
#1464 = CARTESIAN_POINT ( 'NONE',  ( 1.287446805457258314, 1.335351299983223328, 0.000000000000000000 ) ) ;
#1465 = AXIS2_PLACEMENT_3D ( 'NONE', #246, #1441, #3567 ) ;
#1466 = CARTESIAN_POINT ( 'NONE',  ( -1.100000000000000311, -0.1250000000000000555, 0.000000000000000000 ) ) ;
#1467 = COLOUR_RGB ( '',1.000000000000000000, 1.000000000000000000, 1.000000000000000000 ) ;
#1468 = CARTESIAN_POINT ( 'NONE',  ( 1.287446805457258314, 1.335351299983223328, 0.001000000000000000021 ) ) ;
#1469 = SURFACE_STYLE_FILL_AREA ( #2089 ) ;
#1470 = SURFACE_SIDE_STYLE ('',( #6584 ) ) ;
#1471 = SURFACE_STYLE_USAGE ( .BOTH. , #2088 ) ;
#1472 = CARTESIAN_POINT ( 'NONE',  ( 1.100000000000000311, 0.1249999999999999445, 0.2000000000000000111 ) ) ;
#1473 = VECTOR ( 'NONE', #3793, 1000.000000000000000 ) ;
#1474 = PRESENTATION_LAYER_ASSIGNMENT (  '', '', ( #756 ) ) ;
#1475 = EDGE_CURVE ( 'NONE', #5416, #5115, #1683, .T. ) ;
#1476 = FACE_OUTER_BOUND ( 'NONE', #4024, .T. ) ;
#1477 = CARTESIAN_POINT ( 'NONE',  ( 1.100000000000000311, 0.8749999999999998890, 0.2000000000000000111 ) ) ;
#1478 = ORIENTED_EDGE ( 'NONE', *, *, #4974, .F. ) ;
#1479 = EDGE_LOOP ( 'NONE', ( #1580, #4362, #992, #6468 ) ) ;
#1480 = CARTESIAN_POINT ( 'NONE',  ( 0.9533004639938436053, 1.259436665836882074, 0.001000000000000000021 ) ) ;
#1481 = SURFACE_SIDE_STYLE ('',( #3310 ) ) ;
#1482 = PRESENTATION_STYLE_ASSIGNMENT (( #1736 ) ) ;
#1483 = CARTESIAN_POINT ( 'NONE',  ( 1.255382488047387390, 1.405475844549583853, 0.001000000000000000021 ) ) ;
#1484 = COLOUR_RGB ( '',1.000000000000000000, 1.000000000000000000, 0.000000000000000000 ) ;
#1485 = VERTEX_POINT ( 'NONE', #4223 ) ;
#1486 =( GEOMETRIC_REPRESENTATION_CONTEXT ( 3 ) GLOBAL_UNCERTAINTY_ASSIGNED_CONTEXT ( ( #121 ) ) GLOBAL_UNIT_ASSIGNED_CONTEXT ( ( #1006, #6790, #2616 ) ) REPRESENTATION_CONTEXT ( 'NONE', 'WORKASPACE' ) );
#1487 = EDGE_CURVE ( 'NONE', #2228, #1413, #5858, .T. ) ;
#1488 = CARTESIAN_POINT ( 'NONE',  ( 1.275057583917853732, 1.250105509096871126, 0.000000000000000000 ) ) ;
#1489 = B_SPLINE_SURFACE_WITH_KNOTS ( 'NONE', 3, 1, ( 
 ( #3331, #3890 ),
 ( #4395, #2816 ),
 ( #2180, #4416 ),
 ( #6486, #4328 ),
 ( #3259, #2795 ),
 ( #1654, #5990 ),
 ( #4835, #4382 ),
 ( #591, #5362 ),
 ( #1190, #1630 ),
 ( #3787, #1121 ),
 ( #4903, #4860 ),
 ( #5383, #2201 ),
 ( #1703, #87 ),
 ( #1144, #4883 ),
 ( #4926, #1682 ),
 ( #5408, #110 ),
 ( #5452, #3841 ),
 ( #6633, #3439 ),
 ( #5564, #2336 ) ),
 .UNSPECIFIED., .F., .F., .F.,
 ( 4, 1, 1, 1, 1, 1, 1, 1, 1, 1, 1, 1, 1, 1, 1, 1, 4 ),
 ( 2, 2 ),
 ( 0.000000000000000000, 0.07082657255516335015, 0.1381690332797999576, 0.2024753315338420068, 0.2639737544135196123, 0.3233803205980372297, 0.3817976227131847367, 0.4393900745193887181, 0.4969027245459969322, 0.5546621696093696485, 0.6127418784921965234, 0.6715388363911721781, 0.7316557220901982461, 0.7942978116139520761, 0.8594822049793571228, 0.9276813254527892516, 1.000000000000000000 ),
 ( 0.000000000000000000, 1.000000000000000000 ),
 .UNSPECIFIED. ) ;
#1490 = FACE_OUTER_BOUND ( 'NONE', #6001, .T. ) ;
#1491 = ORIENTED_EDGE ( 'NONE', *, *, #2753, .T. ) ;
#1492 =( NAMED_UNIT ( * ) SI_UNIT ( $, .STERADIAN. ) SOLID_ANGLE_UNIT ( ) );
#1493 = CARTESIAN_POINT ( 'NONE',  ( -1.500000000000000222, 1.500000000000000000, 0.1999999999999999833 ) ) ;
#1494 = CARTESIAN_POINT ( 'NONE',  ( 1.250089152722355434, 1.238675492615672447, 0.001000000000000000021 ) ) ;
#1495 = LINE ( 'NONE', #852, #5579 ) ;
#1496 = VECTOR ( 'NONE', #5639, 1000.000000000000000 ) ;
#1497 = MECHANICAL_DESIGN_GEOMETRIC_PRESENTATION_REPRESENTATION (  '', ( #2724 ), #4375 ) ;
#1498 = VERTEX_POINT ( 'NONE', #2645 ) ;
#1499 = ORIENTED_EDGE ( 'NONE', *, *, #3374, .F. ) ;
#1500 = DIRECTION ( 'NONE',  ( -0.000000000000000000, 1.000000000000000000, 0.000000000000000000 ) ) ;
#1501 = CARTESIAN_POINT ( 'NONE',  ( 1.500000000000000222, -1.500000000000000000, 0.8499999999999999778 ) ) ;
#1502 = VECTOR ( 'NONE', #3471, 1000.000000000000000 ) ;
#1503 = DIRECTION ( 'NONE',  ( 1.000000000000000000, 0.000000000000000000, 0.000000000000000000 ) ) ;
#1504 = EDGE_LOOP ( 'NONE', ( #853, #5953, #6146, #4509 ) ) ;
#1505 = CARTESIAN_POINT ( 'NONE',  ( 1.499999999999999778, 1.500000000000000000, 0.8499999999999999778 ) ) ;
#1506 = ORIENTED_EDGE ( 'NONE', *, *, #2034, .T. ) ;
#1507 = CARTESIAN_POINT ( 'NONE',  ( 1.228121292254204189, 1.416678743383278150, 0.001000000000000000021 ) ) ;
#1508 = ORIENTED_EDGE ( 'NONE', *, *, #1391, .T. ) ;
#1509 = CARTESIAN_POINT ( 'NONE',  ( 1.250089152722355434, 1.238675492615672447, 0.000000000000000000 ) ) ;
#1510 = VERTEX_POINT ( 'NONE', #1082 ) ;
#1511 = CARTESIAN_POINT ( 'NONE',  ( -1.500000000000000222, 1.500000000000000000, 0.1999999999999999833 ) ) ;
#1512 =( NAMED_UNIT ( * ) PLANE_ANGLE_UNIT ( ) SI_UNIT ( $, .RADIAN. ) );
#1513 = ORIENTED_EDGE ( 'NONE', *, *, #5335, .F. ) ;
#1514 = SURFACE_SIDE_STYLE ('',( #1318 ) ) ;
#1515 = DIRECTION ( 'NONE',  ( 1.000000000000000000, 0.000000000000000000, -0.000000000000000000 ) ) ;
#1516 = CARTESIAN_POINT ( 'NONE',  ( 1.312823411706268040, 1.312648833623158984, 0.001000000000000000021 ) ) ;
#1517 =( GEOMETRIC_REPRESENTATION_CONTEXT ( 3 ) GLOBAL_UNCERTAINTY_ASSIGNED_CONTEXT ( ( #4816 ) ) GLOBAL_UNIT_ASSIGNED_CONTEXT ( ( #1558, #5291, #5854 ) ) REPRESENTATION_CONTEXT ( 'NONE', 'WORKASPACE' ) );
#1518 = EDGE_CURVE ( 'NONE', #3277, #5652, #3037, .T. ) ;
#1519 = CARTESIAN_POINT ( 'NONE',  ( 1.230787404993245460, 1.235275279184535169, 0.000000000000000000 ) ) ;
#1520 = SURFACE_STYLE_FILL_AREA ( #5006 ) ;
#1521 = ORIENTED_EDGE ( 'NONE', *, *, #4894, .T. ) ;
#1522 = CARTESIAN_POINT ( 'NONE',  ( -1.499999999999999556, -1.500000000000000000, 0.8499999999999999778 ) ) ;
#1523 = EDGE_CURVE ( 'NONE', #6842, #1842, #275, .T. ) ;
#1524 = CARTESIAN_POINT ( 'NONE',  ( 1.215042348561867769, 1.417914983985539834, 0.000000000000000000 ) ) ;
#1525 = VERTEX_POINT ( 'NONE', #1573 ) ;
#1526 =( LENGTH_UNIT ( ) NAMED_UNIT ( * ) SI_UNIT ( .MILLI., .METRE. ) );
#1527 = CARTESIAN_POINT ( 'NONE',  ( 1.176369150167910549, 1.410823848447366524, 0.000000000000000000 ) ) ;
#1528 = VECTOR ( 'NONE', #2561, 1000.000000000000000 ) ;
#1529 = VECTOR ( 'NONE', #503, 1000.000000000000000 ) ;
#1530 = DIRECTION ( 'NONE',  ( -1.000000000000000000, 0.000000000000000000, -0.000000000000000000 ) ) ;
#1531 = MECHANICAL_DESIGN_GEOMETRIC_PRESENTATION_REPRESENTATION (  '', ( #24 ), #374 ) ;
#1532 = EDGE_CURVE ( 'NONE', #2860, #5438, #5516, .T. ) ;
#1533 =( NAMED_UNIT ( * ) SI_UNIT ( $, .STERADIAN. ) SOLID_ANGLE_UNIT ( ) );
#1534 = LINE ( 'NONE', #5428, #2641 ) ;
#1535 = CARTESIAN_POINT ( 'NONE',  ( 0.8192339561091838140, 1.343626083541322735, -0.000000000000000000 ) ) ;
#1536 = CARTESIAN_POINT ( 'NONE',  ( 1.214414343295326493, 1.257029349556122222, -0.000000000000000000 ) ) ;
#1537 = CARTESIAN_POINT ( 'NONE',  ( 1.275057583917853732, 1.250105509096871126, 0.001000000000000000021 ) ) ;
#1538 = LINE ( 'NONE', #489, #5710 ) ;
#1539 = DIRECTION ( 'NONE',  ( -0.000000000000000000, -0.000000000000000000, -1.000000000000000000 ) ) ;
#1540 = CARTESIAN_POINT ( 'NONE',  ( -1.099999999999999867, -0.8750000000000001110, 0.2000000000000000111 ) ) ;
#1541 = CARTESIAN_POINT ( 'NONE',  ( 1.406959000579209640, 1.437485446324686889, 0.000000000000000000 ) ) ;
#1542 = SURFACE_STYLE_USAGE ( .BOTH. , #3672 ) ;
#1543 = ORIENTED_EDGE ( 'NONE', *, *, #2240, .T. ) ;
#1544 = MECHANICAL_DESIGN_GEOMETRIC_PRESENTATION_REPRESENTATION (  '', ( #3476 ), #1908 ) ;
#1545 = SURFACE_STYLE_USAGE ( .BOTH. , #1481 ) ;
#1546 = PLANE ( 'NONE',  #1251 ) ;
#1547 = SURFACE_STYLE_FILL_AREA ( #5339 ) ;
#1548 = ADVANCED_FACE ( 'NONE', ( #27 ), #4248, .T. ) ;
#1549 = LINE ( 'NONE', #5968, #1378 ) ;
#1550 = CARTESIAN_POINT ( 'NONE',  ( 0.8471675841364655346, 1.357083998228073796, 0.000000000000000000 ) ) ;
#1551 = CARTESIAN_POINT ( 'NONE',  ( 1.215042348561867769, 1.417914983985539834, -0.000000000000000000 ) ) ;
#1552 = UNCERTAINTY_MEASURE_WITH_UNIT (LENGTH_MEASURE( 1.000000000000000082E-05 ), #4493, 'distance_accuracy_value', 'NONE');
#1553 = LINE ( 'NONE', #4120, #148 ) ;
#1554 = EDGE_LOOP ( 'NONE', ( #2395, #283, #5895, #2175 ) ) ;
#1555 = PRESENTATION_LAYER_ASSIGNMENT (  '', '', ( #360 ) ) ;
#1556 = CARTESIAN_POINT ( 'NONE',  ( 0.8208438503082605697, 1.361052690609903637, 0.000000000000000000 ) ) ;
#1557 = VECTOR ( 'NONE', #1661, 1000.000000000000000 ) ;
#1558 =( LENGTH_UNIT ( ) NAMED_UNIT ( * ) SI_UNIT ( .MILLI., .METRE. ) );
#1559 = ORIENTED_EDGE ( 'NONE', *, *, #1036, .T. ) ;
#1560 = ORIENTED_EDGE ( 'NONE', *, *, #5950, .T. ) ;
#1561 = CARTESIAN_POINT ( 'NONE',  ( 1.165495585945063528, 1.247851299983223639, 0.001000000000000000021 ) ) ;
#1562 = DIRECTION ( 'NONE',  ( 0.000000000000000000, -1.000000000000000000, 0.000000000000000000 ) ) ;
#1563 = FILL_AREA_STYLE ('',( #3668 ) ) ;
#1564 = DIRECTION ( 'NONE',  ( -0.000000000000000000, -0.000000000000000000, -1.000000000000000000 ) ) ;
#1565 = AXIS2_PLACEMENT_3D ( 'NONE', #5986, #2882, #4899 ) ;
#1566 = EDGE_CURVE ( 'NONE', #5053, #2682, #184, .T. ) ;
#1567 = FACE_OUTER_BOUND ( 'NONE', #4567, .T. ) ;
#1568 = DIRECTION ( 'NONE',  ( -0.000000000000000000, -0.000000000000000000, -1.000000000000000000 ) ) ;
#1569 = ORIENTED_EDGE ( 'NONE', *, *, #3467, .T. ) ;
#1570 = CARTESIAN_POINT ( 'NONE',  ( 1.206042969389532260, 1.417878158392744226, 0.001000000000000000021 ) ) ;
#1571 = CARTESIAN_POINT ( 'NONE',  ( 0.8511905432804502958, 1.372601142617033920, 0.001000000000000000021 ) ) ;
#1572 = PRESENTATION_STYLE_ASSIGNMENT (( #1193 ) ) ;
#1573 = CARTESIAN_POINT ( 'NONE',  ( 0.7752516835060386802, 1.237485446324686711, 0.001000000000000000021 ) ) ;
#1574 = ORIENTED_EDGE ( 'NONE', *, *, #4098, .T. ) ;
#1575 = AXIS2_PLACEMENT_3D ( 'NONE', #971, #3284, #4356 ) ;
#1576 = EDGE_CURVE ( 'NONE', #335, #2018, #4927, .T. ) ;
#1577 = SURFACE_STYLE_USAGE ( .BOTH. , #4734 ) ;
#1578 = SURFACE_STYLE_FILL_AREA ( #4592 ) ;
#1579 =( NAMED_UNIT ( * ) SI_UNIT ( $, .STERADIAN. ) SOLID_ANGLE_UNIT ( ) );
#1580 = ORIENTED_EDGE ( 'NONE', *, *, #2923, .F. ) ;
#1581 = ORIENTED_EDGE ( 'NONE', *, *, #2377, .F. ) ;
#1582 = VERTEX_POINT ( 'NONE', #1909 ) ;
#1583 = CARTESIAN_POINT ( 'NONE',  ( 1.099641927408477882, 1.327729348763711181, 0.000000000000000000 ) ) ;
#1584 = CARTESIAN_POINT ( 'NONE',  ( 0.7126373542377459902, 1.399070812178345280, 0.000000000000000000 ) ) ;
#1585 = CARTESIAN_POINT ( 'NONE',  ( 1.216829427408477660, 1.256997641446638170, 0.001000000000000000021 ) ) ;
#1586 = CARTESIAN_POINT ( 'NONE',  ( 1.216173370119493891, 1.439840425712240135, -0.000000000000000000 ) ) ;
#1587 = STYLED_ITEM ( 'NONE', ( #5796 ), #6847 ) ;
#1588 = CARTESIAN_POINT ( 'NONE',  ( 1.267271118221589887, 1.245438723017967986, 0.000000000000000000 ) ) ;
#1589 = DIRECTION ( 'NONE',  ( 0.9417224702971433992, 0.3363908276654493101, -0.000000000000000000 ) ) ;
#1590 = ORIENTED_EDGE ( 'NONE', *, *, #846, .T. ) ;
#1591 = DIRECTION ( 'NONE',  ( 0.3222024856061130316, -0.9466707760722533616, 0.000000000000000000 ) ) ;
#1592 =( NAMED_UNIT ( * ) PLANE_ANGLE_UNIT ( ) SI_UNIT ( $, .RADIAN. ) );
#1593 = CARTESIAN_POINT ( 'NONE',  ( 1.099999999999998535, -0.8750000000000001110, 0.2000000000000000111 ) ) ;
#1594 = LINE ( 'NONE', #6221, #6099 ) ;
#1595 = ORIENTED_EDGE ( 'NONE', *, *, #4368, .F. ) ;
#1596 =( LENGTH_UNIT ( ) NAMED_UNIT ( * ) SI_UNIT ( .MILLI., .METRE. ) );
#1597 = PRESENTATION_LAYER_ASSIGNMENT (  '', '', ( #393 ) ) ;
#1598 = UNCERTAINTY_MEASURE_WITH_UNIT (LENGTH_MEASURE( 1.000000000000000082E-05 ), #5454, 'distance_accuracy_value', 'NONE');
#1599 = DIRECTION ( 'NONE',  ( 1.000000000000000000, 0.000000000000000000, 0.000000000000000000 ) ) ;
#1600 = LINE ( 'NONE', #5508, #112 ) ;
#1601 = ORIENTED_EDGE ( 'NONE', *, *, #319, .F. ) ;
#1602 = CARTESIAN_POINT ( 'NONE',  ( 1.167372264100061230, 1.246815450049244989, 0.001000000000000000021 ) ) ;
#1603 = LINE ( 'NONE', #3126, #6360 ) ;
#1604 =( NAMED_UNIT ( * ) SI_UNIT ( $, .STERADIAN. ) SOLID_ANGLE_UNIT ( ) );
#1605 = STYLED_ITEM ( 'NONE', ( #5394 ), #3001 ) ;
#1606 = EDGE_CURVE ( 'NONE', #5115, #831, #918, .T. ) ;
#1607 = ORIENTED_EDGE ( 'NONE', *, *, #6124, .F. ) ;
#1608 = CARTESIAN_POINT ( 'NONE',  ( 1.261884570412264983, 1.428674280605811919, 0.000000000000000000 ) ) ;
#1609 = SURFACE_STYLE_FILL_AREA ( #6257 ) ;
#1610 = DIRECTION ( 'NONE',  ( 0.000000000000000000, 1.000000000000000000, 0.000000000000000000 ) ) ;
#1611 = COLOUR_RGB ( '',1.000000000000000000, 1.000000000000000000, 0.000000000000000000 ) ;
#1612 = CARTESIAN_POINT ( 'NONE',  ( 1.287377542561369159, 1.338440518171786886, 0.001000000000000000021 ) ) ;
#1613 = SURFACE_STYLE_FILL_AREA ( #2062 ) ;
#1614 = CARTESIAN_POINT ( 'NONE',  ( 0.9022455687312944672, 1.436023177143275653, 0.001000000000000000021 ) ) ;
#1615 = ORIENTED_EDGE ( 'NONE', *, *, #6589, .T. ) ;
#1616 = DIRECTION ( 'NONE',  ( -1.000000000000000000, 0.000000000000000000, 0.000000000000000000 ) ) ;
#1617 =( GEOMETRIC_REPRESENTATION_CONTEXT ( 3 ) GLOBAL_UNCERTAINTY_ASSIGNED_CONTEXT ( ( #2169 ) ) GLOBAL_UNIT_ASSIGNED_CONTEXT ( ( #4915, #4874, #6426 ) ) REPRESENTATION_CONTEXT ( 'NONE', 'WORKASPACE' ) );
#1618 = EDGE_CURVE ( 'NONE', #4345, #5425, #1594, .T. ) ;
#1619 = COLOUR_RGB ( '',1.000000000000000000, 1.000000000000000000, 1.000000000000000000 ) ;
#1620 = DIRECTION ( 'NONE',  ( -0.000000000000000000, -0.000000000000000000, -1.000000000000000000 ) ) ;
#1621 = CARTESIAN_POINT ( 'NONE',  ( 1.019154122530429030, 1.237485446324686711, 0.001000000000000000021 ) ) ;
#1622 = ORIENTED_EDGE ( 'NONE', *, *, #2162, .F. ) ;
#1623 = CARTESIAN_POINT ( 'NONE',  ( 1.287446805457258314, 1.335351299983223328, 0.000000000000000000 ) ) ;
#1624 =( GEOMETRIC_REPRESENTATION_CONTEXT ( 3 ) GLOBAL_UNCERTAINTY_ASSIGNED_CONTEXT ( ( #3026 ) ) GLOBAL_UNIT_ASSIGNED_CONTEXT ( ( #458, #941, #5260 ) ) REPRESENTATION_CONTEXT ( 'NONE', 'WORKASPACE' ) );
#1625 = EDGE_CURVE ( 'NONE', #6162, #5581, #3199, .T. ) ;
#1626 = PLANE ( 'NONE',  #3592 ) ;
#1627 = CARTESIAN_POINT ( 'NONE',  ( -1.100000000000000311, 0.1249999999999999445, 0.2000000000000000111 ) ) ;
#1628 = FILL_AREA_STYLE_COLOUR ( '', #1388 ) ;
#1629 = CARTESIAN_POINT ( 'NONE',  ( 1.500000000000000222, -0.8750000000000003331, 0.8499999999999999778 ) ) ;
#1630 = CARTESIAN_POINT ( 'NONE',  ( 0.8722324024491211469, 1.275446072592777647, 0.000000000000000000 ) ) ;
#1631 =( NAMED_UNIT ( * ) PLANE_ANGLE_UNIT ( ) SI_UNIT ( $, .RADIAN. ) );
#1632 = CARTESIAN_POINT ( 'NONE',  ( 1.024032171310916839, 1.415534226812491747, 0.001000000000000000021 ) ) ;
#1633 = VECTOR ( 'NONE', #6161, 1000.000000000000000 ) ;
#1634 = DIRECTION ( 'NONE',  ( 0.000000000000000000, 1.000000000000000000, 0.000000000000000000 ) ) ;
#1635 = B_SPLINE_CURVE_WITH_KNOTS ( 'NONE', 3,
 ( #6888, #2599, #5351, #481, #5263, #3657, #2626, #4807, #26, #4226, #2127 ),
 .UNSPECIFIED., .F., .F.,
 ( 4, 1, 1, 1, 1, 1, 1, 1, 4 ),
 ( 0.000000000000000000, 0.1124483899088015437, 0.2265276752126758886, 0.3444019493260268572, 0.4658649724874586173, 0.5916594493521168951, 0.7221684870248867849, 0.8586063875549251323, 1.000000000000000000 ),
 .UNSPECIFIED. ) ;
#1636 = SURFACE_SIDE_STYLE ('',( #5734 ) ) ;
#1637 = UNCERTAINTY_MEASURE_WITH_UNIT (LENGTH_MEASURE( 1.000000000000000082E-05 ), #3333, 'distance_accuracy_value', 'NONE');
#1638 = STYLED_ITEM ( 'NONE', ( #5939 ), #1548 ) ;
#1639 = PRESENTATION_STYLE_ASSIGNMENT (( #2019 ) ) ;
#1640 = SURFACE_SIDE_STYLE ('',( #1829 ) ) ;
#1641 = UNCERTAINTY_MEASURE_WITH_UNIT (LENGTH_MEASURE( 1.000000000000000082E-05 ), #6039, 'distance_accuracy_value', 'NONE');
#1642 = LINE ( 'NONE', #4515, #6307 ) ;
#1643 = VECTOR ( 'NONE', #5410, 1000.000000000000227 ) ;
#1644 = FILL_AREA_STYLE_COLOUR ( '', #3696 ) ;
#1645 = DIRECTION ( 'NONE',  ( -0.000000000000000000, -0.000000000000000000, -1.000000000000000000 ) ) ;
#1646 = ORIENTED_EDGE ( 'NONE', *, *, #4938, .F. ) ;
#1647 = COLOUR_RGB ( '',1.000000000000000000, 1.000000000000000000, 1.000000000000000000 ) ;
#1648 = STYLED_ITEM ( 'NONE', ( #2312 ), #2834 ) ;
#1649 = EDGE_CURVE ( 'NONE', #1350, #2296, #6784, .T. ) ;
#1650 = ORIENTED_EDGE ( 'NONE', *, *, #1744, .T. ) ;
#1651 = CARTESIAN_POINT ( 'NONE',  ( 1.183560558296051557, 1.239933006985688646, 0.001000000000000000021 ) ) ;
#1652 = PRESENTATION_STYLE_ASSIGNMENT (( #2797 ) ) ;
#1653 = DIRECTION ( 'NONE',  ( -0.000000000000000000, 1.000000000000000000, -0.000000000000000000 ) ) ;
#1654 = CARTESIAN_POINT ( 'NONE',  ( 0.8918252088146212397, 1.264528664913179501, 0.001000000000000000021 ) ) ;
#1655 = SURFACE_SIDE_STYLE ('',( #5201 ) ) ;
#1656 = ORIENTED_EDGE ( 'NONE', *, *, #4541, .T. ) ;
#1657 =( NAMED_UNIT ( * ) PLANE_ANGLE_UNIT ( ) SI_UNIT ( $, .RADIAN. ) );
#1658 = DIRECTION ( 'NONE',  ( 1.000000000000000000, 0.000000000000000000, 0.000000000000000000 ) ) ;
#1659 = PRESENTATION_LAYER_ASSIGNMENT (  '', '', ( #6905 ) ) ;
#1660 = EDGE_CURVE ( 'NONE', #4374, #6422, #5852, .T. ) ;
#1661 = DIRECTION ( 'NONE',  ( 2.168404344971008868E-16, -1.000000000000000000, 0.000000000000000000 ) ) ;
#1662 = LINE ( 'NONE', #956, #2173 ) ;
#1663 = CARTESIAN_POINT ( 'NONE',  ( 1.500000000000000000, -0.6250000000000001110, 0.000000000000000000 ) ) ;
#1664 = LINE ( 'NONE', #3573, #2244 ) ;
#1665 = CARTESIAN_POINT ( 'NONE',  ( 1.510000000000000231, 0.8749999999999998890, -0.05000000000000000278 ) ) ;
#1666 = ORIENTED_EDGE ( 'NONE', *, *, #1220, .T. ) ;
#1667 = ORIENTED_EDGE ( 'NONE', *, *, #1436, .T. ) ;
#1668 = ORIENTED_EDGE ( 'NONE', *, *, #1157, .F. ) ;
#1669 =( NAMED_UNIT ( * ) PLANE_ANGLE_UNIT ( ) SI_UNIT ( $, .RADIAN. ) );
#1670 = LINE ( 'NONE', #1975, #911 ) ;
#1671 = DIRECTION ( 'NONE',  ( -0.3635424856527061932, -0.9315776194850602376, 0.000000000000000000 ) ) ;
#1672 = LINE ( 'NONE', #5520, #3856 ) ;
#1673 = EDGE_CURVE ( 'NONE', #1228, #114, #3280, .T. ) ;
#1674 = ORIENTED_EDGE ( 'NONE', *, *, #2520, .T. ) ;
#1675 = ADVANCED_FACE ( 'NONE', ( #4852 ), #6741, .T. ) ;
#1676 = ORIENTED_EDGE ( 'NONE', *, *, #6073, .F. ) ;
#1677 = PRESENTATION_STYLE_ASSIGNMENT (( #129 ) ) ;
#1678 = ORIENTED_EDGE ( 'NONE', *, *, #3970, .F. ) ;
#1679 = CARTESIAN_POINT ( 'NONE',  ( 1.176889705908791939, 1.264134464263011237, 0.000000000000000000 ) ) ;
#1680 = SURFACE_SIDE_STYLE ('',( #556 ) ) ;
#1681 = DIRECTION ( 'NONE',  ( 0.000000000000000000, 0.000000000000000000, -1.000000000000000000 ) ) ;
#1682 = CARTESIAN_POINT ( 'NONE',  ( 0.8487744976868977220, 1.313476808538272422, 0.000000000000000000 ) ) ;
#1683 = LINE ( 'NONE', #4785, #2531 ) ;
#1684 = CARTESIAN_POINT ( 'NONE',  ( 0.9238035127743313701, 1.415534226812491747, 0.001000000000000000021 ) ) ;
#1685 = ORIENTED_EDGE ( 'NONE', *, *, #5456, .T. ) ;
#1686 = CARTESIAN_POINT ( 'NONE',  ( 0.7177895898165425059, 1.405210836975925304, 0.000000000000000000 ) ) ;
#1687 = CARTESIAN_POINT ( 'NONE',  ( -1.355469082536401526, 1.206650258449453395, 0.8499999999999999778 ) ) ;
#1688 = CARTESIAN_POINT ( 'NONE',  ( 0.9074490843690673492, 1.260638047044752019, 0.000000000000000000 ) ) ;
#1689 = ORIENTED_EDGE ( 'NONE', *, *, #1274, .F. ) ;
#1690 = CARTESIAN_POINT ( 'NONE',  ( 0.7020809517987216530, 1.437485446324686889, 0.001000000000000000021 ) ) ;
#1691 = PRESENTATION_LAYER_ASSIGNMENT (  '', '', ( #2410 ) ) ;
#1692 = CARTESIAN_POINT ( 'NONE',  ( 1.509999999999998455, -0.8750000000000001110, 0.2000000000000000111 ) ) ;
#1693 = ADVANCED_FACE ( 'NONE', ( #4277 ), #2042, .T. ) ;
#1694 = COLOUR_RGB ( '',0.2509803921568627416, 0.2509803921568627416, 0.2509803921568627416 ) ;
#1695 = PRESENTATION_LAYER_ASSIGNMENT (  '', '', ( #5047 ) ) ;
#1696 = FILL_AREA_STYLE ('',( #127 ) ) ;
#1697 = VECTOR ( 'NONE', #3074, 1000.000000000000000 ) ;
#1698 = AXIS2_PLACEMENT_3D ( 'NONE', #1627, #5357, #3783 ) ;
#1699 = EDGE_CURVE ( 'NONE', #5158, #358, #1183, .T. ) ;
#1700 = ORIENTED_EDGE ( 'NONE', *, *, #801, .T. ) ;
#1701 = FILL_AREA_STYLE_COLOUR ( '', #3111 ) ;
#1702 = CARTESIAN_POINT ( 'NONE',  ( -1.509999999999999787, -0.8750000000000001110, 0.2000000000000000111 ) ) ;
#1703 = CARTESIAN_POINT ( 'NONE',  ( 0.8539989994953860464, 1.298647998648791990, 0.001000000000000000021 ) ) ;
#1704 = B_SPLINE_CURVE_WITH_KNOTS ( 'NONE', 3,
 ( #6635, #3441, #6112, #3915, #1824, #2382, #5499, #6555, #6064, #694, #2933 ),
 .UNSPECIFIED., .F., .F.,
 ( 4, 1, 1, 1, 1, 1, 1, 1, 4 ),
 ( 0.000000000000000000, 0.1451868664724718649, 0.2834426109197310528, 0.4165243659288317968, 0.5431811235350842981, 0.6651530826377113348, 0.7813602063127150776, 0.8927566556418112809, 1.000000000000000000 ),
 .UNSPECIFIED. ) ;
#1705 = B_SPLINE_SURFACE_WITH_KNOTS ( 'NONE', 3, 1, ( 
 ( #573, #3774 ),
 ( #2101, #1037 ),
 ( #2189, #6374 ),
 ( #5299, #1550 ),
 ( #2665, #6907 ),
 ( #1571, #4316 ),
 ( #1109, #5865 ),
 ( #5281, #2642 ),
 ( #4246, #3203 ),
 ( #4271, #6930 ),
 ( #3724, #531 ),
 ( #1056, #4802 ),
 ( #2690, #6397 ),
 ( #3223, #21 ),
 ( #2782, #3879 ),
 ( #655, #3901 ),
 ( #4387, #4940 ),
 ( #6561, #4959 ),
 ( #5437, #4341 ) ),
 .UNSPECIFIED., .F., .F., .F.,
 ( 4, 1, 1, 1, 1, 1, 1, 1, 1, 1, 1, 1, 1, 1, 1, 1, 4 ),
 ( 2, 2 ),
 ( 0.000000000000000000, 0.07430379644281456808, 0.1443936103644170854, 0.2104994961032789491, 0.2735426065034672893, 0.3338247445790724077, 0.3925296724085032829, 0.4500874545995854348, 0.5078206115557873934, 0.5654649127768468508, 0.6231487223336193981, 0.6812971927909354797, 0.7409134981565809186, 0.8018557521958581402, 0.8652412377209434124, 0.9309416570467442531, 1.000000000000000000 ),
 ( 0.000000000000000000, 1.000000000000000000 ),
 .UNSPECIFIED. ) ;
#1706 = VECTOR ( 'NONE', #4990, 1000.000000000000000 ) ;
#1707 = CARTESIAN_POINT ( 'NONE',  ( -0.5699999999999998401, 1.189999999999999947, -0.05000000000000000278 ) ) ;
#1708 =( LENGTH_UNIT ( ) NAMED_UNIT ( * ) SI_UNIT ( .MILLI., .METRE. ) );
#1709 = PRESENTATION_STYLE_ASSIGNMENT (( #4415 ) ) ;
#1710 = LINE ( 'NONE', #377, #1372 ) ;
#1711 = ORIENTED_EDGE ( 'NONE', *, *, #1852, .F. ) ;
#1712 = CARTESIAN_POINT ( 'NONE',  ( 1.212561134725551160, 1.439924470714930793, 0.001000000000000000021 ) ) ;
#1713 =( GEOMETRIC_REPRESENTATION_CONTEXT ( 3 ) GLOBAL_UNCERTAINTY_ASSIGNED_CONTEXT ( ( #3935 ) ) GLOBAL_UNIT_ASSIGNED_CONTEXT ( ( #364, #5605, #4107 ) ) REPRESENTATION_CONTEXT ( 'NONE', 'WORKASPACE' ) );
#1714 = EDGE_CURVE ( 'NONE', #358, #6327, #1848, .T. ) ;
#1715 =( NAMED_UNIT ( * ) SI_UNIT ( $, .STERADIAN. ) SOLID_ANGLE_UNIT ( ) );
#1716 = CARTESIAN_POINT ( 'NONE',  ( 1.100000000000000311, 0.000000000000000000, 0.000000000000000000 ) ) ;
#1717 = B_SPLINE_SURFACE_WITH_KNOTS ( 'NONE', 3, 1, ( 
 ( #5320, #5501 ),
 ( #2251, #1780 ),
 ( #3820, #6581 ),
 ( #6489, #1686 ),
 ( #6022, #1236 ),
 ( #3366, #3337 ),
 ( #2849, #6557 ) ),
 .UNSPECIFIED., .F., .F., .F.,
 ( 4, 1, 1, 1, 4 ),
 ( 2, 2 ),
 ( 0.000000000000000000, 0.3005411131585124518, 0.5677471464835970316, 0.8000336137369759015, 0.9999999999999998890 ),
 ( 0.000000000000000000, 1.000000000000000000 ),
 .UNSPECIFIED. ) ;
#1718 = LINE ( 'NONE', #2111, #4975 ) ;
#1719 = SURFACE_STYLE_FILL_AREA ( #4053 ) ;
#1720 = ADVANCED_FACE ( 'NONE', ( #3687 ), #1324, .T. ) ;
#1721 = STYLED_ITEM ( 'NONE', ( #3712 ), #3610 ) ;
#1722 = DIRECTION ( 'NONE',  ( 1.445602896647339163E-16, -1.000000000000000000, 0.000000000000000000 ) ) ;
#1723 = PRESENTATION_STYLE_ASSIGNMENT (( #631 ) ) ;
#1724 =( NAMED_UNIT ( * ) PLANE_ANGLE_UNIT ( ) SI_UNIT ( $, .RADIAN. ) );
#1725 = ORIENTED_EDGE ( 'NONE', *, *, #3190, .F. ) ;
#1726 = FILL_AREA_STYLE_COLOUR ( '', #4595 ) ;
#1727 = EDGE_LOOP ( 'NONE', ( #6594, #4858, #3086, #4662 ) ) ;
#1728 = CARTESIAN_POINT ( 'NONE',  ( -1.099999999999999867, -0.8750000000000001110, 0.2000000000000000111 ) ) ;
#1729 = UNCERTAINTY_MEASURE_WITH_UNIT (LENGTH_MEASURE( 1.000000000000000082E-05 ), #6129, 'distance_accuracy_value', 'NONE');
#1730 = SURFACE_SIDE_STYLE ('',( #821 ) ) ;
#1731 = LINE ( 'NONE', #5389, #4411 ) ;
#1732 = SURFACE_STYLE_USAGE ( .BOTH. , #5433 ) ;
#1733 = ORIENTED_EDGE ( 'NONE', *, *, #2762, .T. ) ;
#1734 = DIRECTION ( 'NONE',  ( 0.000000000000000000, 1.000000000000000000, -0.000000000000000000 ) ) ;
#1735 = VECTOR ( 'NONE', #6228, 1000.000000000000000 ) ;
#1736 = SURFACE_STYLE_USAGE ( .BOTH. , #1762 ) ;
#1737 = LINE ( 'NONE', #2073, #6840 ) ;
#1738 = SURFACE_STYLE_USAGE ( .BOTH. , #6564 ) ;
#1739 = ORIENTED_EDGE ( 'NONE', *, *, #3162, .F. ) ;
#1740 = CARTESIAN_POINT ( 'NONE',  ( 1.019154122530429030, 1.237485446324686711, 0.001000000000000000021 ) ) ;
#1741 = B_SPLINE_SURFACE_WITH_KNOTS ( 'NONE', 3, 1, ( 
 ( #2348, #6590 ),
 ( #208, #6758 ),
 ( #1433, #5646 ),
 ( #2516, #382 ),
 ( #5162, #2896 ),
 ( #3972, #1974 ),
 ( #5691, #6236 ),
 ( #701, #4452 ),
 ( #4980, #2318 ),
 ( #2875, #3951 ),
 ( #4471, #1806 ),
 ( #6071, #752 ),
 ( #4497, #1386 ),
 ( #2465, #6190 ),
 ( #5228, #4127 ),
 ( #4751, #2095 ),
 ( #6827, #6321 ),
 ( #2068, #4706 ),
 ( #3154, #6882 ) ),
 .UNSPECIFIED., .F., .F., .F.,
 ( 4, 1, 1, 1, 1, 1, 1, 1, 1, 1, 1, 1, 1, 1, 1, 1, 4 ),
 ( 2, 2 ),
 ( 0.000000000000000000, 0.06806869584499457282, 0.1334274328189550829, 0.1961460338131570114, 0.2570485924493124963, 0.3168826631591622478, 0.3761872086663219372, 0.4359603353635462253, 0.4965352368627262147, 0.5574653434807335106, 0.6176868634101474465, 0.6779436406969060469, 0.7388052848060403521, 0.8009493367665840857, 0.8648146674702263947, 0.9310247810786568268, 1.000000000000000000 ),
 ( 0.000000000000000000, 1.000000000000000000 ),
 .UNSPECIFIED. ) ;
#1742 = AXIS2_PLACEMENT_3D ( 'NONE', #5379, #54, #3780 ) ;
#1743 = AXIS2_PLACEMENT_3D ( 'NONE', #6778, #4625, #2535 ) ;
#1744 = EDGE_CURVE ( 'NONE', #4183, #3619, #104, .T. ) ;
#1745 = SURFACE_STYLE_FILL_AREA ( #6868 ) ;
#1746 = ORIENTED_EDGE ( 'NONE', *, *, #3298, .F. ) ;
#1747 = DIRECTION ( 'NONE',  ( 0.000000000000000000, 0.000000000000000000, -1.000000000000000000 ) ) ;
#1748 = FILL_AREA_STYLE ('',( #1792 ) ) ;
#1749 = DIRECTION ( 'NONE',  ( 0.000000000000000000, -1.000000000000000000, 0.000000000000000000 ) ) ;
#1750 = COLOUR_RGB ( '',1.000000000000000000, 1.000000000000000000, 0.000000000000000000 ) ;
#1751 =( NAMED_UNIT ( * ) SI_UNIT ( $, .STERADIAN. ) SOLID_ANGLE_UNIT ( ) );
#1752 = B_SPLINE_CURVE_WITH_KNOTS ( 'NONE', 3,
 ( #1914, #4621, #1423, #1398, #6225, #6250, #3591, #394, #3065, #898, #2453 ),
 .UNSPECIFIED., .F., .F.,
 ( 4, 1, 1, 1, 1, 1, 1, 1, 4 ),
 ( 0.000000000000000000, 0.1352946047634294158, 0.2667656579247479898, 0.3948160188358709188, 0.5200516544342468350, 0.6421757029708224929, 0.7626518205584242871, 0.8818340043805048545, 1.000000000000000000 ),
 .UNSPECIFIED. ) ;
#1753 = ORIENTED_EDGE ( 'NONE', *, *, #1301, .F. ) ;
#1754 = VERTEX_POINT ( 'NONE', #4992 ) ;
#1755 = VERTEX_POINT ( 'NONE', #4135 ) ;
#1756 = FILL_AREA_STYLE ('',( #1214 ) ) ;
#1757 = EDGE_CURVE ( 'NONE', #6188, #2931, #4936, .T. ) ;
#1758 = DIRECTION ( 'NONE',  ( 1.000000000000000000, 0.000000000000000000, 0.000000000000000000 ) ) ;
#1759 = SURFACE_STYLE_USAGE ( .BOTH. , #1196 ) ;
#1760 = FILL_AREA_STYLE ('',( #2939 ) ) ;
#1761 = EDGE_LOOP ( 'NONE', ( #5477, #5323, #3169, #5946 ) ) ;
#1762 = SURFACE_SIDE_STYLE ('',( #6576 ) ) ;
#1763 = DIRECTION ( 'NONE',  ( -1.000000000000000000, 0.000000000000000000, 0.000000000000000000 ) ) ;
#1764 = COLOUR_RGB ( '',0.2509803921568627416, 0.2509803921568627416, 0.2509803921568627416 ) ;
#1765 = STYLED_ITEM ( 'NONE', ( #2152 ), #241 ) ;
#1766 = CARTESIAN_POINT ( 'NONE',  ( 1.212561134725551160, 1.439924470714930793, 0.001000000000000000021 ) ) ;
#1767 = ORIENTED_EDGE ( 'NONE', *, *, #1795, .F. ) ;
#1768 = ORIENTED_EDGE ( 'NONE', *, *, #6042, .T. ) ;
#1769 = VECTOR ( 'NONE', #1012, 1000.000000000000000 ) ;
#1770 = CARTESIAN_POINT ( 'NONE',  ( -1.100000000000000533, 0.8749999999999998890, 0.2000000000000000111 ) ) ;
#1771 = UNCERTAINTY_MEASURE_WITH_UNIT (LENGTH_MEASURE( 1.000000000000000082E-05 ), #5768, 'distance_accuracy_value', 'NONE');
#1772 = ORIENTED_EDGE ( 'NONE', *, *, #330, .T. ) ;
#1773 = CARTESIAN_POINT ( 'NONE',  ( 1.233647532169345418, 1.438265964758305149, 0.001000000000000000021 ) ) ;
#1774 = CARTESIAN_POINT ( 'NONE',  ( 0.9533004639938436053, 1.415534226812491747, 0.001000000000000000021 ) ) ;
#1775 = PLANE ( 'NONE',  #594 ) ;
#1776 = STYLED_ITEM ( 'NONE', ( #216 ), #815 ) ;
#1777 = AXIS2_PLACEMENT_3D ( 'NONE', #3921, #2798, #135 ) ;
#1778 = COLOUR_RGB ( '',1.000000000000000000, 1.000000000000000000, 1.000000000000000000 ) ;
#1779 = FACE_OUTER_BOUND ( 'NONE', #6096, .T. ) ;
#1780 = CARTESIAN_POINT ( 'NONE',  ( 0.7166053268297983836, 1.411671023964603755, 0.000000000000000000 ) ) ;
#1781 = ORIENTED_EDGE ( 'NONE', *, *, #3055, .F. ) ;
#1782 =( LENGTH_UNIT ( ) NAMED_UNIT ( * ) SI_UNIT ( .MILLI., .METRE. ) );
#1783 = EDGE_LOOP ( 'NONE', ( #5540, #2581, #1818, #6681 ) ) ;
#1784 = VECTOR ( 'NONE', #4022, 1000.000000000000000 ) ;
#1785 = CARTESIAN_POINT ( 'NONE',  ( 0.8459833908231119137, 1.339429043885662418, 0.000000000000000000 ) ) ;
#1786 = STYLED_ITEM ( 'NONE', ( #2082 ), #2396 ) ;
#1787 = VECTOR ( 'NONE', #5294, 1000.000000000000000 ) ;
#1788 = DIRECTION ( 'NONE',  ( 5.090151044532885332E-17, 1.000000000000000000, 0.000000000000000000 ) ) ;
#1789 = CARTESIAN_POINT ( 'NONE',  ( 0.8263932744054869328, 1.298106127895539252, 0.001000000000000000021 ) ) ;
#1790 = LINE ( 'NONE', #1008, #5539 ) ;
#1791 = CARTESIAN_POINT ( 'NONE',  ( 0.7128869352624241928, 1.399868779068967450, -0.000000000000000000 ) ) ;
#1792 = FILL_AREA_STYLE_COLOUR ( '', #378 ) ;
#1793 = LINE ( 'NONE', #5515, #1706 ) ;
#1794 =( GEOMETRIC_REPRESENTATION_CONTEXT ( 3 ) GLOBAL_UNCERTAINTY_ASSIGNED_CONTEXT ( ( #4218 ) ) GLOBAL_UNIT_ASSIGNED_CONTEXT ( ( #6628, #1279, #799 ) ) REPRESENTATION_CONTEXT ( 'NONE', 'WORKASPACE' ) );
#1795 = EDGE_CURVE ( 'NONE', #769, #2435, #4028, .T. ) ;
#1796 = CARTESIAN_POINT ( 'NONE',  ( 1.216173370119493891, 1.439840425712240135, 0.001000000000000000021 ) ) ;
#1797 = PLANE ( 'NONE',  #4869 ) ;
#1798 =( NAMED_UNIT ( * ) SI_UNIT ( $, .STERADIAN. ) SOLID_ANGLE_UNIT ( ) );
#1799 = SURFACE_SIDE_STYLE ('',( #632 ) ) ;
#1800 = VECTOR ( 'NONE', #6709, 1000.000000000000000 ) ;
#1801 = CARTESIAN_POINT ( 'NONE',  ( 1.500000000000000222, -1.125000000000000222, 0.8499999999999999778 ) ) ;
#1802 = ADVANCED_FACE ( 'NONE', ( #6772 ), #6058, .F. ) ;
#1803 = STYLED_ITEM ( 'NONE', ( #1993 ), #5513 ) ;
#1804 = EDGE_CURVE ( 'NONE', #6528, #4181, #6341, .T. ) ;
#1805 = SURFACE_STYLE_FILL_AREA ( #3398 ) ;
#1806 = CARTESIAN_POINT ( 'NONE',  ( 0.8565694538754015097, 1.258846948118119702, 0.000000000000000000 ) ) ;
#1807 = FACE_OUTER_BOUND ( 'NONE', #450, .T. ) ;
#1808 =( NAMED_UNIT ( * ) SI_UNIT ( $, .STERADIAN. ) SOLID_ANGLE_UNIT ( ) );
#1809 =( LENGTH_UNIT ( ) NAMED_UNIT ( * ) SI_UNIT ( .MILLI., .METRE. ) );
#1810 = CARTESIAN_POINT ( 'NONE',  ( 1.199036181037453241, 1.439467179961714249, 0.000000000000000000 ) ) ;
#1811 = LINE ( 'NONE', #1041, #3919 ) ;
#1812 = ORIENTED_EDGE ( 'NONE', *, *, #1173, .T. ) ;
#1813 = VERTEX_POINT ( 'NONE', #2357 ) ;
#1814 = PRODUCT_RELATED_PRODUCT_CATEGORY ( 'part', '', ( #2546 ) ) ;
#1815 = UNCERTAINTY_MEASURE_WITH_UNIT (LENGTH_MEASURE( 1.000000000000000082E-05 ), #1982, 'distance_accuracy_value', 'NONE');
#1816 =( GEOMETRIC_REPRESENTATION_CONTEXT ( 3 ) GLOBAL_UNCERTAINTY_ASSIGNED_CONTEXT ( ( #5744 ) ) GLOBAL_UNIT_ASSIGNED_CONTEXT ( ( #2369, #6142, #2964 ) ) REPRESENTATION_CONTEXT ( 'NONE', 'WORKASPACE' ) );
#1817 = DIRECTION ( 'NONE',  ( 0.000000000000000000, -1.000000000000000000, 0.000000000000000000 ) ) ;
#1818 = ORIENTED_EDGE ( 'NONE', *, *, #295, .T. ) ;
#1819 =( NAMED_UNIT ( * ) SI_UNIT ( $, .STERADIAN. ) SOLID_ANGLE_UNIT ( ) );
#1820 = VECTOR ( 'NONE', #6272, 1000.000000000000000 ) ;
#1821 = CARTESIAN_POINT ( 'NONE',  ( 0.8461763412961886832, 1.348447796654637987, 0.001000000000000000021 ) ) ;
#1822 =( NAMED_UNIT ( * ) SI_UNIT ( $, .STERADIAN. ) SOLID_ANGLE_UNIT ( ) );
#1823 = ORIENTED_EDGE ( 'NONE', *, *, #4039, .T. ) ;
#1824 = CARTESIAN_POINT ( 'NONE',  ( 1.192686725611846077, 1.438890438218083379, 0.000000000000000000 ) ) ;
#1825 = PLANE ( 'NONE',  #2741 ) ;
#1826 = CARTESIAN_POINT ( 'NONE',  ( 1.216829427408477660, 1.256997641446638170, 0.001000000000000000021 ) ) ;
#1827 =( NAMED_UNIT ( * ) SI_UNIT ( $, .STERADIAN. ) SOLID_ANGLE_UNIT ( ) );
#1828 = VECTOR ( 'NONE', #4308, 1000.000000000000000 ) ;
#1829 = SURFACE_STYLE_FILL_AREA ( #6352 ) ;
#1830 = DIRECTION ( 'NONE',  ( 1.000000000000000000, 0.000000000000000000, 0.000000000000000000 ) ) ;
#1831 = PRESENTATION_LAYER_ASSIGNMENT (  '', '', ( #5042 ) ) ;
#1832 = ORIENTED_EDGE ( 'NONE', *, *, #1274, .T. ) ;
#1833 = SURFACE_STYLE_FILL_AREA ( #1033 ) ;
#1834 = CARTESIAN_POINT ( 'NONE',  ( 1.509999999999999343, -0.3750000000000000555, 0.2000000000000000111 ) ) ;
#1835 = VECTOR ( 'NONE', #6415, 1000.000000000000000 ) ;
#1836 = VERTEX_POINT ( 'NONE', #4482 ) ;
#1837 =( NAMED_UNIT ( * ) PLANE_ANGLE_UNIT ( ) SI_UNIT ( $, .RADIAN. ) );
#1838 = ORIENTED_EDGE ( 'NONE', *, *, #4669, .F. ) ;
#1839 =( GEOMETRIC_REPRESENTATION_CONTEXT ( 3 ) GLOBAL_UNCERTAINTY_ASSIGNED_CONTEXT ( ( #5440 ) ) GLOBAL_UNIT_ASSIGNED_CONTEXT ( ( #2316, #5556, #4495 ) ) REPRESENTATION_CONTEXT ( 'NONE', 'WORKASPACE' ) );
#1840 = EDGE_CURVE ( 'NONE', #2159, #871, #1212, .T. ) ;
#1841 = ADVANCED_FACE ( 'NONE', ( #2780 ), #1797, .T. ) ;
#1842 = VERTEX_POINT ( 'NONE', #1232 ) ;
#1843 = CARTESIAN_POINT ( 'NONE',  ( -1.500000000000000222, 1.500000000000000000, 0.1999999999999999833 ) ) ;
#1844 = ORIENTED_EDGE ( 'NONE', *, *, #5809, .T. ) ;
#1845 = CARTESIAN_POINT ( 'NONE',  ( 1.314276073749941043, 1.333712580471028364, 0.001000000000000000021 ) ) ;
#1846 = FILL_AREA_STYLE_COLOUR ( '', #3095 ) ;
#1847 = FILL_AREA_STYLE_COLOUR ( '', #3296 ) ;
#1848 = LINE ( 'NONE', #388, #6698 ) ;
#1849 = ADVANCED_FACE ( 'NONE', ( #2694 ), #2290, .F. ) ;
#1850 = PLANE ( 'NONE',  #4161 ) ;
#1851 = AXIS2_PLACEMENT_3D ( 'NONE', #5692, #4148, #1503 ) ;
#1852 = EDGE_CURVE ( 'NONE', #1332, #5011, #426, .T. ) ;
#1853 = ORIENTED_EDGE ( 'NONE', *, *, #6819, .F. ) ;
#1854 = FILL_AREA_STYLE ('',( #3966 ) ) ;
#1855 =( NAMED_UNIT ( * ) PLANE_ANGLE_UNIT ( ) SI_UNIT ( $, .RADIAN. ) );
#1856 = LINE ( 'NONE', #5055, #4693 ) ;
#1857 = VECTOR ( 'NONE', #1763, 1000.000000000000000 ) ;
#1858 = VERTEX_POINT ( 'NONE', #4393 ) ;
#1859 = CARTESIAN_POINT ( 'NONE',  ( -1.510000000000000453, 1.125000000000000000, -0.05000000000000000278 ) ) ;
#1860 = MECHANICAL_DESIGN_GEOMETRIC_PRESENTATION_REPRESENTATION (  '', ( #5202 ), #1624 ) ;
#1861 = CARTESIAN_POINT ( 'NONE',  ( 1.192686725611846077, 1.438890438218083379, 0.000000000000000000 ) ) ;
#1862 = SURFACE_STYLE_FILL_AREA ( #4000 ) ;
#1863 = UNCERTAINTY_MEASURE_WITH_UNIT (LENGTH_MEASURE( 1.000000000000000082E-05 ), #6380, 'distance_accuracy_value', 'NONE');
#1864 = EDGE_LOOP ( 'NONE', ( #584, #5360, #315, #5013 ) ) ;
#1865 = ADVANCED_FACE ( 'NONE', ( #1083 ), #3393, .F. ) ;
#1866 = DIRECTION ( 'NONE',  ( -2.168404344971008868E-16, 1.000000000000000000, 0.000000000000000000 ) ) ;
#1867 = FILL_AREA_STYLE_COLOUR ( '', #5512 ) ;
#1868 = SURFACE_STYLE_FILL_AREA ( #6097 ) ;
#1869 =( NAMED_UNIT ( * ) PLANE_ANGLE_UNIT ( ) SI_UNIT ( $, .RADIAN. ) );
#1870 = CARTESIAN_POINT ( 'NONE',  ( -1.500000000000000222, 1.500000000000000000, 0.1999999999999999833 ) ) ;
#1871 = PRESENTATION_LAYER_ASSIGNMENT (  '', '', ( #5079 ) ) ;
#1872 = CARTESIAN_POINT ( 'NONE',  ( 0.9257471103353070996, 1.237485446324686711, 0.001000000000000000021 ) ) ;
#1873 = SURFACE_SIDE_STYLE ('',( #6839 ) ) ;
#1874 = FILL_AREA_STYLE ('',( #6067 ) ) ;
#1875 = CARTESIAN_POINT ( 'NONE',  ( 1.028910220091404648, 1.327729348763711181, 0.001000000000000000021 ) ) ;
#1876 = FACE_OUTER_BOUND ( 'NONE', #6804, .T. ) ;
#1877 =( NAMED_UNIT ( * ) PLANE_ANGLE_UNIT ( ) SI_UNIT ( $, .RADIAN. ) );
#1878 = LINE ( 'NONE', #6455, #2217 ) ;
#1879 = EDGE_CURVE ( 'NONE', #4268, #653, #657, .T. ) ;
#1880 = COLOUR_RGB ( '',1.000000000000000000, 1.000000000000000000, 0.000000000000000000 ) ;
#1881 = ORIENTED_EDGE ( 'NONE', *, *, #1253, .T. ) ;
#1882 = APPLICATION_PROTOCOL_DEFINITION ( 'draft international standard', 'automotive_design', 1998, #6695 ) ;
#1883 = MECHANICAL_DESIGN_GEOMETRIC_PRESENTATION_REPRESENTATION (  '', ( #4615 ), #5817 ) ;
#1884 = EDGE_CURVE ( 'NONE', #46, #5773, #1672, .T. ) ;
#1885 = COLOUR_RGB ( '',1.000000000000000000, 1.000000000000000000, 1.000000000000000000 ) ;
#1886 = SURFACE_SIDE_STYLE ('',( #2187 ) ) ;
#1887 = ORIENTED_EDGE ( 'NONE', *, *, #3961, .T. ) ;
#1888 =( LENGTH_UNIT ( ) NAMED_UNIT ( * ) SI_UNIT ( .MILLI., .METRE. ) );
#1889 = FILL_AREA_STYLE ('',( #355 ) ) ;
#1890 = DIRECTION ( 'NONE',  ( 1.000000000000000000, 0.000000000000000000, 0.000000000000000000 ) ) ;
#1891 = FILL_AREA_STYLE_COLOUR ( '', #2400 ) ;
#1892 = DIRECTION ( 'NONE',  ( -0.9407669869669987861, 0.3390537954853695690, 0.000000000000000000 ) ) ;
#1893 =( NAMED_UNIT ( * ) SI_UNIT ( $, .STERADIAN. ) SOLID_ANGLE_UNIT ( ) );
#1894 = VERTEX_POINT ( 'NONE', #6508 ) ;
#1895 = PLANE ( 'NONE',  #3054 ) ;
#1896 = MECHANICAL_DESIGN_GEOMETRIC_PRESENTATION_REPRESENTATION (  '', ( #3632 ), #1444 ) ;
#1897 = STYLED_ITEM ( 'NONE', ( #3821 ), #205 ) ;
#1898 = VECTOR ( 'NONE', #2432, 1000.000000000000000 ) ;
#1899 = FACE_OUTER_BOUND ( 'NONE', #4760, .T. ) ;
#1900 = COLOUR_RGB ( '',0.2509803921568627416, 0.2509803921568627416, 0.2509803921568627416 ) ;
#1901 = CARTESIAN_POINT ( 'NONE',  ( 1.433788268871892591, 1.437485446324686889, 0.000000000000000000 ) ) ;
#1902 = VERTEX_POINT ( 'NONE', #5451 ) ;
#1903 = CARTESIAN_POINT ( 'NONE',  ( 0.8045199761889655354, 1.237485446324686711, 0.001000000000000000021 ) ) ;
#1904 = VECTOR ( 'NONE', #4198, 1000.000000000000000 ) ;
#1905 = ADVANCED_FACE ( 'NONE', ( #5173 ), #5989, .T. ) ;
#1906 =( GEOMETRIC_REPRESENTATION_CONTEXT ( 3 ) GLOBAL_UNCERTAINTY_ASSIGNED_CONTEXT ( ( #6824 ) ) GLOBAL_UNIT_ASSIGNED_CONTEXT ( ( #6903, #6928, #3198 ) ) REPRESENTATION_CONTEXT ( 'NONE', 'WORKASPACE' ) );
#1907 = VERTEX_POINT ( 'NONE', #1210 ) ;
#1908 =( GEOMETRIC_REPRESENTATION_CONTEXT ( 3 ) GLOBAL_UNCERTAINTY_ASSIGNED_CONTEXT ( ( #777 ) ) GLOBAL_UNIT_ASSIGNED_CONTEXT ( ( #6714, #3515, #4583 ) ) REPRESENTATION_CONTEXT ( 'NONE', 'WORKASPACE' ) );
#1909 = CARTESIAN_POINT ( 'NONE',  ( 1.099641927408477882, 1.259436665836882074, 0.000000000000000000 ) ) ;
#1910 = FILL_AREA_STYLE ('',( #6550 ) ) ;
#1911 = CARTESIAN_POINT ( 'NONE',  ( 1.307258164913213339, 1.376879322309060072, 0.000000000000000000 ) ) ;
#1912 = ORIENTED_EDGE ( 'NONE', *, *, #4714, .F. ) ;
#1913 = ORIENTED_EDGE ( 'NONE', *, *, #636, .F. ) ;
#1914 = CARTESIAN_POINT ( 'NONE',  ( 1.216829427408477660, 1.256997641446638170, 0.001000000000000000021 ) ) ;
#1915 = SURFACE_SIDE_STYLE ('',( #2467 ) ) ;
#1916 = CARTESIAN_POINT ( 'NONE',  ( 0.9257471103353070996, 1.237485446324686711, 0.000000000000000000 ) ) ;
#1917 = DIRECTION ( 'NONE',  ( 1.000000000000000000, 0.000000000000000000, 0.000000000000000000 ) ) ;
#1918 = FACE_OUTER_BOUND ( 'NONE', #4949, .T. ) ;
#1919 = SURFACE_STYLE_USAGE ( .BOTH. , #3002 ) ;
#1920 = ORIENTED_EDGE ( 'NONE', *, *, #2742, .T. ) ;
#1921 = ORIENTED_EDGE ( 'NONE', *, *, #1660, .T. ) ;
#1922 = DIRECTION ( 'NONE',  ( 0.000000000000000000, 1.000000000000000000, 0.000000000000000000 ) ) ;
#1923 = CARTESIAN_POINT ( 'NONE',  ( 0.8487744976868977220, 1.313476808538272422, 0.000000000000000000 ) ) ;
#1924 = DIRECTION ( 'NONE',  ( 0.3536223923290756077, -0.9353882635801357148, 0.000000000000000000 ) ) ;
#1925 = ORIENTED_EDGE ( 'NONE', *, *, #2803, .F. ) ;
#1926 = STYLED_ITEM ( 'NONE', ( #4296 ), #4220 ) ;
#1927 = EDGE_CURVE ( 'NONE', #5596, #3125, #4442, .T. ) ;
#1928 = SURFACE_STYLE_FILL_AREA ( #391 ) ;
#1929 = ORIENTED_EDGE ( 'NONE', *, *, #4528, .T. ) ;
#1930 = FILL_AREA_STYLE_COLOUR ( '', #5348 ) ;
#1931 = CARTESIAN_POINT ( 'NONE',  ( 0.7166053268297983836, 1.411671023964603755, 0.001000000000000000021 ) ) ;
#1932 = CARTESIAN_POINT ( 'NONE',  ( 1.312663473461766150, 1.356354344682132229, 0.001000000000000000021 ) ) ;
#1933 = ADVANCED_FACE ( 'NONE', ( #3511 ), #3524, .F. ) ;
#1934 =( NAMED_UNIT ( * ) SI_UNIT ( $, .STERADIAN. ) SOLID_ANGLE_UNIT ( ) );
#1935 = PRESENTATION_LAYER_ASSIGNMENT (  '', '', ( #5283 ) ) ;
#1936 = EDGE_CURVE ( 'NONE', #3120, #4737, #4847, .T. ) ;
#1937 = PRESENTATION_STYLE_ASSIGNMENT (( #6909 ) ) ;
#1938 = CARTESIAN_POINT ( 'NONE',  ( 1.245419056665099111, 1.262158219104640322, 0.000000000000000000 ) ) ;
#1939 = EDGE_LOOP ( 'NONE', ( #610, #5250, #5068, #5497, #3967, #1383 ) ) ;
#1940 = CARTESIAN_POINT ( 'NONE',  ( 1.287377542561369159, 1.338440518171786886, -0.000000000000000000 ) ) ;
#1941 = PLANE ( 'NONE',  #709 ) ;
#1942 = ADVANCED_FACE ( 'NONE', ( #2346 ), #4483, .T. ) ;
#1943 = CARTESIAN_POINT ( 'NONE',  ( 1.230787404993245460, 1.235275279184535169, 0.001000000000000000021 ) ) ;
#1944 = UNCERTAINTY_MEASURE_WITH_UNIT (LENGTH_MEASURE( 1.000000000000000082E-05 ), #4923, 'distance_accuracy_value', 'NONE');
#1945 = CARTESIAN_POINT ( 'NONE',  ( 1.099999999999999423, -0.3750000000000000555, 0.000000000000000000 ) ) ;
#1946 = ORIENTED_EDGE ( 'NONE', *, *, #2015, .F. ) ;
#1947 = FILL_AREA_STYLE ('',( #5136 ) ) ;
#1948 = CARTESIAN_POINT ( 'NONE',  ( 0.8539989994953860464, 1.298647998648791990, 0.000000000000000000 ) ) ;
#1949 = SURFACE_STYLE_USAGE ( .BOTH. , #4610 ) ;
#1950 =( NAMED_UNIT ( * ) PLANE_ANGLE_UNIT ( ) SI_UNIT ( $, .RADIAN. ) );
#1951 = SURFACE_STYLE_FILL_AREA ( #965 ) ;
#1952 = LINE ( 'NONE', #1901, #2289 ) ;
#1953 = PRESENTATION_STYLE_ASSIGNMENT (( #6879 ) ) ;
#1954 = PRODUCT_DEFINITION_CONTEXT ( 'detailed design', #6695, 'design' ) ;
#1955 = CARTESIAN_POINT ( 'NONE',  ( 1.238810452854627542, 1.259833254066017982, 0.000000000000000000 ) ) ;
#1956 =( NAMED_UNIT ( * ) PLANE_ANGLE_UNIT ( ) SI_UNIT ( $, .RADIAN. ) );
#1957 = SURFACE_STYLE_FILL_AREA ( #285 ) ;
#1958 = DIRECTION ( 'NONE',  ( -1.445602896647339163E-16, 1.000000000000000000, -0.000000000000000000 ) ) ;
#1959 = VERTEX_POINT ( 'NONE', #5613 ) ;
#1960 = STYLED_ITEM ( 'NONE', ( #6331 ), #1942 ) ;
#1961 = DIRECTION ( 'NONE',  ( -1.000000000000000000, 0.000000000000000000, 0.000000000000000000 ) ) ;
#1962 =( NAMED_UNIT ( * ) PLANE_ANGLE_UNIT ( ) SI_UNIT ( $, .RADIAN. ) );
#1963 = AXIS2_PLACEMENT_3D ( 'NONE', #5811, #6413, #2634 ) ;
#1964 =( NAMED_UNIT ( * ) SI_UNIT ( $, .STERADIAN. ) SOLID_ANGLE_UNIT ( ) );
#1965 = DIRECTION ( 'NONE',  ( -0.000000000000000000, 1.000000000000000000, -0.000000000000000000 ) ) ;
#1966 = COLOUR_RGB ( '',1.000000000000000000, 1.000000000000000000, 1.000000000000000000 ) ;
#1967 = ORIENTED_EDGE ( 'NONE', *, *, #3467, .F. ) ;
#1968 = FILL_AREA_STYLE ('',( #6278 ) ) ;
#1969 = STYLED_ITEM ( 'NONE', ( #2222 ), #467 ) ;
#1970 = PRESENTATION_STYLE_ASSIGNMENT (( #1949 ) ) ;
#1971 =( GEOMETRIC_REPRESENTATION_CONTEXT ( 3 ) GLOBAL_UNCERTAINTY_ASSIGNED_CONTEXT ( ( #284 ) ) GLOBAL_UNIT_ASSIGNED_CONTEXT ( ( #4160, #469, #2606 ) ) REPRESENTATION_CONTEXT ( 'NONE', 'WORKASPACE' ) );
#1972 = EDGE_CURVE ( 'NONE', #2913, #5370, #416, .T. ) ;
#1973 = DIRECTION ( 'NONE',  ( -0.000000000000000000, -0.000000000000000000, -1.000000000000000000 ) ) ;
#1974 = CARTESIAN_POINT ( 'NONE',  ( 0.8263932744054869328, 1.298106127895539252, 0.000000000000000000 ) ) ;
#1975 = CARTESIAN_POINT ( 'NONE',  ( 0.8045199761889655354, 1.237485446324686711, 0.001000000000000000021 ) ) ;
#1976 = ADVANCED_FACE ( 'NONE', ( #4683 ), #6632, .T. ) ;
#1977 = AXIS2_PLACEMENT_3D ( 'NONE', #5424, #2262, #3831 ) ;
#1978 = EDGE_CURVE ( 'NONE', #1397, #3261, #3870, .T. ) ;
#1979 = LINE ( 'NONE', #1996, #1055 ) ;
#1980 = CARTESIAN_POINT ( 'NONE',  ( 0.7195733298475021078, 1.399070812178345280, 0.001000000000000000021 ) ) ;
#1981 = CARTESIAN_POINT ( 'NONE',  ( 0.000000000000000000, 0.000000000000000000, -0.05000000000000000278 ) ) ;
#1982 =( LENGTH_UNIT ( ) NAMED_UNIT ( * ) SI_UNIT ( .MILLI., .METRE. ) );
#1983 = SURFACE_SIDE_STYLE ('',( #6730 ) ) ;
#1984 = UNCERTAINTY_MEASURE_WITH_UNIT (LENGTH_MEASURE( 1.000000000000000082E-05 ), #2818, 'distance_accuracy_value', 'NONE');
#1985 = CARTESIAN_POINT ( 'NONE',  ( 1.099641927408477882, 1.259436665836882074, 0.001000000000000000021 ) ) ;
#1986 = LINE ( 'NONE', #6773, #3487 ) ;
#1987 = DIRECTION ( 'NONE',  ( 1.000000000000000000, -0.000000000000000000, -0.000000000000000000 ) ) ;
#1988 = CARTESIAN_POINT ( 'NONE',  ( 1.314213564051580185, 1.330088287331657515, 0.001000000000000000021 ) ) ;
#1989 = ORIENTED_EDGE ( 'NONE', *, *, #4974, .T. ) ;
#1990 =( GEOMETRIC_REPRESENTATION_CONTEXT ( 3 ) GLOBAL_UNCERTAINTY_ASSIGNED_CONTEXT ( ( #4472 ) ) GLOBAL_UNIT_ASSIGNED_CONTEXT ( ( #1177, #1669, #3320 ) ) REPRESENTATION_CONTEXT ( 'NONE', 'WORKASPACE' ) );
#1991 = EDGE_CURVE ( 'NONE', #994, #608, #2592, .T. ) ;
#1992 =( NAMED_UNIT ( * ) PLANE_ANGLE_UNIT ( ) SI_UNIT ( $, .RADIAN. ) );
#1993 = PRESENTATION_STYLE_ASSIGNMENT (( #4033 ) ) ;
#1994 = DIRECTION ( 'NONE',  ( 0.000000000000000000, -0.000000000000000000, 1.000000000000000000 ) ) ;
#1995 = FACE_BOUND ( 'NONE', #6511, .T. ) ;
#1996 = CARTESIAN_POINT ( 'NONE',  ( 1.126471195701160832, 1.237485446324686711, 0.001000000000000000021 ) ) ;
#1997 = DIRECTION ( 'NONE',  ( 1.000000000000000000, -0.000000000000000000, -0.000000000000000000 ) ) ;
#1998 = EDGE_LOOP ( 'NONE', ( #642, #1607, #3434, #2793 ) ) ;
#1999 = B_SPLINE_CURVE_WITH_KNOTS ( 'NONE', 3,
 ( #2302, #4890, #1408, #5531, #6213, #3560, #3057, #5137, #363, #5117, #3541, #4106, #6789, #2491, #1243, #6618, #6734, #1269, #345 ),
 .UNSPECIFIED., .F., .F.,
 ( 4, 1, 1, 1, 1, 1, 1, 1, 1, 1, 1, 1, 1, 1, 1, 1, 4 ),
 ( 0.000000000000000000, 0.07430379644281456808, 0.1443936103644170854, 0.2104994961032789491, 0.2735426065034672893, 0.3338247445790724077, 0.3925296724085032829, 0.4500874545995854348, 0.5078206115557873934, 0.5654649127768468508, 0.6231487223336193981, 0.6812971927909354797, 0.7409134981565809186, 0.8018557521958581402, 0.8652412377209434124, 0.9309416570467442531, 1.000000000000000000 ),
 .UNSPECIFIED. ) ;
#2000 = VECTOR ( 'NONE', #1174, 1000.000000000000000 ) ;
#2001 = CARTESIAN_POINT ( 'NONE',  ( 1.249164223247643202, 1.409372606012005757, 0.001000000000000000021 ) ) ;
#2002 = ORIENTED_EDGE ( 'NONE', *, *, #14, .F. ) ;
#2003 =( GEOMETRIC_REPRESENTATION_CONTEXT ( 3 ) GLOBAL_UNCERTAINTY_ASSIGNED_CONTEXT ( ( #3701 ) ) GLOBAL_UNIT_ASSIGNED_CONTEXT ( ( #2428, #305, #4047 ) ) REPRESENTATION_CONTEXT ( 'NONE', 'WORKASPACE' ) );
#2004 = ORIENTED_EDGE ( 'NONE', *, *, #3335, .T. ) ;
#2005 = CARTESIAN_POINT ( 'NONE',  ( 1.240705897366340071, 1.236548989636322871, 0.000000000000000000 ) ) ;
#2006 = DIRECTION ( 'NONE',  ( -1.000000000000000000, 0.000000000000000000, 0.000000000000000000 ) ) ;
#2007 = PRESENTATION_STYLE_ASSIGNMENT (( #6082 ) ) ;
#2008 = CARTESIAN_POINT ( 'NONE',  ( 1.433788268871892591, 1.437485446324686889, 0.001000000000000000021 ) ) ;
#2009 = ORIENTED_EDGE ( 'NONE', *, *, #3893, .T. ) ;
#2010 =( NAMED_UNIT ( * ) PLANE_ANGLE_UNIT ( ) SI_UNIT ( $, .RADIAN. ) );
#2011 = MECHANICAL_DESIGN_GEOMETRIC_PRESENTATION_REPRESENTATION (  '', ( #5092 ), #234 ) ;
#2012 = CARTESIAN_POINT ( 'NONE',  ( 0.9249086957011607435, 1.259436665836882074, 0.001000000000000000021 ) ) ;
#2013 = CARTESIAN_POINT ( 'NONE',  ( 1.282717691851730235, 1.303078998695904600, 0.001000000000000000021 ) ) ;
#2014 = PRESENTATION_LAYER_ASSIGNMENT (  '', '', ( #1648 ) ) ;
#2015 = EDGE_CURVE ( 'NONE', #270, #1364, #3848, .T. ) ;
#2016 =( LENGTH_UNIT ( ) NAMED_UNIT ( * ) SI_UNIT ( .MILLI., .METRE. ) );
#2017 = ORIENTED_EDGE ( 'NONE', *, *, #2923, .T. ) ;
#2018 = VERTEX_POINT ( 'NONE', #4641 ) ;
#2019 = SURFACE_STYLE_USAGE ( .BOTH. , #4147 ) ;
#2020 = CARTESIAN_POINT ( 'NONE',  ( 1.433788268871892591, 1.437485446324686889, 0.001000000000000000021 ) ) ;
#2021 = VECTOR ( 'NONE', #1958, 1000.000000000000000 ) ;
#2022 = CARTESIAN_POINT ( 'NONE',  ( 1.170807663845150559, 1.408255090562148260, 0.001000000000000000021 ) ) ;
#2023 = VECTOR ( 'NONE', #2126, 1000.000000000000000 ) ;
#2024 = MECHANICAL_DESIGN_GEOMETRIC_PRESENTATION_REPRESENTATION (  '', ( #6905 ), #671 ) ;
#2025 = EDGE_CURVE ( 'NONE', #3576, #5164, #1495, .T. ) ;
#2026 = ORIENTED_EDGE ( 'NONE', *, *, #5276, .T. ) ;
#2027 = CARTESIAN_POINT ( 'NONE',  ( 1.500000000000000000, -0.6250000000000001110, 0.8499999999999999778 ) ) ;
#2028 = CARTESIAN_POINT ( 'NONE',  ( 1.308082777657451734, 1.293567267218154848, 0.001000000000000000021 ) ) ;
#2029 = VERTEX_POINT ( 'NONE', #6199 ) ;
#2030 = ORIENTED_EDGE ( 'NONE', *, *, #5628, .F. ) ;
#2031 = CARTESIAN_POINT ( 'NONE',  ( 1.510000000000000231, 0.6249999999999998890, -0.05000000000000000278 ) ) ;
#2032 = UNCERTAINTY_MEASURE_WITH_UNIT (LENGTH_MEASURE( 1.000000000000000082E-05 ), #2525, 'distance_accuracy_value', 'NONE');
#2033 = MECHANICAL_DESIGN_GEOMETRIC_PRESENTATION_REPRESENTATION (  '', ( #462 ), #4450 ) ;
#2034 = EDGE_CURVE ( 'NONE', #2514, #3576, #2686, .T. ) ;
#2035 = CARTESIAN_POINT ( 'NONE',  ( 0.7752516835060386802, 1.237485446324686711, 0.001000000000000000021 ) ) ;
#2036 = CARTESIAN_POINT ( 'NONE',  ( 1.202630051228305241, 1.257733464664141376, 0.001000000000000000021 ) ) ;
#2037 = LINE ( 'NONE', #1245, #4207 ) ;
#2038 = CARTESIAN_POINT ( 'NONE',  ( 0.8575753015271019297, 1.292004139550564590, 0.001000000000000000021 ) ) ;
#2039 = CARTESIAN_POINT ( 'NONE',  ( 1.287391241487233051, 1.332427058844069423, 0.001000000000000000021 ) ) ;
#2040 = PRESENTATION_STYLE_ASSIGNMENT (( #3260 ) ) ;
#2041 = CARTESIAN_POINT ( 'NONE',  ( 0.9533004639938436053, 1.415534226812491747, 0.000000000000000000 ) ) ;
#2042 = B_SPLINE_SURFACE_WITH_KNOTS ( 'NONE', 3, 1, ( 
 ( #331, #6197 ),
 ( #2446, #4071 ),
 ( #3609, #4151 ),
 ( #4715, #2005 ),
 ( #4663, #1509 ),
 ( #3634, #3088 ),
 ( #6287, #415 ),
 ( #5721, #1488 ),
 ( #3589, #5213 ),
 ( #4176, #2551 ),
 ( #5238, #942 ),
 ( #960, #6837 ),
 ( #2052, #2598 ),
 ( #2028, #5778 ),
 ( #3113, #6304 ),
 ( #6270, #1462 ),
 ( #3134, #6796 ),
 ( #920, #6814 ),
 ( #6867, #5753 ) ),
 .UNSPECIFIED., .F., .F., .F.,
 ( 4, 1, 1, 1, 1, 1, 1, 1, 1, 1, 1, 1, 1, 1, 1, 1, 4 ),
 ( 2, 2 ),
 ( 0.000000000000000000, 0.06783324845577305695, 0.1326555365079033488, 0.1950508840508271280, 0.2555829330687766077, 0.3147998341472897921, 0.3736004728263742081, 0.4325455953267428044, 0.4924306292835649024, 0.5526712559629693988, 0.6125130441881162513, 0.6726102503570058344, 0.7338383693139461927, 0.7965942385677731163, 0.8614497992905728596, 0.9291989423509054991, 1.000000000000000000 ),
 ( 0.000000000000000000, 1.000000000000000000 ),
 .UNSPECIFIED. ) ;
#2043 = CARTESIAN_POINT ( 'NONE',  ( 0.8488691470480581591, 1.411138868804953317, 0.001000000000000000021 ) ) ;
#2044 = CARTESIAN_POINT ( 'NONE',  ( 1.287242664401207826, 1.344456265279422080, 0.000000000000000000 ) ) ;
#2045 = MECHANICAL_DESIGN_GEOMETRIC_PRESENTATION_REPRESENTATION (  '', ( #5124 ), #1816 ) ;
#2046 = FILL_AREA_STYLE_COLOUR ( '', #4631 ) ;
#2047 = SURFACE_STYLE_FILL_AREA ( #568 ) ;
#2048 = ADVANCED_FACE ( 'NONE', ( #1246 ), #4618, .T. ) ;
#2049 = DIRECTION ( 'NONE',  ( 0.000000000000000000, 0.000000000000000000, -1.000000000000000000 ) ) ;
#2050 = LINE ( 'NONE', #4254, #5547 ) ;
#2051 = DIRECTION ( 'NONE',  ( 0.000000000000000000, -0.000000000000000000, 1.000000000000000000 ) ) ;
#2052 = CARTESIAN_POINT ( 'NONE',  ( 1.304502973357530404, 1.284838222280693998, 0.001000000000000000021 ) ) ;
#2053 = SURFACE_STYLE_FILL_AREA ( #1029 ) ;
#2054 = PRESENTATION_STYLE_ASSIGNMENT (( #3529 ) ) ;
#2055 = PRESENTATION_LAYER_ASSIGNMENT (  '', '', ( #1112 ) ) ;
#2056 = DIRECTION ( 'NONE',  ( 0.000000000000000000, -0.000000000000000000, 1.000000000000000000 ) ) ;
#2057 = LINE ( 'NONE', #6896, #304 ) ;
#2058 =( LENGTH_UNIT ( ) NAMED_UNIT ( * ) SI_UNIT ( .MILLI., .METRE. ) );
#2059 = VERTEX_POINT ( 'NONE', #5146 ) ;
#2060 = COLOUR_RGB ( '',1.000000000000000000, 1.000000000000000000, 1.000000000000000000 ) ;
#2061 = SURFACE_SIDE_STYLE ('',( #286 ) ) ;
#2062 = FILL_AREA_STYLE ('',( #6343 ) ) ;
#2063 = MECHANICAL_DESIGN_GEOMETRIC_PRESENTATION_REPRESENTATION (  '', ( #1969 ), #4701 ) ;
#2064 = PRESENTATION_LAYER_ASSIGNMENT (  '', '', ( #3623 ) ) ;
#2065 = EDGE_CURVE ( 'NONE', #5102, #4345, #2414, .T. ) ;
#2066 = VECTOR ( 'NONE', #5478, 1000.000000000000000 ) ;
#2067 = CARTESIAN_POINT ( 'NONE',  ( 0.8418894919363659746, 1.404271237907384728, 0.001000000000000000021 ) ) ;
#2068 = CARTESIAN_POINT ( 'NONE',  ( 0.9219189669395054798, 1.237554707399918019, 0.001000000000000000021 ) ) ;
#2069 = ORIENTED_EDGE ( 'NONE', *, *, #1714, .F. ) ;
#2070 = DIRECTION ( 'NONE',  ( 0.000000000000000000, 1.000000000000000000, 0.000000000000000000 ) ) ;
#2071 = DIRECTION ( 'NONE',  ( 1.000000000000000000, 0.000000000000000000, 0.000000000000000000 ) ) ;
#2072 = PRESENTATION_STYLE_ASSIGNMENT (( #1376 ) ) ;
#2073 = CARTESIAN_POINT ( 'NONE',  ( 1.509999999999999343, -0.3750000000000000555, 0.2000000000000000111 ) ) ;
#2074 = SURFACE_STYLE_FILL_AREA ( #4910 ) ;
#2075 = ORIENTED_EDGE ( 'NONE', *, *, #5232, .F. ) ;
#2076 = CARTESIAN_POINT ( 'NONE',  ( 1.216829427408477660, 1.256997641446638170, 0.001000000000000000021 ) ) ;
#2077 =( GEOMETRIC_REPRESENTATION_CONTEXT ( 3 ) GLOBAL_UNCERTAINTY_ASSIGNED_CONTEXT ( ( #2081 ) ) GLOBAL_UNIT_ASSIGNED_CONTEXT ( ( #4040, #1950, #5649 ) ) REPRESENTATION_CONTEXT ( 'NONE', 'WORKASPACE' ) );
#2078 = EDGE_CURVE ( 'NONE', #6327, #6528, #2764, .T. ) ;
#2079 = DIRECTION ( 'NONE',  ( 0.000000000000000000, 0.000000000000000000, -1.000000000000000000 ) ) ;
#2080 = COLOUR_RGB ( '',1.000000000000000000, 1.000000000000000000, 0.000000000000000000 ) ;
#2081 = UNCERTAINTY_MEASURE_WITH_UNIT (LENGTH_MEASURE( 1.000000000000000082E-05 ), #4040, 'distance_accuracy_value', 'NONE');
#2082 = PRESENTATION_STYLE_ASSIGNMENT (( #810 ) ) ;
#2083 = VECTOR ( 'NONE', #4173, 1000.000000000000000 ) ;
#2084 = ORIENTED_EDGE ( 'NONE', *, *, #375, .T. ) ;
#2085 = SURFACE_SIDE_STYLE ('',( #2828 ) ) ;
#2086 = CARTESIAN_POINT ( 'NONE',  ( 1.216829427408477660, 1.256997641446638170, 0.000000000000000000 ) ) ;
#2087 = CARTESIAN_POINT ( 'NONE',  ( 1.195828005471942346, 1.258699108527147725, 0.000000000000000000 ) ) ;
#2088 = SURFACE_SIDE_STYLE ('',( #6813 ) ) ;
#2089 = FILL_AREA_STYLE ('',( #928 ) ) ;
#2090 = LINE ( 'NONE', #5365, #6583 ) ;
#2091 = PRESENTATION_LAYER_ASSIGNMENT (  '', '', ( #2544 ) ) ;
#2092 = EDGE_LOOP ( 'NONE', ( #2234, #6232, #3522, #6596 ) ) ;
#2093 = PLANE ( 'NONE',  #3817 ) ;
#2094 = ORIENTED_EDGE ( 'NONE', *, *, #5049, .F. ) ;
#2095 = CARTESIAN_POINT ( 'NONE',  ( 0.9034445321371753490, 1.239086136707224783, 0.000000000000000000 ) ) ;
#2096 = VECTOR ( 'NONE', #2545, 1000.000000000000000 ) ;
#2097 = CARTESIAN_POINT ( 'NONE',  ( 0.9128103975685207816, 1.437242968191864367, 2.117582368135750848E-19 ) ) ;
#2098 = ORIENTED_EDGE ( 'NONE', *, *, #282, .F. ) ;
#2099 = ORIENTED_EDGE ( 'NONE', *, *, #4391, .F. ) ;
#2100 = EDGE_LOOP ( 'NONE', ( #3850, #4691, #1560, #447 ) ) ;
#2101 = CARTESIAN_POINT ( 'NONE',  ( 0.8460489469395943152, 1.342493220913169027, 0.001000000000000000021 ) ) ;
#2102 = DIRECTION ( 'NONE',  ( 0.000000000000000000, 1.000000000000000000, 0.000000000000000000 ) ) ;
#2103 = ORIENTED_EDGE ( 'NONE', *, *, #414, .T. ) ;
#2104 = CARTESIAN_POINT ( 'NONE',  ( 1.228121292254204189, 1.416678743383278150, 0.000000000000000000 ) ) ;
#2105 = ORIENTED_EDGE ( 'NONE', *, *, #1463, .F. ) ;
#2106 = CARTESIAN_POINT ( 'NONE',  ( 0.6240321713109168167, 1.237485446324686711, 0.001000000000000000021 ) ) ;
#2107 = ORIENTED_EDGE ( 'NONE', *, *, #2422, .T. ) ;
#2108 = CARTESIAN_POINT ( 'NONE',  ( 1.165495585945063528, 1.269802519495418780, 0.001000000000000000021 ) ) ;
#2109 = MECHANICAL_DESIGN_GEOMETRIC_PRESENTATION_REPRESENTATION (  '', ( #2740 ), #4519 ) ;
#2110 = CARTESIAN_POINT ( 'NONE',  ( 0.8539989994953860464, 1.298647998648791990, 0.001000000000000000021 ) ) ;
#2111 = CARTESIAN_POINT ( 'NONE',  ( 1.433788268871892591, 1.237485446324686711, 0.001000000000000000021 ) ) ;
#2112 = PRESENTATION_LAYER_ASSIGNMENT (  '', '', ( #1384 ) ) ;
#2113 = EDGE_CURVE ( 'NONE', #1485, #480, #981, .T. ) ;
#2114 = DIRECTION ( 'NONE',  ( -1.366641393889291687E-16, -1.000000000000000000, 0.000000000000000000 ) ) ;
#2115 =( NAMED_UNIT ( * ) PLANE_ANGLE_UNIT ( ) SI_UNIT ( $, .RADIAN. ) );
#2116 = DIRECTION ( 'NONE',  ( 0.000000000000000000, 0.000000000000000000, -1.000000000000000000 ) ) ;
#2117 = ORIENTED_EDGE ( 'NONE', *, *, #2530, .T. ) ;
#2118 = DIRECTION ( 'NONE',  ( -0.000000000000000000, -0.000000000000000000, -1.000000000000000000 ) ) ;
#2119 = CARTESIAN_POINT ( 'NONE',  ( 0.8264038108285844952, 1.380046214683531280, 2.117582368135750848E-19 ) ) ;
#2120 = CARTESIAN_POINT ( 'NONE',  ( 0.7561586957011606769, 1.293583007300296517, 0.001000000000000000021 ) ) ;
#2121 = VECTOR ( 'NONE', #3766, 1000.000000000000000 ) ;
#2122 = AXIS2_PLACEMENT_3D ( 'NONE', #4190, #6805, #4145 ) ;
#2123 = EDGE_CURVE ( 'NONE', #6512, #6363, #5664, .T. ) ;
#2124 = FILL_AREA_STYLE_COLOUR ( '', #4912 ) ;
#2125 = EDGE_LOOP ( 'NONE', ( #2098, #1711, #4644, #2603 ) ) ;
#2126 = DIRECTION ( 'NONE',  ( 0.000000000000000000, -1.000000000000000000, 0.000000000000000000 ) ) ;
#2127 = CARTESIAN_POINT ( 'NONE',  ( 1.220526073749941265, 1.235046421934443028, 0.000000000000000000 ) ) ;
#2128 = VECTOR ( 'NONE', #3558, 1000.000000000000000 ) ;
#2129 = SURFACE_STYLE_FILL_AREA ( #1071 ) ;
#2130 = CARTESIAN_POINT ( 'NONE',  ( -1.500000000000000222, 1.500000000000000000, 0.8499999999999999778 ) ) ;
#2131 = PRESENTATION_LAYER_ASSIGNMENT (  '', '', ( #6405 ) ) ;
#2132 =( GEOMETRIC_REPRESENTATION_CONTEXT ( 3 ) GLOBAL_UNCERTAINTY_ASSIGNED_CONTEXT ( ( #5056 ) ) GLOBAL_UNIT_ASSIGNED_CONTEXT ( ( #5021, #4512, #3945 ) ) REPRESENTATION_CONTEXT ( 'NONE', 'WORKASPACE' ) );
#2133 = PRESENTATION_STYLE_ASSIGNMENT (( #2138 ) ) ;
#2134 = CARTESIAN_POINT ( 'NONE',  ( 1.099641927408477882, 1.327729348763711181, 0.001000000000000000021 ) ) ;
#2135 = CARTESIAN_POINT ( 'NONE',  ( 1.165495585945063528, 1.269802519495418780, 0.000000000000000000 ) ) ;
#2136 = SURFACE_STYLE_USAGE ( .BOTH. , #3168 ) ;
#2137 = CARTESIAN_POINT ( 'NONE',  ( 1.282241781652168955, 1.255700418172936761, 0.000000000000000000 ) ) ;
#2138 = SURFACE_STYLE_USAGE ( .BOTH. , #4306 ) ;
#2139 = LINE ( 'NONE', #2678, #4724 ) ;
#2140 =( NAMED_UNIT ( * ) PLANE_ANGLE_UNIT ( ) SI_UNIT ( $, .RADIAN. ) );
#2141 = CARTESIAN_POINT ( 'NONE',  ( 1.100000000000000311, 0.6249999999999998890, 0.2000000000000000111 ) ) ;
#2142 = CARTESIAN_POINT ( 'NONE',  ( 0.8192339561091838140, 1.343626083541322735, 0.001000000000000000021 ) ) ;
#2143 = STYLED_ITEM ( 'NONE', ( #5098 ), #1720 ) ;
#2144 = FILL_AREA_STYLE_COLOUR ( '', #3801 ) ;
#2145 = PRESENTATION_LAYER_ASSIGNMENT (  '', '', ( #3604 ) ) ;
#2146 = ORIENTED_EDGE ( 'NONE', *, *, #5101, .F. ) ;
#2147 = CARTESIAN_POINT ( 'NONE',  ( 1.287377542561369159, 1.338440518171786886, 0.001000000000000000021 ) ) ;
#2148 = CARTESIAN_POINT ( 'NONE',  ( -1.100000000000000311, 0.1249999999999999445, -0.05000000000000000278 ) ) ;
#2149 = ORIENTED_EDGE ( 'NONE', *, *, #1852, .T. ) ;
#2150 = CARTESIAN_POINT ( 'NONE',  ( 1.275783899580978265, 1.383520503734495088, 0.000000000000000000 ) ) ;
#2151 = VECTOR ( 'NONE', #6043, 1000.000000000000000 ) ;
#2152 = PRESENTATION_STYLE_ASSIGNMENT (( #5523 ) ) ;
#2153 = CARTESIAN_POINT ( 'NONE',  ( 1.217831675023222537, 1.235078022696521227, 0.001000000000000000021 ) ) ;
#2154 = FACE_OUTER_BOUND ( 'NONE', #6504, .T. ) ;
#2155 = CARTESIAN_POINT ( 'NONE',  ( -1.510000000000000453, 1.125000000000000000, 0.2000000000000000111 ) ) ;
#2156 = ORIENTED_EDGE ( 'NONE', *, *, #6638, .T. ) ;
#2157 =( NAMED_UNIT ( * ) PLANE_ANGLE_UNIT ( ) SI_UNIT ( $, .RADIAN. ) );
#2158 = CARTESIAN_POINT ( 'NONE',  ( 1.275057583917853732, 1.250105509096871126, 0.000000000000000000 ) ) ;
#2159 = VERTEX_POINT ( 'NONE', #2160 ) ;
#2160 = CARTESIAN_POINT ( 'NONE',  ( 1.314276073749941043, 1.333712580471028364, 0.001000000000000000021 ) ) ;
#2161 =( GEOMETRIC_REPRESENTATION_CONTEXT ( 3 ) GLOBAL_UNCERTAINTY_ASSIGNED_CONTEXT ( ( #1299 ) ) GLOBAL_UNIT_ASSIGNED_CONTEXT ( ( #518, #4280, #1604 ) ) REPRESENTATION_CONTEXT ( 'NONE', 'WORKASPACE' ) );
#2162 = EDGE_CURVE ( 'NONE', #5814, #575, #3586, .T. ) ;
#2163 = FACE_OUTER_BOUND ( 'NONE', #1092, .T. ) ;
#2164 = CARTESIAN_POINT ( 'NONE',  ( 1.099999999999999423, -0.3750000000000000555, -0.05000000000000000278 ) ) ;
#2165 =( LENGTH_UNIT ( ) NAMED_UNIT ( * ) SI_UNIT ( .MILLI., .METRE. ) );
#2166 = VERTEX_POINT ( 'NONE', #5881 ) ;
#2167 = UNCERTAINTY_MEASURE_WITH_UNIT (LENGTH_MEASURE( 1.000000000000000082E-05 ), #4290, 'distance_accuracy_value', 'NONE');
#2168 =( NAMED_UNIT ( * ) SI_UNIT ( $, .STERADIAN. ) SOLID_ANGLE_UNIT ( ) );
#2169 = UNCERTAINTY_MEASURE_WITH_UNIT (LENGTH_MEASURE( 1.000000000000000082E-05 ), #4915, 'distance_accuracy_value', 'NONE');
#2170 = ORIENTED_EDGE ( 'NONE', *, *, #2208, .T. ) ;
#2171 = STYLED_ITEM ( 'NONE', ( #482 ), #5742 ) ;
#2172 = EDGE_CURVE ( 'NONE', #1525, #6269, #2335, .T. ) ;
#2173 = VECTOR ( 'NONE', #1997, 1000.000000000000000 ) ;
#2174 = VECTOR ( 'NONE', #4262, 1000.000000000000000 ) ;
#2175 = ORIENTED_EDGE ( 'NONE', *, *, #4616, .F. ) ;
#2176 = ORIENTED_EDGE ( 'NONE', *, *, #3408, .T. ) ;
#2177 = DIRECTION ( 'NONE',  ( 0.000000000000000000, -1.000000000000000000, 0.000000000000000000 ) ) ;
#2178 =( LENGTH_UNIT ( ) NAMED_UNIT ( * ) SI_UNIT ( .MILLI., .METRE. ) );
#2179 =( GEOMETRIC_REPRESENTATION_CONTEXT ( 3 ) GLOBAL_UNCERTAINTY_ASSIGNED_CONTEXT ( ( #4642 ) ) GLOBAL_UNIT_ASSIGNED_CONTEXT ( ( #227, #6658, #2977 ) ) REPRESENTATION_CONTEXT ( 'NONE', 'WORKASPACE' ) );
#2180 = CARTESIAN_POINT ( 'NONE',  ( 0.9160163956779671102, 1.259628886722163443, 0.001000000000000000021 ) ) ;
#2181 = CARTESIAN_POINT ( 'NONE',  ( -1.500000000000000222, -0.1250000000000000555, 0.000000000000000000 ) ) ;
#2182 = ORIENTED_EDGE ( 'NONE', *, *, #6524, .F. ) ;
#2183 = PRESENTATION_LAYER_ASSIGNMENT (  '', '', ( #132 ) ) ;
#2184 = CARTESIAN_POINT ( 'NONE',  ( 1.255382488047387390, 1.405475844549583853, 0.001000000000000000021 ) ) ;
#2185 = B_SPLINE_CURVE_WITH_KNOTS ( 'NONE', 3,
 ( #2253, #2230, #4366, #3367, #674, #4421, #6515 ),
 .UNSPECIFIED., .F., .F.,
 ( 4, 1, 1, 1, 4 ),
 ( 0.000000000000000000, 0.3005411131585124518, 0.5677471464835970316, 0.8000336137369759015, 0.9999999999999998890 ),
 .UNSPECIFIED. ) ;
#2186 = CARTESIAN_POINT ( 'NONE',  ( 1.205696030031187194, 1.439875259814872521, 0.001000000000000000021 ) ) ;
#2187 = SURFACE_STYLE_FILL_AREA ( #1351 ) ;
#2188 = ORIENTED_EDGE ( 'NONE', *, *, #4005, .F. ) ;
#2189 = CARTESIAN_POINT ( 'NONE',  ( 0.8461763412961886832, 1.348447796654637987, 0.001000000000000000021 ) ) ;
#2190 = AXIS2_PLACEMENT_3D ( 'NONE', #1282, #3457, #5054 ) ;
#2191 = COLOUR_RGB ( '',1.000000000000000000, 1.000000000000000000, 1.000000000000000000 ) ;
#2192 = CARTESIAN_POINT ( 'NONE',  ( 0.8193932270903653281, 1.328818530467493764, 0.001000000000000000021 ) ) ;
#2193 = COLOUR_RGB ( '',1.000000000000000000, 1.000000000000000000, 1.000000000000000000 ) ;
#2194 = ORIENTED_EDGE ( 'NONE', *, *, #1660, .F. ) ;
#2195 = VERTEX_POINT ( 'NONE', #1125 ) ;
#2196 = CARTESIAN_POINT ( 'NONE',  ( 1.212537313687817919, 1.235140116643961283, 0.001000000000000000021 ) ) ;
#2197 =( GEOMETRIC_REPRESENTATION_CONTEXT ( 3 ) GLOBAL_UNCERTAINTY_ASSIGNED_CONTEXT ( ( #1084 ) ) GLOBAL_UNIT_ASSIGNED_CONTEXT ( ( #2178, #3737, #3693 ) ) REPRESENTATION_CONTEXT ( 'NONE', 'WORKASPACE' ) );
#2198 = EDGE_CURVE ( 'NONE', #2918, #2415, #6502, .T. ) ;
#2199 = ORIENTED_EDGE ( 'NONE', *, *, #2434, .F. ) ;
#2200 =( NAMED_UNIT ( * ) PLANE_ANGLE_UNIT ( ) SI_UNIT ( $, .RADIAN. ) );
#2201 = CARTESIAN_POINT ( 'NONE',  ( 0.8575753015271019297, 1.292004139550564590, 0.000000000000000000 ) ) ;
#2202 = LINE ( 'NONE', #10, #2121 ) ;
#2203 = CARTESIAN_POINT ( 'NONE',  ( 1.099999999999998535, -0.8750000000000001110, 0.2000000000000000111 ) ) ;
#2204 = DIRECTION ( 'NONE',  ( 0.000000000000000000, 0.000000000000000000, -1.000000000000000000 ) ) ;
#2205 = CARTESIAN_POINT ( 'NONE',  ( 1.499999999999999778, 0.8749999999999998890, 0.000000000000000000 ) ) ;
#2206 =( LENGTH_UNIT ( ) NAMED_UNIT ( * ) SI_UNIT ( .MILLI., .METRE. ) );
#2207 = CARTESIAN_POINT ( 'NONE',  ( -1.100000000000000089, 0.000000000000000000, 0.000000000000000000 ) ) ;
#2208 = EDGE_CURVE ( 'NONE', #1364, #3768, #6255, .T. ) ;
#2209 = LINE ( 'NONE', #4044, #5204 ) ;
#2210 =( LENGTH_UNIT ( ) NAMED_UNIT ( * ) SI_UNIT ( .MILLI., .METRE. ) );
#2211 = PRESENTATION_STYLE_ASSIGNMENT (( #1545 ) ) ;
#2212 = ORIENTED_EDGE ( 'NONE', *, *, #3686, .F. ) ;
#2213 = CARTESIAN_POINT ( 'NONE',  ( 1.099641927408477882, 1.415534226812491747, 0.001000000000000000021 ) ) ;
#2214 = VERTEX_POINT ( 'NONE', #5295 ) ;
#2215 = VECTOR ( 'NONE', #5585, 1000.000000000000000 ) ;
#2216 = CARTESIAN_POINT ( 'NONE',  ( 1.019154122530429030, 1.237485446324686711, 0.000000000000000000 ) ) ;
#2217 = VECTOR ( 'NONE', #4920, 1000.000000000000000 ) ;
#2218 = LINE ( 'NONE', #1770, #1292 ) ;
#2219 = VECTOR ( 'NONE', #4354, 1000.000000000000000 ) ;
#2220 = DIRECTION ( 'NONE',  ( 0.000000000000000000, 0.000000000000000000, -1.000000000000000000 ) ) ;
#2221 = PLANE ( 'NONE',  #1698 ) ;
#2222 = PRESENTATION_STYLE_ASSIGNMENT (( #566 ) ) ;
#2223 = FILL_AREA_STYLE ('',( #3309 ) ) ;
#2224 = DIRECTION ( 'NONE',  ( 0.000000000000000000, 1.000000000000000000, 0.000000000000000000 ) ) ;
#2225 = SURFACE_STYLE_USAGE ( .BOTH. , #1170 ) ;
#2226 = VECTOR ( 'NONE', #4812, 1000.000000000000000 ) ;
#2227 = DIRECTION ( 'NONE',  ( -0.000000000000000000, 0.000000000000000000, 1.000000000000000000 ) ) ;
#2228 = VERTEX_POINT ( 'NONE', #2752 ) ;
#2229 = LINE ( 'NONE', #5930, #6060 ) ;
#2230 = CARTESIAN_POINT ( 'NONE',  ( 0.7166053268297983836, 1.411671023964603755, -0.000000000000000000 ) ) ;
#2231 = DIRECTION ( 'NONE',  ( -0.000000000000000000, -0.000000000000000000, -1.000000000000000000 ) ) ;
#2232 =( GEOMETRIC_REPRESENTATION_CONTEXT ( 3 ) GLOBAL_UNCERTAINTY_ASSIGNED_CONTEXT ( ( #991 ) ) GLOBAL_UNIT_ASSIGNED_CONTEXT ( ( #6591, #2303, #3952 ) ) REPRESENTATION_CONTEXT ( 'NONE', 'WORKASPACE' ) );
#2233 = SURFACE_STYLE_FILL_AREA ( #1760 ) ;
#2234 = ORIENTED_EDGE ( 'NONE', *, *, #1566, .F. ) ;
#2235 = ORIENTED_EDGE ( 'NONE', *, *, #1294, .F. ) ;
#2236 = SURFACE_STYLE_USAGE ( .BOTH. , #3854 ) ;
#2237 = CARTESIAN_POINT ( 'NONE',  ( -1.105173908670702643, 1.206650258449453395, 0.8499999999999999778 ) ) ;
#2238 = LINE ( 'NONE', #2008, #803 ) ;
#2239 = STYLED_ITEM ( 'NONE', ( #3397 ), #3389 ) ;
#2240 = EDGE_CURVE ( 'NONE', #3842, #1110, #4676, .T. ) ;
#2241 = VERTEX_POINT ( 'NONE', #3194 ) ;
#2242 = SURFACE_STYLE_USAGE ( .BOTH. , #2265 ) ;
#2243 = DIRECTION ( 'NONE',  ( -0.000000000000000000, -0.000000000000000000, -1.000000000000000000 ) ) ;
#2244 = VECTOR ( 'NONE', #859, 1000.000000000000000 ) ;
#2245 = CARTESIAN_POINT ( 'NONE',  ( -1.100000000000000533, 1.125000000000000000, -0.05000000000000000278 ) ) ;
#2246 = PLANE ( 'NONE',  #402 ) ;
#2247 = ORIENTED_EDGE ( 'NONE', *, *, #5027, .F. ) ;
#2248 = UNCERTAINTY_MEASURE_WITH_UNIT (LENGTH_MEASURE( 1.000000000000000082E-05 ), #6235, 'distance_accuracy_value', 'NONE');
#2249 = STYLED_ITEM ( 'NONE', ( #6711 ), #4503 ) ;
#2250 = EDGE_CURVE ( 'NONE', #1836, #2519, #2511, .T. ) ;
#2251 = CARTESIAN_POINT ( 'NONE',  ( 0.7166053268297983836, 1.411671023964603755, 0.001000000000000000021 ) ) ;
#2252 = SURFACE_STYLE_FILL_AREA ( #5598 ) ;
#2253 = CARTESIAN_POINT ( 'NONE',  ( 0.7163721103353070108, 1.413095202422247842, 0.000000000000000000 ) ) ;
#2254 = LINE ( 'NONE', #2134, #5077 ) ;
#2255 = VERTEX_POINT ( 'NONE', #4237 ) ;
#2256 = ORIENTED_EDGE ( 'NONE', *, *, #1804, .T. ) ;
#2257 = ORIENTED_EDGE ( 'NONE', *, *, #2113, .F. ) ;
#2258 = CARTESIAN_POINT ( 'NONE',  ( 0.8722324024491211469, 1.275446072592777647, 0.000000000000000000 ) ) ;
#2259 = CARTESIAN_POINT ( 'NONE',  ( 1.500000000000000000, 0.6249999999999998890, 0.8499999999999999778 ) ) ;
#2260 = EDGE_CURVE ( 'NONE', #5337, #2946, #739, .T. ) ;
#2261 = ORIENTED_EDGE ( 'NONE', *, *, #4747, .T. ) ;
#2262 = DIRECTION ( 'NONE',  ( 0.000000000000000000, 0.000000000000000000, 1.000000000000000000 ) ) ;
#2263 = ORIENTED_EDGE ( 'NONE', *, *, #4368, .T. ) ;
#2264 = ORIENTED_EDGE ( 'NONE', *, *, #5777, .T. ) ;
#2265 = SURFACE_SIDE_STYLE ('',( #1202 ) ) ;
#2266 = FILL_AREA_STYLE ('',( #708 ) ) ;
#2267 = DIRECTION ( 'NONE',  ( 1.000000000000000000, 0.000000000000000000, -0.000000000000000000 ) ) ;
#2268 = FILL_AREA_STYLE ('',( #6510 ) ) ;
#2269 = SURFACE_STYLE_FILL_AREA ( #2897 ) ;
#2270 = CARTESIAN_POINT ( 'NONE',  ( 1.126471195701160832, 1.437485446324686889, 0.001000000000000000021 ) ) ;
#2271 = FILL_AREA_STYLE_COLOUR ( '', #5318 ) ;
#2272 = ORIENTED_EDGE ( 'NONE', *, *, #2906, .T. ) ;
#2273 =( NAMED_UNIT ( * ) PLANE_ANGLE_UNIT ( ) SI_UNIT ( $, .RADIAN. ) );
#2274 = DIRECTION ( 'NONE',  ( -0.000000000000000000, -0.000000000000000000, 1.000000000000000000 ) ) ;
#2275 = FILL_AREA_STYLE ('',( #6469 ) ) ;
#2276 = COLOUR_RGB ( '',1.000000000000000000, 1.000000000000000000, 0.000000000000000000 ) ;
#2277 = CARTESIAN_POINT ( 'NONE',  ( 0.9218951819468460540, 1.259501807620239777, -0.000000000000000000 ) ) ;
#2278 = ORIENTED_EDGE ( 'NONE', *, *, #6260, .F. ) ;
#2279 = MECHANICAL_DESIGN_GEOMETRIC_PRESENTATION_REPRESENTATION (  '', ( #360 ), #6330 ) ;
#2280 = FACE_OUTER_BOUND ( 'NONE', #4012, .T. ) ;
#2281 = FACE_OUTER_BOUND ( 'NONE', #553, .T. ) ;
#2282 = ORIENTED_EDGE ( 'NONE', *, *, #407, .F. ) ;
#2283 = DIRECTION ( 'NONE',  ( 0.000000000000000000, -1.000000000000000000, 0.000000000000000000 ) ) ;
#2284 =( LENGTH_UNIT ( ) NAMED_UNIT ( * ) SI_UNIT ( .MILLI., .METRE. ) );
#2285 = VECTOR ( 'NONE', #338, 1000.000000000000000 ) ;
#2286 = UNCERTAINTY_MEASURE_WITH_UNIT (LENGTH_MEASURE( 1.000000000000000082E-05 ), #3128, 'distance_accuracy_value', 'NONE');
#2287 = AXIS2_PLACEMENT_3D ( 'NONE', #3545, #4614, #2992 ) ;
#2288 = EDGE_CURVE ( 'NONE', #6537, #6269, #4348, .T. ) ;
#2289 = VECTOR ( 'NONE', #5185, 1000.000000000000000 ) ;
#2290 = PLANE ( 'NONE',  #4027 ) ;
#2291 = CARTESIAN_POINT ( 'NONE',  ( 0.7289102200914046037, 1.437485446324686889, 0.001000000000000000021 ) ) ;
#2292 = B_SPLINE_CURVE_WITH_KNOTS ( 'NONE', 3,
 ( #1712, #4340, #2186, #2735, #5999, #3268, #3849, #118, #2757, #4888, #3798 ),
 .UNSPECIFIED., .F., .F.,
 ( 4, 1, 1, 1, 1, 1, 1, 1, 4 ),
 ( 0.000000000000000000, 0.1451868664724718649, 0.2834426109197310528, 0.4165243659288317968, 0.5431811235350842981, 0.6651530826377113348, 0.7813602063127150776, 0.8927566556418112809, 1.000000000000000000 ),
 .UNSPECIFIED. ) ;
#2293 = DIRECTION ( 'NONE',  ( 0.000000000000000000, 0.000000000000000000, 1.000000000000000000 ) ) ;
#2294 = DIRECTION ( 'NONE',  ( 0.000000000000000000, 0.000000000000000000, 1.000000000000000000 ) ) ;
#2295 =( NAMED_UNIT ( * ) PLANE_ANGLE_UNIT ( ) SI_UNIT ( $, .RADIAN. ) );
#2296 = VERTEX_POINT ( 'NONE', #1632 ) ;
#2297 = ADVANCED_FACE ( 'NONE', ( #3014 ), #6389, .T. ) ;
#2298 =( LENGTH_UNIT ( ) NAMED_UNIT ( * ) SI_UNIT ( .MILLI., .METRE. ) );
#2299 =( GEOMETRIC_REPRESENTATION_CONTEXT ( 3 ) GLOBAL_UNCERTAINTY_ASSIGNED_CONTEXT ( ( #28 ) ) GLOBAL_UNIT_ASSIGNED_CONTEXT ( ( #5702, #5171, #4138 ) ) REPRESENTATION_CONTEXT ( 'NONE', 'WORKASPACE' ) );
#2300 = EDGE_CURVE ( 'NONE', #5574, #3170, #1068, .T. ) ;
#2301 = VECTOR ( 'NONE', #6385, 1000.000000000000000 ) ;
#2302 = CARTESIAN_POINT ( 'NONE',  ( 0.8459833908231119137, 1.339429043885662418, 0.000000000000000000 ) ) ;
#2303 =( NAMED_UNIT ( * ) PLANE_ANGLE_UNIT ( ) SI_UNIT ( $, .RADIAN. ) );
#2304 = CARTESIAN_POINT ( 'NONE',  ( 1.205696030031187194, 1.439875259814872521, 0.001000000000000000021 ) ) ;
#2305 = COLOUR_RGB ( '',1.000000000000000000, 1.000000000000000000, 1.000000000000000000 ) ;
#2306 = EDGE_LOOP ( 'NONE', ( #5861, #1887, #6334, #4363, #4370, #5401 ) ) ;
#2307 = CARTESIAN_POINT ( 'NONE',  ( -1.100000000000000311, 0.3749999999999999445, 0.2000000000000000111 ) ) ;
#2308 = FILL_AREA_STYLE ('',( #3392 ) ) ;
#2309 = LINE ( 'NONE', #196, #880 ) ;
#2310 = DIRECTION ( 'NONE',  ( -0.000000000000000000, 1.000000000000000000, -0.000000000000000000 ) ) ;
#2311 = DIRECTION ( 'NONE',  ( 0.000000000000000000, -1.000000000000000000, 0.000000000000000000 ) ) ;
#2312 = PRESENTATION_STYLE_ASSIGNMENT (( #5286 ) ) ;
#2313 = CARTESIAN_POINT ( 'NONE',  ( 0.000000000000000000, 0.000000000000000000, 0.001000000000000000021 ) ) ;
#2314 = CARTESIAN_POINT ( 'NONE',  ( 0.8648244211314355390, 1.253061585666137789, 0.000000000000000000 ) ) ;
#2315 = ORIENTED_EDGE ( 'NONE', *, *, #414, .F. ) ;
#2316 =( LENGTH_UNIT ( ) NAMED_UNIT ( * ) SI_UNIT ( .MILLI., .METRE. ) );
#2317 =( GEOMETRIC_REPRESENTATION_CONTEXT ( 3 ) GLOBAL_UNCERTAINTY_ASSIGNED_CONTEXT ( ( #1428 ) ) GLOBAL_UNIT_ASSIGNED_CONTEXT ( ( #66, #2140, #3791 ) ) REPRESENTATION_CONTEXT ( 'NONE', 'WORKASPACE' ) );
#2318 = CARTESIAN_POINT ( 'NONE',  ( 0.8418692136480953048, 1.272620372401458422, 0.000000000000000000 ) ) ;
#2319 = VECTOR ( 'NONE', #4871, 1000.000000000000000 ) ;
#2320 = DIRECTION ( 'NONE',  ( -1.000000000000000000, 0.000000000000000000, 0.000000000000000000 ) ) ;
#2321 = DIRECTION ( 'NONE',  ( 0.7071067811865474617, 0.7071067811865474617, -0.000000000000000000 ) ) ;
#2322 = ORIENTED_EDGE ( 'NONE', *, *, #1840, .F. ) ;
#2323 = CARTESIAN_POINT ( 'NONE',  ( 0.8736854565834226705, 1.248254720533709561, 0.001000000000000000021 ) ) ;
#2324 =( GEOMETRIC_REPRESENTATION_CONTEXT ( 3 ) GLOBAL_UNCERTAINTY_ASSIGNED_CONTEXT ( ( #2773 ) ) GLOBAL_UNIT_ASSIGNED_CONTEXT ( ( #2298, #700, #1240 ) ) REPRESENTATION_CONTEXT ( 'NONE', 'WORKASPACE' ) );
#2325 = EDGE_CURVE ( 'NONE', #4842, #6078, #2090, .T. ) ;
#2326 = FACE_BOUND ( 'NONE', #1360, .T. ) ;
#2327 = ADVANCED_FACE ( 'NONE', ( #4664 ), #5833, .F. ) ;
#2328 = ORIENTED_EDGE ( 'NONE', *, *, #2753, .F. ) ;
#2329 = UNCERTAINTY_MEASURE_WITH_UNIT (LENGTH_MEASURE( 1.000000000000000082E-05 ), #221, 'distance_accuracy_value', 'NONE');
#2330 = CARTESIAN_POINT ( 'NONE',  ( 0.7134566486429768650, 1.401690281386347658, 0.000000000000000000 ) ) ;
#2331 = CARTESIAN_POINT ( 'NONE',  ( 0.9257471103353070996, 1.237485446324686711, 0.001000000000000000021 ) ) ;
#2332 = DIRECTION ( 'NONE',  ( 1.000000000000000000, 2.168404344971008868E-16, -0.000000000000000000 ) ) ;
#2333 =( NAMED_UNIT ( * ) SI_UNIT ( $, .STERADIAN. ) SOLID_ANGLE_UNIT ( ) );
#2334 = VECTOR ( 'NONE', #3165, 1000.000000000000000 ) ;
#2335 = LINE ( 'NONE', #4777, #4264 ) ;
#2336 = CARTESIAN_POINT ( 'NONE',  ( 0.8459833908231119137, 1.339429043885662418, 0.000000000000000000 ) ) ;
#2337 = VERTEX_POINT ( 'NONE', #4420 ) ;
#2338 = ORIENTED_EDGE ( 'NONE', *, *, #1294, .T. ) ;
#2339 = FILL_AREA_STYLE_COLOUR ( '', #3071 ) ;
#2340 = FILL_AREA_STYLE ('',( #1334 ) ) ;
#2341 =( GEOMETRIC_REPRESENTATION_CONTEXT ( 3 ) GLOBAL_UNCERTAINTY_ASSIGNED_CONTEXT ( ( #4556 ) ) GLOBAL_UNIT_ASSIGNED_CONTEXT ( ( #6545, #1837, #5030 ) ) REPRESENTATION_CONTEXT ( 'NONE', 'WORKASPACE' ) );
#2342 = EDGE_CURVE ( 'NONE', #751, #2913, #5075, .T. ) ;
#2343 = DIRECTION ( 'NONE',  ( -0.000000000000000000, -0.000000000000000000, -1.000000000000000000 ) ) ;
#2344 = CARTESIAN_POINT ( 'NONE',  ( 0.9034445321371753490, 1.239086136707224783, 0.000000000000000000 ) ) ;
#2345 = CARTESIAN_POINT ( 'NONE',  ( 1.182037798798101003, 1.413051876082184410, 0.001000000000000000021 ) ) ;
#2346 = FACE_OUTER_BOUND ( 'NONE', #6880, .T. ) ;
#2347 = ORIENTED_EDGE ( 'NONE', *, *, #3818, .T. ) ;
#2348 = CARTESIAN_POINT ( 'NONE',  ( 0.8191541225304289631, 1.340000690227125979, 0.001000000000000000021 ) ) ;
#2349 = SURFACE_SIDE_STYLE ('',( #2447 ) ) ;
#2350 = PRESENTATION_LAYER_ASSIGNMENT (  '', '', ( #6645 ) ) ;
#2351 =( GEOMETRIC_REPRESENTATION_CONTEXT ( 3 ) GLOBAL_UNCERTAINTY_ASSIGNED_CONTEXT ( ( #1637 ) ) GLOBAL_UNIT_ASSIGNED_CONTEXT ( ( #3333, #1657, #3314 ) ) REPRESENTATION_CONTEXT ( 'NONE', 'WORKASPACE' ) );
#2352 = CARTESIAN_POINT ( 'NONE',  ( 0.8830768782759246260, 1.244327283011096519, 0.001000000000000000021 ) ) ;
#2353 = VECTOR ( 'NONE', #6148, 1000.000000000000000 ) ;
#2354 = ORIENTED_EDGE ( 'NONE', *, *, #4451, .F. ) ;
#2355 = ADVANCED_FACE ( 'NONE', ( #5739 ), #3364, .F. ) ;
#2356 = ORIENTED_EDGE ( 'NONE', *, *, #5405, .F. ) ;
#2357 = CARTESIAN_POINT ( 'NONE',  ( 0.9257471103353070996, 1.237485446324686711, 0.001000000000000000021 ) ) ;
#2358 = CARTESIAN_POINT ( 'NONE',  ( 0.8922627048894089530, 1.410898394790590649, 0.001000000000000000021 ) ) ;
#2359 = DIRECTION ( 'NONE',  ( 1.000000000000000000, 0.000000000000000000, 0.000000000000000000 ) ) ;
#2360 =( GEOMETRIC_REPRESENTATION_CONTEXT ( 3 ) GLOBAL_UNCERTAINTY_ASSIGNED_CONTEXT ( ( #2032 ) ) GLOBAL_UNIT_ASSIGNED_CONTEXT ( ( #2525, #2474, #6243 ) ) REPRESENTATION_CONTEXT ( 'NONE', 'WORKASPACE' ) );
#2361 =( LENGTH_UNIT ( ) NAMED_UNIT ( * ) SI_UNIT ( .MILLI., .METRE. ) );
#2362 = SURFACE_STYLE_FILL_AREA ( #3828 ) ;
#2363 = ORIENTED_EDGE ( 'NONE', *, *, #757, .F. ) ;
#2364 = ADVANCED_FACE ( 'NONE', ( #4422 ), #5994, .T. ) ;
#2365 = LINE ( 'NONE', #522, #5033 ) ;
#2366 = MECHANICAL_DESIGN_GEOMETRIC_PRESENTATION_REPRESENTATION (  '', ( #1020 ), #1156 ) ;
#2367 =( GEOMETRIC_REPRESENTATION_CONTEXT ( 3 ) GLOBAL_UNCERTAINTY_ASSIGNED_CONTEXT ( ( #5872 ) ) GLOBAL_UNIT_ASSIGNED_CONTEXT ( ( #2779, #6492, #6539 ) ) REPRESENTATION_CONTEXT ( 'NONE', 'WORKASPACE' ) );
#2368 = EDGE_CURVE ( 'NONE', #5395, #654, #2408, .T. ) ;
#2369 =( LENGTH_UNIT ( ) NAMED_UNIT ( * ) SI_UNIT ( .MILLI., .METRE. ) );
#2370 = UNCERTAINTY_MEASURE_WITH_UNIT (LENGTH_MEASURE( 1.000000000000000082E-05 ), #2975, 'distance_accuracy_value', 'NONE');
#2371 = CARTESIAN_POINT ( 'NONE',  ( 1.167087610647193907, 1.432643879372812679, 0.001000000000000000021 ) ) ;
#2372 = ADVANCED_FACE ( 'NONE', ( #3343 ), #3816, .T. ) ;
#2373 = VECTOR ( 'NONE', #5429, 1000.000000000000000 ) ;
#2374 = UNCERTAINTY_MEASURE_WITH_UNIT (LENGTH_MEASURE( 1.000000000000000082E-05 ), #2210, 'distance_accuracy_value', 'NONE');
#2375 =( LENGTH_UNIT ( ) NAMED_UNIT ( * ) SI_UNIT ( .MILLI., .METRE. ) );
#2376 = STYLED_ITEM ( 'NONE', ( #4789 ), #4468 ) ;
#2377 = EDGE_CURVE ( 'NONE', #3125, #705, #325, .T. ) ;
#2378 = DIRECTION ( 'NONE',  ( -0.000000000000000000, 0.000000000000000000, -1.000000000000000000 ) ) ;
#2379 = FACE_OUTER_BOUND ( 'NONE', #5036, .T. ) ;
#2380 =( LENGTH_UNIT ( ) NAMED_UNIT ( * ) SI_UNIT ( .MILLI., .METRE. ) );
#2381 = VECTOR ( 'NONE', #5732, 1000.000000000000000 ) ;
#2382 = CARTESIAN_POINT ( 'NONE',  ( 1.186638475343731125, 1.437991113870897397, 0.000000000000000000 ) ) ;
#2383 = SURFACE_STYLE_USAGE ( .BOTH. , #1873 ) ;
#2384 =( NAMED_UNIT ( * ) PLANE_ANGLE_UNIT ( ) SI_UNIT ( $, .RADIAN. ) );
#2385 = SURFACE_STYLE_FILL_AREA ( #6412 ) ;
#2386 = DIRECTION ( 'NONE',  ( 0.9315776194850603487, -0.3635424856527062487, 0.000000000000000000 ) ) ;
#2387 = ADVANCED_FACE ( 'NONE', ( #6158 ), #3845, .F. ) ;
#2388 = VECTOR ( 'NONE', #6684, 1000.000000000000000 ) ;
#2389 = FILL_AREA_STYLE_COLOUR ( '', #75 ) ;
#2390 = PRESENTATION_LAYER_ASSIGNMENT (  '', '', ( #24 ) ) ;
#2391 = EDGE_CURVE ( 'NONE', #2166, #6787, #5154, .T. ) ;
#2392 = CARTESIAN_POINT ( 'NONE',  ( 1.100000000000000311, 0.8749999999999998890, 0.2000000000000000111 ) ) ;
#2393 = VECTOR ( 'NONE', #1102, 1000.000000000000000 ) ;
#2394 = VECTOR ( 'NONE', #771, 1000.000000000000000 ) ;
#2395 = ORIENTED_EDGE ( 'NONE', *, *, #3961, .F. ) ;
#2396 = ADVANCED_FACE ( 'NONE', ( #1490 ), #4029, .F. ) ;
#2397 = VERTEX_POINT ( 'NONE', #4486 ) ;
#2398 = MECHANICAL_DESIGN_GEOMETRIC_PRESENTATION_REPRESENTATION (  '', ( #4418 ), #6927 ) ;
#2399 = DIRECTION ( 'NONE',  ( -1.000000000000000000, -0.000000000000000000, -0.000000000000000000 ) ) ;
#2400 = COLOUR_RGB ( '',1.000000000000000000, 1.000000000000000000, 0.000000000000000000 ) ;
#2401 = CARTESIAN_POINT ( 'NONE',  ( 1.303206226869500828, 1.386266350225809463, 0.001000000000000000021 ) ) ;
#2402 = ORIENTED_EDGE ( 'NONE', *, *, #1385, .T. ) ;
#2403 = ADVANCED_FACE ( 'NONE', ( #4166 ), #1850, .T. ) ;
#2404 = DIRECTION ( 'NONE',  ( 0.000000000000000000, 1.000000000000000000, 0.000000000000000000 ) ) ;
#2405 = DIRECTION ( 'NONE',  ( -1.000000000000000000, 0.000000000000000000, 0.000000000000000000 ) ) ;
#2406 = DIRECTION ( 'NONE',  ( 0.7071067811865475727, -0.7071067811865475727, 0.000000000000000000 ) ) ;
#2407 = CARTESIAN_POINT ( 'NONE',  ( 0.8192348959709579992, 1.336223173325855829, -0.000000000000000000 ) ) ;
#2408 = LINE ( 'NONE', #6020, #6750 ) ;
#2409 = COLOUR_RGB ( '',1.000000000000000000, 1.000000000000000000, 1.000000000000000000 ) ;
#2410 = STYLED_ITEM ( 'NONE', ( #1166 ), #1905 ) ;
#2411 = ORIENTED_EDGE ( 'NONE', *, *, #947, .F. ) ;
#2412 = LINE ( 'NONE', #4008, #3178 ) ;
#2413 = FILL_AREA_STYLE ('',( #5604 ) ) ;
#2414 = LINE ( 'NONE', #1394, #5333 ) ;
#2415 = VERTEX_POINT ( 'NONE', #2934 ) ;
#2416 = CARTESIAN_POINT ( 'NONE',  ( -1.500000000000000222, -0.6250000000000001110, 0.000000000000000000 ) ) ;
#2417 = ORIENTED_EDGE ( 'NONE', *, *, #5809, .F. ) ;
#2418 = EDGE_LOOP ( 'NONE', ( #1250, #5072, #5935, #5904 ) ) ;
#2419 = ORIENTED_EDGE ( 'NONE', *, *, #2883, .T. ) ;
#2420 = MECHANICAL_DESIGN_GEOMETRIC_PRESENTATION_REPRESENTATION (  '', ( #5047 ), #3149 ) ;
#2421 = STYLED_ITEM ( 'NONE', ( #5797 ), #3908 ) ;
#2422 = EDGE_CURVE ( 'NONE', #4404, #6512, #5731, .T. ) ;
#2423 = ORIENTED_EDGE ( 'NONE', *, *, #6767, .F. ) ;
#2424 = DIRECTION ( 'NONE',  ( 0.000000000000000000, 0.000000000000000000, 1.000000000000000000 ) ) ;
#2425 = ORIENTED_EDGE ( 'NONE', *, *, #4800, .T. ) ;
#2426 = VERTEX_POINT ( 'NONE', #6656 ) ;
#2427 = ORIENTED_EDGE ( 'NONE', *, *, #6483, .T. ) ;
#2428 =( LENGTH_UNIT ( ) NAMED_UNIT ( * ) SI_UNIT ( .MILLI., .METRE. ) );
#2429 = LINE ( 'NONE', #3452, #103 ) ;
#2430 = VECTOR ( 'NONE', #2399, 1000.000000000000000 ) ;
#2431 = DIRECTION ( 'NONE',  ( 1.000000000000000000, 0.000000000000000000, 0.000000000000000000 ) ) ;
#2432 = DIRECTION ( 'NONE',  ( 2.168404344971008868E-16, -1.000000000000000000, 0.000000000000000000 ) ) ;
#2433 = MECHANICAL_DESIGN_GEOMETRIC_PRESENTATION_REPRESENTATION (  '', ( #5634 ), #6354 ) ;
#2434 = EDGE_CURVE ( 'NONE', #728, #327, #3998, .T. ) ;
#2435 = VERTEX_POINT ( 'NONE', #5595 ) ;
#2436 = CARTESIAN_POINT ( 'NONE',  ( 0.9236891835060386802, 1.437485446324686889, 0.001000000000000000021 ) ) ;
#2437 = DIRECTION ( 'NONE',  ( -1.000000000000000000, 0.000000000000000000, 0.000000000000000000 ) ) ;
#2438 = ADVANCED_FACE ( 'NONE', ( #3336 ), #1825, .F. ) ;
#2439 = SURFACE_STYLE_USAGE ( .BOTH. , #3555 ) ;
#2440 = LINE ( 'NONE', #4942, #6869 ) ;
#2441 = SURFACE_STYLE_FILL_AREA ( #3523 ) ;
#2442 = ORIENTED_EDGE ( 'NONE', *, *, #1978, .T. ) ;
#2443 = MECHANICAL_DESIGN_GEOMETRIC_PRESENTATION_REPRESENTATION (  '', ( #2544 ), #351 ) ;
#2444 = FILL_AREA_STYLE ('',( #6736 ) ) ;
#2445 = ORIENTED_EDGE ( 'NONE', *, *, #4399, .T. ) ;
#2446 = CARTESIAN_POINT ( 'NONE',  ( 1.223997886060241402, 1.235123853351413281, 0.001000000000000000021 ) ) ;
#2447 = SURFACE_STYLE_FILL_AREA ( #6074 ) ;
#2448 = CARTESIAN_POINT ( 'NONE',  ( 0.8511905432804502958, 1.372601142617033920, 0.001000000000000000021 ) ) ;
#2449 = ORIENTED_EDGE ( 'NONE', *, *, #603, .T. ) ;
#2450 = CARTESIAN_POINT ( 'NONE',  ( 1.314276073749941043, 1.333712580471028364, 0.001000000000000000021 ) ) ;
#2451 =( GEOMETRIC_REPRESENTATION_CONTEXT ( 3 ) GLOBAL_UNCERTAINTY_ASSIGNED_CONTEXT ( ( #2554 ) ) GLOBAL_UNIT_ASSIGNED_CONTEXT ( ( #6028, #164, #1808 ) ) REPRESENTATION_CONTEXT ( 'NONE', 'WORKASPACE' ) );
#2452 = DIRECTION ( 'NONE',  ( 1.000000000000000000, 0.000000000000000000, -0.000000000000000000 ) ) ;
#2453 = CARTESIAN_POINT ( 'NONE',  ( 1.165495585945063528, 1.269802519495418780, 0.001000000000000000021 ) ) ;
#2454 = CARTESIAN_POINT ( 'NONE',  ( 1.287446805457258314, 1.335351299983223328, 0.000000000000000000 ) ) ;
#2455 = CARTESIAN_POINT ( 'NONE',  ( 1.509999999999999343, -0.6250000000000001110, 0.2000000000000000111 ) ) ;
#2456 = CARTESIAN_POINT ( 'NONE',  ( -1.099999999999999867, -0.8750000000000001110, 0.000000000000000000 ) ) ;
#2457 = CARTESIAN_POINT ( 'NONE',  ( 1.223997886060241402, 1.235123853351413281, 0.001000000000000000021 ) ) ;
#2458 = UNCERTAINTY_MEASURE_WITH_UNIT (LENGTH_MEASURE( 1.000000000000000082E-05 ), #656, 'distance_accuracy_value', 'NONE');
#2459 = SURFACE_STYLE_FILL_AREA ( #1563 ) ;
#2460 = PRESENTATION_STYLE_ASSIGNMENT (( #779 ) ) ;
#2461 = MECHANICAL_DESIGN_GEOMETRIC_PRESENTATION_REPRESENTATION (  '', ( #1384 ), #2830 ) ;
#2462 = EDGE_CURVE ( 'NONE', #1350, #4117, #5233, .T. ) ;
#2463 = CARTESIAN_POINT ( 'NONE',  ( 1.028910220091404648, 1.349680568275906323, 0.000000000000000000 ) ) ;
#2464 = SURFACE_STYLE_FILL_AREA ( #4649 ) ;
#2465 = CARTESIAN_POINT ( 'NONE',  ( 0.8830768782759246260, 1.244327283011096519, 0.001000000000000000021 ) ) ;
#2466 = VECTOR ( 'NONE', #5361, 1000.000000000000000 ) ;
#2467 = SURFACE_STYLE_FILL_AREA ( #768 ) ;
#2468 = FILL_AREA_STYLE ('',( #5673 ) ) ;
#2469 = EDGE_LOOP ( 'NONE', ( #6760, #4093, #2876, #3269 ) ) ;
#2470 = CARTESIAN_POINT ( 'NONE',  ( 1.509999999999998455, -1.125000000000000222, 0.2000000000000000111 ) ) ;
#2471 = STYLED_ITEM ( 'NONE', ( #2796 ), #4424 ) ;
#2472 = EDGE_CURVE ( 'NONE', #5067, #4919, #6664, .T. ) ;
#2473 = FACE_OUTER_BOUND ( 'NONE', #3680, .T. ) ;
#2474 =( NAMED_UNIT ( * ) PLANE_ANGLE_UNIT ( ) SI_UNIT ( $, .RADIAN. ) );
#2475 = CARTESIAN_POINT ( 'NONE',  ( -1.099999999999999867, 0.000000000000000000, 0.000000000000000000 ) ) ;
#2476 = FACE_OUTER_BOUND ( 'NONE', #1864, .T. ) ;
#2477 = CARTESIAN_POINT ( 'NONE',  ( 1.307258164913213339, 1.376879322309060072, 0.001000000000000000021 ) ) ;
#2478 =( NAMED_UNIT ( * ) SI_UNIT ( $, .STERADIAN. ) SOLID_ANGLE_UNIT ( ) );
#2479 = CARTESIAN_POINT ( 'NONE',  ( 1.024032171310916839, 1.437485446324686889, 0.000000000000000000 ) ) ;
#2480 = CARTESIAN_POINT ( 'NONE',  ( 1.238810452854627542, 1.259833254066017982, 0.000000000000000000 ) ) ;
#2481 = PRESENTATION_STYLE_ASSIGNMENT (( #6277 ) ) ;
#2482 = CARTESIAN_POINT ( 'NONE',  ( 1.100000000000000311, -0.1250000000000000555, 0.2000000000000000111 ) ) ;
#2483 = SURFACE_SIDE_STYLE ('',( #2464 ) ) ;
#2484 = VECTOR ( 'NONE', #5568, 1000.000000000000000 ) ;
#2485 = CARTESIAN_POINT ( 'NONE',  ( 1.212332476188965558, 1.417973251202735652, 0.001000000000000000021 ) ) ;
#2486 = MECHANICAL_DESIGN_GEOMETRIC_PRESENTATION_REPRESENTATION (  '', ( #5464 ), #679 ) ;
#2487 = EDGE_CURVE ( 'NONE', #3300, #1894, #3412, .T. ) ;
#2488 = DIRECTION ( 'NONE',  ( -0.000000000000000000, -0.000000000000000000, -1.000000000000000000 ) ) ;
#2489 = LINE ( 'NONE', #990, #5060 ) ;
#2490 = FACE_OUTER_BOUND ( 'NONE', #2469, .T. ) ;
#2491 = CARTESIAN_POINT ( 'NONE',  ( 0.8922627048894089530, 1.410898394790590649, 0.000000000000000000 ) ) ;
#2492 = EDGE_LOOP ( 'NONE', ( #2099, #1176, #3183, #6168 ) ) ;
#2493 = CARTESIAN_POINT ( 'NONE',  ( 0.9801297322865264450, 1.237485446324686711, 0.001000000000000000021 ) ) ;
#2494 = FACE_OUTER_BOUND ( 'NONE', #2767, .T. ) ;
#2495 = DIRECTION ( 'NONE',  ( 1.000000000000000000, 0.000000000000000000, 0.000000000000000000 ) ) ;
#2496 = STYLED_ITEM ( 'NONE', ( #1953 ), #714 ) ;
#2497 = ORIENTED_EDGE ( 'NONE', *, *, #4541, .F. ) ;
#2498 =( GEOMETRIC_REPRESENTATION_CONTEXT ( 3 ) GLOBAL_UNCERTAINTY_ASSIGNED_CONTEXT ( ( #3066 ) ) GLOBAL_UNIT_ASSIGNED_CONTEXT ( ( #5052, #6106, #1281 ) ) REPRESENTATION_CONTEXT ( 'NONE', 'WORKASPACE' ) );
#2499 = SURFACE_STYLE_USAGE ( .BOTH. , #390 ) ;
#2500 = COLOUR_RGB ( '',1.000000000000000000, 1.000000000000000000, 1.000000000000000000 ) ;
#2501 = CARTESIAN_POINT ( 'NONE',  ( 1.314018496598930108, 1.345218953006705354, 0.001000000000000000021 ) ) ;
#2502 = ORIENTED_EDGE ( 'NONE', *, *, #3062, .F. ) ;
#2503 =( NAMED_UNIT ( * ) PLANE_ANGLE_UNIT ( ) SI_UNIT ( $, .RADIAN. ) );
#2504 = ORIENTED_EDGE ( 'NONE', *, *, #2718, .F. ) ;
#2505 =( LENGTH_UNIT ( ) NAMED_UNIT ( * ) SI_UNIT ( .MILLI., .METRE. ) );
#2506 = UNCERTAINTY_MEASURE_WITH_UNIT (LENGTH_MEASURE( 1.000000000000000082E-05 ), #2610, 'distance_accuracy_value', 'NONE');
#2507 = CARTESIAN_POINT ( 'NONE',  ( 1.028910220091404648, 1.349680568275906323, 0.001000000000000000021 ) ) ;
#2508 = LINE ( 'NONE', #5975, #6170 ) ;
#2509 = DIRECTION ( 'NONE',  ( 0.000000000000000000, -0.000000000000000000, -1.000000000000000000 ) ) ;
#2510 = MECHANICAL_DESIGN_GEOMETRIC_PRESENTATION_REPRESENTATION (  '', ( #750 ), #3449 ) ;
#2511 = LINE ( 'NONE', #1048, #2174 ) ;
#2512 = EDGE_LOOP ( 'NONE', ( #3956, #6802, #1024, #5507 ) ) ;
#2513 = DIRECTION ( 'NONE',  ( 1.000000000000000000, 0.000000000000000000, 0.000000000000000000 ) ) ;
#2514 = VERTEX_POINT ( 'NONE', #5550 ) ;
#2515 = CARTESIAN_POINT ( 'NONE',  ( 1.099641927408477882, 1.259436665836882074, 0.001000000000000000021 ) ) ;
#2516 = CARTESIAN_POINT ( 'NONE',  ( 0.8208403828167714078, 1.318012091451748580, 0.001000000000000000021 ) ) ;
#2517 = FACE_OUTER_BOUND ( 'NONE', #3105, .T. ) ;
#2518 = SURFACE_SIDE_STYLE ('',( #6329 ) ) ;
#2519 = VERTEX_POINT ( 'NONE', #5703 ) ;
#2520 = EDGE_CURVE ( 'NONE', #4117, #413, #3652, .T. ) ;
#2521 = DIRECTION ( 'NONE',  ( -0.000000000000000000, 0.000000000000000000, -1.000000000000000000 ) ) ;
#2522 = FACE_OUTER_BOUND ( 'NONE', #3038, .T. ) ;
#2523 = SURFACE_STYLE_FILL_AREA ( #3979 ) ;
#2524 = ORIENTED_EDGE ( 'NONE', *, *, #2250, .T. ) ;
#2525 =( LENGTH_UNIT ( ) NAMED_UNIT ( * ) SI_UNIT ( .MILLI., .METRE. ) );
#2526 = ORIENTED_EDGE ( 'NONE', *, *, #319, .T. ) ;
#2527 = LINE ( 'NONE', #4182, #2334 ) ;
#2528 = CARTESIAN_POINT ( 'NONE',  ( 1.314276073749941043, 1.333712580471028364, 0.000000000000000000 ) ) ;
#2529 = PRESENTATION_LAYER_ASSIGNMENT (  '', '', ( #1085 ) ) ;
#2530 = EDGE_CURVE ( 'NONE', #5158, #5758, #2238, .T. ) ;
#2531 = VECTOR ( 'NONE', #557, 1000.000000000000000 ) ;
#2532 = DIRECTION ( 'NONE',  ( 0.000000000000000000, -1.000000000000000000, 0.000000000000000000 ) ) ;
#2533 = EDGE_LOOP ( 'NONE', ( #527, #5148, #6570, #6670, #2602, #755 ) ) ;
#2534 =( LENGTH_UNIT ( ) NAMED_UNIT ( * ) SI_UNIT ( .MILLI., .METRE. ) );
#2535 = DIRECTION ( 'NONE',  ( 0.000000000000000000, -0.000000000000000000, 1.000000000000000000 ) ) ;
#2536 = CARTESIAN_POINT ( 'NONE',  ( 1.258933911969813968, 1.241663307478058531, 0.001000000000000000021 ) ) ;
#2537 = DIRECTION ( 'NONE',  ( 0.000000000000000000, 1.000000000000000000, 0.000000000000000000 ) ) ;
#2538 = PRESENTATION_STYLE_ASSIGNMENT (( #5018 ) ) ;
#2539 = SURFACE_STYLE_FILL_AREA ( #4984 ) ;
#2540 = ORIENTED_EDGE ( 'NONE', *, *, #5335, .T. ) ;
#2541 = ORIENTED_EDGE ( 'NONE', *, *, #6218, .F. ) ;
#2542 =( LENGTH_UNIT ( ) NAMED_UNIT ( * ) SI_UNIT ( .MILLI., .METRE. ) );
#2543 = FILL_AREA_STYLE ('',( #5278 ) ) ;
#2544 = STYLED_ITEM ( 'NONE', ( #3482 ), #6610 ) ;
#2545 = DIRECTION ( 'NONE',  ( 0.000000000000000000, 0.000000000000000000, -1.000000000000000000 ) ) ;
#2546 = PRODUCT ( 'DFN-10_L3.0-W3.0-P0.50-TL-EP2.4', 'DFN-10_L3.0-W3.0-P0.50-TL-EP2.4', '', ( #3543 ) ) ;
#2547 = PRESENTATION_LAYER_ASSIGNMENT (  '', '', ( #6103 ) ) ;
#2548 = ADVANCED_FACE ( 'NONE', ( #478 ), #5633, .T. ) ;
#2549 = COLOUR_RGB ( '',1.000000000000000000, 1.000000000000000000, 1.000000000000000000 ) ;
#2550 = ORIENTED_EDGE ( 'NONE', *, *, #147, .F. ) ;
#2551 = CARTESIAN_POINT ( 'NONE',  ( 1.288918777250512848, 1.261997916379497431, 0.000000000000000000 ) ) ;
#2552 = DIRECTION ( 'NONE',  ( 1.000000000000000000, -0.000000000000000000, -0.000000000000000000 ) ) ;
#2553 = PRESENTATION_LAYER_ASSIGNMENT (  '', '', ( #178 ) ) ;
#2554 = UNCERTAINTY_MEASURE_WITH_UNIT (LENGTH_MEASURE( 1.000000000000000082E-05 ), #6028, 'distance_accuracy_value', 'NONE');
#2555 = CARTESIAN_POINT ( 'NONE',  ( 1.257517436827845669, 1.268791864647075718, 0.001000000000000000021 ) ) ;
#2556 = FACE_OUTER_BOUND ( 'NONE', #6421, .T. ) ;
#2557 = DIRECTION ( 'NONE',  ( 0.000000000000000000, 1.000000000000000000, 0.000000000000000000 ) ) ;
#2558 = FACE_OUTER_BOUND ( 'NONE', #2533, .T. ) ;
#2559 = CARTESIAN_POINT ( 'NONE',  ( 1.304502973357530404, 1.284838222280693998, 0.001000000000000000021 ) ) ;
#2560 = VECTOR ( 'NONE', #4185, 1000.000000000000000 ) ;
#2561 = DIRECTION ( 'NONE',  ( 1.000000000000000000, 0.000000000000000000, 0.000000000000000000 ) ) ;
#2562 = VERTEX_POINT ( 'NONE', #2998 ) ;
#2563 = LINE ( 'NONE', #2709, #4889 ) ;
#2564 = EDGE_CURVE ( 'NONE', #2435, #6100, #3249, .T. ) ;
#2565 = DIRECTION ( 'NONE',  ( 0.000000000000000000, 0.000000000000000000, -1.000000000000000000 ) ) ;
#2566 =( NAMED_UNIT ( * ) PLANE_ANGLE_UNIT ( ) SI_UNIT ( $, .RADIAN. ) );
#2567 = PRESENTATION_STYLE_ASSIGNMENT (( #6799 ) ) ;
#2568 = CARTESIAN_POINT ( 'NONE',  ( 1.286292567864716796, 1.353243553963252577, 0.000000000000000000 ) ) ;
#2569 = CARTESIAN_POINT ( 'NONE',  ( -1.734723475976806700E-15, -1.000000000000000000, 0.2000000000000000111 ) ) ;
#2570 = ORIENTED_EDGE ( 'NONE', *, *, #1347, .F. ) ;
#2571 = MECHANICAL_DESIGN_GEOMETRIC_PRESENTATION_REPRESENTATION (  '', ( #5914 ), #1486 ) ;
#2572 = EDGE_CURVE ( 'NONE', #3214, #6620, #1986, .T. ) ;
#2573 = PRESENTATION_STYLE_ASSIGNMENT (( #4155 ) ) ;
#2574 = ORIENTED_EDGE ( 'NONE', *, *, #4124, .T. ) ;
#2575 =( NAMED_UNIT ( * ) PLANE_ANGLE_UNIT ( ) SI_UNIT ( $, .RADIAN. ) );
#2576 =( LENGTH_UNIT ( ) NAMED_UNIT ( * ) SI_UNIT ( .MILLI., .METRE. ) );
#2577 = ORIENTED_EDGE ( 'NONE', *, *, #2620, .F. ) ;
#2578 = PLANE ( 'NONE',  #5493 ) ;
#2579 = CARTESIAN_POINT ( 'NONE',  ( 1.100000000000000311, 0.1249999999999999445, -0.05000000000000000278 ) ) ;
#2580 = ORIENTED_EDGE ( 'NONE', *, *, #3431, .F. ) ;
#2581 = ORIENTED_EDGE ( 'NONE', *, *, #5140, .F. ) ;
#2582 =( GEOMETRIC_REPRESENTATION_CONTEXT ( 3 ) GLOBAL_UNCERTAINTY_ASSIGNED_CONTEXT ( ( #2374 ) ) GLOBAL_UNIT_ASSIGNED_CONTEXT ( ( #2210, #162, #1715 ) ) REPRESENTATION_CONTEXT ( 'NONE', 'WORKASPACE' ) );
#2583 = VERTEX_POINT ( 'NONE', #2528 ) ;
#2584 = CARTESIAN_POINT ( 'NONE',  ( 0.8193900607680996151, 1.350715090392519802, 0.001000000000000000021 ) ) ;
#2585 = CARTESIAN_POINT ( 'NONE',  ( -1.100000000000000311, 0.1249999999999999445, 0.000000000000000000 ) ) ;
#2586 = VERTEX_POINT ( 'NONE', #834 ) ;
#2587 = FILL_AREA_STYLE_COLOUR ( '', #1076 ) ;
#2588 = ORIENTED_EDGE ( 'NONE', *, *, #4225, .T. ) ;
#2589 = ORIENTED_EDGE ( 'NONE', *, *, #3547, .F. ) ;
#2590 = SURFACE_STYLE_FILL_AREA ( #3423 ) ;
#2591 =( NAMED_UNIT ( * ) SI_UNIT ( $, .STERADIAN. ) SOLID_ANGLE_UNIT ( ) );
#2592 = LINE ( 'NONE', #4572, #2856 ) ;
#2593 = UNCERTAINTY_MEASURE_WITH_UNIT (LENGTH_MEASURE( 1.000000000000000082E-05 ), #5315, 'distance_accuracy_value', 'NONE');
#2594 = CARTESIAN_POINT ( 'NONE',  ( 1.100000000000000311, 0.8749999999999998890, 0.2000000000000000111 ) ) ;
#2595 = ORIENTED_EDGE ( 'NONE', *, *, #2831, .F. ) ;
#2596 = STYLED_ITEM ( 'NONE', ( #1091 ), #1693 ) ;
#2597 = ORIENTED_EDGE ( 'NONE', *, *, #1879, .T. ) ;
#2598 = CARTESIAN_POINT ( 'NONE',  ( 1.304502973357530404, 1.284838222280693998, 0.000000000000000000 ) ) ;
#2599 = CARTESIAN_POINT ( 'NONE',  ( 1.167372264100061230, 1.246815450049244989, -0.000000000000000000 ) ) ;
#2600 = CARTESIAN_POINT ( 'NONE',  ( 0.000000000000000000, 0.6249999999999998890, 0.000000000000000000 ) ) ;
#2601 = VERTEX_POINT ( 'NONE', #4645 ) ;
#2602 = ORIENTED_EDGE ( 'NONE', *, *, #1027, .F. ) ;
#2603 = ORIENTED_EDGE ( 'NONE', *, *, #407, .T. ) ;
#2604 = CARTESIAN_POINT ( 'NONE',  ( 1.189275855301219043, 1.260120451471536951, 0.001000000000000000021 ) ) ;
#2605 = CARTESIAN_POINT ( 'NONE',  ( 0.8848003314183219281, 1.267537789055004582, 0.001000000000000000021 ) ) ;
#2606 =( NAMED_UNIT ( * ) SI_UNIT ( $, .STERADIAN. ) SOLID_ANGLE_UNIT ( ) );
#2607 = MECHANICAL_DESIGN_GEOMETRIC_PRESENTATION_REPRESENTATION (  '', ( #2239 ), #2962 ) ;
#2608 = EDGE_CURVE ( 'NONE', #1437, #1332, #1752, .T. ) ;
#2609 = VECTOR ( 'NONE', #4966, 1000.000000000000000 ) ;
#2610 =( LENGTH_UNIT ( ) NAMED_UNIT ( * ) SI_UNIT ( .MILLI., .METRE. ) );
#2611 =( LENGTH_UNIT ( ) NAMED_UNIT ( * ) SI_UNIT ( .MILLI., .METRE. ) );
#2612 = VERTEX_POINT ( 'NONE', #1466 ) ;
#2613 = ORIENTED_EDGE ( 'NONE', *, *, #5276, .F. ) ;
#2614 =( NAMED_UNIT ( * ) PLANE_ANGLE_UNIT ( ) SI_UNIT ( $, .RADIAN. ) );
#2615 = SURFACE_STYLE_USAGE ( .BOTH. , #5741 ) ;
#2616 =( NAMED_UNIT ( * ) SI_UNIT ( $, .STERADIAN. ) SOLID_ANGLE_UNIT ( ) );
#2617 = SURFACE_STYLE_USAGE ( .BOTH. , #5746 ) ;
#2618 = COLOUR_RGB ( '',1.000000000000000000, 1.000000000000000000, 0.000000000000000000 ) ;
#2619 = MECHANICAL_DESIGN_GEOMETRIC_PRESENTATION_REPRESENTATION (  '', ( #1926 ), #5325 ) ;
#2620 = EDGE_CURVE ( 'NONE', #5277, #1373, #5906, .T. ) ;
#2621 = ORIENTED_EDGE ( 'NONE', *, *, #6003, .F. ) ;
#2622 = ORIENTED_EDGE ( 'NONE', *, *, #2983, .T. ) ;
#2623 = ADVANCED_FACE ( 'NONE', ( #2163 ), #3551, .T. ) ;
#2624 = CARTESIAN_POINT ( 'NONE',  ( -1.500000000000000222, 1.500000000000000000, 0.000000000000000000 ) ) ;
#2625 = LINE ( 'NONE', #5902, #4041 ) ;
#2626 = CARTESIAN_POINT ( 'NONE',  ( 1.197353978054519263, 1.236738753923597223, 0.000000000000000000 ) ) ;
#2627 = ORIENTED_EDGE ( 'NONE', *, *, #6589, .F. ) ;
#2628 = EDGE_CURVE ( 'NONE', #3576, #5900, #5722, .T. ) ;
#2629 = DIRECTION ( 'NONE',  ( 1.000000000000000000, 0.000000000000000000, 0.000000000000000000 ) ) ;
#2630 = CARTESIAN_POINT ( 'NONE',  ( 1.216829427408477882, 1.256997641446638392, 0.000000000000000000 ) ) ;
#2631 = CARTESIAN_POINT ( 'NONE',  ( 1.100000000000000311, 0.1249999999999999445, -0.05000000000000000278 ) ) ;
#2632 = ORIENTED_EDGE ( 'NONE', *, *, #2671, .T. ) ;
#2633 = CARTESIAN_POINT ( 'NONE',  ( 1.304502973357530404, 1.284838222280693998, 0.000000000000000000 ) ) ;
#2634 = DIRECTION ( 'NONE',  ( 0.000000000000000000, -0.000000000000000000, -1.000000000000000000 ) ) ;
#2635 = VECTOR ( 'NONE', #2537, 1000.000000000000000 ) ;
#2636 = CARTESIAN_POINT ( 'NONE',  ( 1.100000000000000311, 0.8749999999999998890, -0.05000000000000000278 ) ) ;
#2637 = CARTESIAN_POINT ( 'NONE',  ( 0.9236891835060386802, 1.437485446324686889, 2.117582368135750848E-19 ) ) ;
#2638 = PRODUCT_DEFINITION_SHAPE ( 'NONE', 'NONE',  #36 ) ;
#2639 =( GEOMETRIC_REPRESENTATION_CONTEXT ( 3 ) GLOBAL_UNCERTAINTY_ASSIGNED_CONTEXT ( ( #2248 ) ) GLOBAL_UNIT_ASSIGNED_CONTEXT ( ( #6235, #3077, #3005 ) ) REPRESENTATION_CONTEXT ( 'NONE', 'WORKASPACE' ) );
#2640 =( NAMED_UNIT ( * ) PLANE_ANGLE_UNIT ( ) SI_UNIT ( $, .RADIAN. ) );
#2641 = VECTOR ( 'NONE', #2283, 1000.000000000000000 ) ;
#2642 = CARTESIAN_POINT ( 'NONE',  ( 0.8579170156525053326, 1.385774516292366698, 0.000000000000000000 ) ) ;
#2643 = VECTOR ( 'NONE', #298, 1000.000000000000000 ) ;
#2644 = ORIENTED_EDGE ( 'NONE', *, *, #3107, .T. ) ;
#2645 = CARTESIAN_POINT ( 'NONE',  ( 1.433788268871892591, 1.237485446324686711, 0.001000000000000000021 ) ) ;
#2646 = CARTESIAN_POINT ( 'NONE',  ( 1.187853293109085051, 1.414830476248121416, 0.000000000000000000 ) ) ;
#2647 = COLOUR_RGB ( '',1.000000000000000000, 1.000000000000000000, 0.000000000000000000 ) ;
#2648 =( GEOMETRIC_REPRESENTATION_CONTEXT ( 3 ) GLOBAL_UNCERTAINTY_ASSIGNED_CONTEXT ( ( #365 ) ) GLOBAL_UNIT_ASSIGNED_CONTEXT ( ( #1356, #6135, #6113 ) ) REPRESENTATION_CONTEXT ( 'NONE', 'WORKASPACE' ) );
#2649 = CARTESIAN_POINT ( 'NONE',  ( 0.8200000000000000622, 1.189999999999999947, 0.000000000000000000 ) ) ;
#2650 = CARTESIAN_POINT ( 'NONE',  ( 1.167334051970830844, 1.268767008659811069, 0.000000000000000000 ) ) ;
#2651 =( NAMED_UNIT ( * ) SI_UNIT ( $, .STERADIAN. ) SOLID_ANGLE_UNIT ( ) );
#2652 = CARTESIAN_POINT ( 'NONE',  ( 1.190293880791923442, 1.238162037073414101, 0.000000000000000000 ) ) ;
#2653 = CARTESIAN_POINT ( 'NONE',  ( 1.252965003192492821, 1.432823731887828300, 0.000000000000000000 ) ) ;
#2654 = CARTESIAN_POINT ( 'NONE',  ( 1.314213564051580185, 1.330088287331657515, -0.000000000000000000 ) ) ;
#2655 = DIRECTION ( 'NONE',  ( 1.000000000000000000, 0.000000000000000000, 0.000000000000000000 ) ) ;
#2656 = ADVANCED_FACE ( 'NONE', ( #5225 ), #3613, .F. ) ;
#2657 = DIRECTION ( 'NONE',  ( -0.000000000000000000, -0.000000000000000000, -1.000000000000000000 ) ) ;
#2658 = PRESENTATION_LAYER_ASSIGNMENT (  '', '', ( #1926 ) ) ;
#2659 = EDGE_CURVE ( 'NONE', #413, #1062, #3075, .T. ) ;
#2660 = LINE ( 'NONE', #6230, #472 ) ;
#2661 = LINE ( 'NONE', #6463, #2484 ) ;
#2662 = CARTESIAN_POINT ( 'NONE',  ( 0.8647295503525349591, 1.422708400181510013, 2.117582368135750848E-19 ) ) ;
#2663 = CARTESIAN_POINT ( 'NONE',  ( 1.210222050247081294, 1.417941343083468198, 0.001000000000000000021 ) ) ;
#2664 = VECTOR ( 'NONE', #2118, 1000.000000000000000 ) ;
#2665 = CARTESIAN_POINT ( 'NONE',  ( 0.8488287811456890486, 1.365141393255238755, 0.001000000000000000021 ) ) ;
#2666 = PRESENTATION_STYLE_ASSIGNMENT (( #2439 ) ) ;
#2667 = ORIENTED_EDGE ( 'NONE', *, *, #5245, .F. ) ;
#2668 = VERTEX_POINT ( 'NONE', #3684 ) ;
#2669 = CARTESIAN_POINT ( 'NONE',  ( 1.099999999999999423, -0.6250000000000001110, 0.2000000000000000111 ) ) ;
#2670 = MECHANICAL_DESIGN_GEOMETRIC_PRESENTATION_REPRESENTATION (  '', ( #3061 ), #2299 ) ;
#2671 = EDGE_CURVE ( 'NONE', #1340, #3214, #3734, .T. ) ;
#2672 = CARTESIAN_POINT ( 'NONE',  ( 1.193779032107921356, 1.416266709532370438, 0.000000000000000000 ) ) ;
#2673 = COLOUR_RGB ( '',0.5019607843137254832, 0.5019607843137254832, 0.5019607843137254832 ) ;
#2674 = ORIENTED_EDGE ( 'NONE', *, *, #6625, .F. ) ;
#2675 = DIRECTION ( 'NONE',  ( 2.168404344971008868E-16, -1.000000000000000000, 0.000000000000000000 ) ) ;
#2676 = PLANE ( 'NONE',  #1743 ) ;
#2677 = VECTOR ( 'NONE', #1093, 1000.000000000000000 ) ;
#2678 = CARTESIAN_POINT ( 'NONE',  ( 1.331349244481648597, 1.237485446324686711, 0.000000000000000000 ) ) ;
#2679 = STYLED_ITEM ( 'NONE', ( #4968 ), #6661 ) ;
#2680 =( NAMED_UNIT ( * ) PLANE_ANGLE_UNIT ( ) SI_UNIT ( $, .RADIAN. ) );
#2681 =( NAMED_UNIT ( * ) SI_UNIT ( $, .STERADIAN. ) SOLID_ANGLE_UNIT ( ) );
#2682 = VERTEX_POINT ( 'NONE', #6333 ) ;
#2683 = SURFACE_SIDE_STYLE ('',( #6757 ) ) ;
#2684 = FILL_AREA_STYLE_COLOUR ( '', #6916 ) ;
#2685 = COLOUR_RGB ( '',1.000000000000000000, 1.000000000000000000, 1.000000000000000000 ) ;
#2686 = LINE ( 'NONE', #2475, #2 ) ;
#2687 = ORIENTED_EDGE ( 'NONE', *, *, #4894, .F. ) ;
#2688 = FILL_AREA_STYLE ('',( #6831 ) ) ;
#2689 = EDGE_LOOP ( 'NONE', ( #1746, #2524, #3957, #5764, #5022, #660, #5992, #6932, #796, #1685, #1676, #3531, #2502, #5498, #808, #3883, #932, #4051, #3857, #4036, #647, #1315, #2105, #3645 ) ) ;
#2690 = CARTESIAN_POINT ( 'NONE',  ( 0.8853966185127017940, 1.408196209583441050, 0.001000000000000000021 ) ) ;
#2691 = UNCERTAINTY_MEASURE_WITH_UNIT (LENGTH_MEASURE( 1.000000000000000082E-05 ), #2058, 'distance_accuracy_value', 'NONE');
#2692 = FILL_AREA_STYLE ('',( #3655 ) ) ;
#2693 = AXIS2_PLACEMENT_3D ( 'NONE', #4972, #2311, #4907 ) ;
#2694 = FACE_OUTER_BOUND ( 'NONE', #4679, .T. ) ;
#2695 = VERTEX_POINT ( 'NONE', #2031 ) ;
#2696 = CARTESIAN_POINT ( 'NONE',  ( 1.279447239625169930, 1.376715267716938307, 0.000000000000000000 ) ) ;
#2697 = PRESENTATION_LAYER_ASSIGNMENT (  '', '', ( #6251 ) ) ;
#2698 = FACE_OUTER_BOUND ( 'NONE', #978, .T. ) ;
#2699 = PLANE ( 'NONE',  #6209 ) ;
#2700 = VECTOR ( 'NONE', #2993, 1000.000000000000000 ) ;
#2701 = VERTEX_POINT ( 'NONE', #5755 ) ;
#2702 = CARTESIAN_POINT ( 'NONE',  ( 1.204778259901588156, 1.235774713246243550, 0.001000000000000000021 ) ) ;
#2703 = PRESENTATION_LAYER_ASSIGNMENT (  '', '', ( #1969 ) ) ;
#2704 = CARTESIAN_POINT ( 'NONE',  ( 1.099641927408477882, 1.415534226812491747, 0.001000000000000000021 ) ) ;
#2705 = CARTESIAN_POINT ( 'NONE',  ( 1.224442677575279914, 1.257193858175102985, 0.001000000000000000021 ) ) ;
#2706 = ORIENTED_EDGE ( 'NONE', *, *, #1936, .F. ) ;
#2707 = AXIS2_PLACEMENT_3D ( 'NONE', #3093, #3122, #3072 ) ;
#2708 = EDGE_CURVE ( 'NONE', #1858, #3185, #4820, .T. ) ;
#2709 = CARTESIAN_POINT ( 'NONE',  ( 0.6735367444816484639, 1.293583007300296517, 0.001000000000000000021 ) ) ;
#2710 = CARTESIAN_POINT ( 'NONE',  ( 1.294876447577504086, 1.269043937791713761, 0.000000000000000000 ) ) ;
#2711 = SURFACE_STYLE_FILL_AREA ( #1889 ) ;
#2712 = SURFACE_STYLE_FILL_AREA ( #6376 ) ;
#2713 = FILL_AREA_STYLE ('',( #5317 ) ) ;
#2714 = VERTEX_POINT ( 'NONE', #6891 ) ;
#2715 =( NAMED_UNIT ( * ) PLANE_ANGLE_UNIT ( ) SI_UNIT ( $, .RADIAN. ) );
#2716 =( NAMED_UNIT ( * ) SI_UNIT ( $, .STERADIAN. ) SOLID_ANGLE_UNIT ( ) );
#2717 = PRESENTATION_LAYER_ASSIGNMENT (  '', '', ( #3876 ) ) ;
#2718 = EDGE_CURVE ( 'NONE', #317, #575, #6479, .T. ) ;
#2719 = ORIENTED_EDGE ( 'NONE', *, *, #5494, .F. ) ;
#2720 = CARTESIAN_POINT ( 'NONE',  ( 0.7126373542377459902, 1.399070812178345280, 0.001000000000000000021 ) ) ;
#2721 = LINE ( 'NONE', #1843, #128 ) ;
#2722 = VECTOR ( 'NONE', #4560, 1000.000000000000000 ) ;
#2723 = CARTESIAN_POINT ( 'NONE',  ( -1.499999999999999778, -0.3750000000000001110, 0.000000000000000000 ) ) ;
#2724 = STYLED_ITEM ( 'NONE', ( #6832 ), #6239 ) ;
#2725 = STYLED_ITEM ( 'NONE', ( #5304 ), #188 ) ;
#2726 = CARTESIAN_POINT ( 'NONE',  ( 1.331349244481648597, 1.237485446324686711, 0.001000000000000000021 ) ) ;
#2727 = FILL_AREA_STYLE_COLOUR ( '', #703 ) ;
#2728 = FILL_AREA_STYLE_COLOUR ( '', #3875 ) ;
#2729 = VECTOR ( 'NONE', #5467, 1000.000000000000000 ) ;
#2730 = CARTESIAN_POINT ( 'NONE',  ( 0.6825306469206727789, 1.315534226812491658, 0.000000000000000000 ) ) ;
#2731 = CARTESIAN_POINT ( 'NONE',  ( 1.282380835209942616, 1.369370741670292047, 0.001000000000000000021 ) ) ;
#2732 = PRESENTATION_STYLE_ASSIGNMENT (( #5468 ) ) ;
#2733 = SURFACE_STYLE_USAGE ( .BOTH. , #43 ) ;
#2734 = B_SPLINE_CURVE_WITH_KNOTS ( 'NONE', 3,
 ( #4601, #1400, #4100, #3553, #878, #6359, #6337, #3092, #3616, #443, #4718, #4741, #5217, #466, #6894, #1556, #5804, #1535, #5781 ),
 .UNSPECIFIED., .F., .F.,
 ( 4, 1, 1, 1, 1, 1, 1, 1, 1, 1, 1, 1, 1, 1, 1, 1, 4 ),
 ( 0.000000000000000000, 0.06863117867660104010, 0.1345664660386768630, 0.1983281540108809970, 0.2607897666408450221, 0.3219991514841584745, 0.3827217465030195442, 0.4435374740357291845, 0.5051334294849250117, 0.5662138747646717762, 0.6261058646175461373, 0.6853493221605171382, 0.7449958703477970179, 0.8054158418145624942, 0.8676362663459531444, 0.9323077823023293575, 1.000000000000000000 ),
 .UNSPECIFIED. ) ;
#2735 = CARTESIAN_POINT ( 'NONE',  ( 1.199036181037453241, 1.439467179961714249, 0.001000000000000000021 ) ) ;
#2736 = LINE ( 'NONE', #5616, #4730 ) ;
#2737 = CARTESIAN_POINT ( 'NONE',  ( 1.286292567864716796, 1.353243553963252577, 0.000000000000000000 ) ) ;
#2738 = CARTESIAN_POINT ( 'NONE',  ( 1.500000000000000000, 0.3749999999999998890, 0.000000000000000000 ) ) ;
#2739 = CARTESIAN_POINT ( 'NONE',  ( 0.8045199761889655354, 1.237485446324686711, 0.000000000000000000 ) ) ;
#2740 = STYLED_ITEM ( 'NONE', ( #1970 ), #339 ) ;
#2741 = AXIS2_PLACEMENT_3D ( 'NONE', #3983, #5524, #6065 ) ;
#2742 = EDGE_CURVE ( 'NONE', #4864, #6336, #2489, .T. ) ;
#2743 = FILL_AREA_STYLE_COLOUR ( '', #3145 ) ;
#2744 =( LENGTH_UNIT ( ) NAMED_UNIT ( * ) SI_UNIT ( .MILLI., .METRE. ) );
#2745 = LINE ( 'NONE', #1311, #5899 ) ;
#2746 = ORIENTED_EDGE ( 'NONE', *, *, #4488, .T. ) ;
#2747 = CARTESIAN_POINT ( 'NONE',  ( 1.212561134725551160, 1.439924470714930793, 0.000000000000000000 ) ) ;
#2748 = DIRECTION ( 'NONE',  ( -1.000000000000000000, 0.000000000000000000, 0.000000000000000000 ) ) ;
#2749 = CARTESIAN_POINT ( 'NONE',  ( 1.406959000579209640, 1.437485446324686889, 0.001000000000000000021 ) ) ;
#2750 = EDGE_LOOP ( 'NONE', ( #2877, #914, #4944, #2870 ) ) ;
#2751 = DIRECTION ( 'NONE',  ( 0.000000000000000000, 0.000000000000000000, -1.000000000000000000 ) ) ;
#2752 = CARTESIAN_POINT ( 'NONE',  ( -1.500000000000000000, 0.1249999999999998890, 0.000000000000000000 ) ) ;
#2753 = EDGE_CURVE ( 'NONE', #6363, #3588, #3646, .T. ) ;
#2754 = CARTESIAN_POINT ( 'NONE',  ( 1.212332476188965558, 1.417973251202735652, 0.001000000000000000021 ) ) ;
#2755 = DIRECTION ( 'NONE',  ( 0.000000000000000000, -1.000000000000000000, -0.000000000000000000 ) ) ;
#2756 = ORIENTED_EDGE ( 'NONE', *, *, #5094, .F. ) ;
#2757 = CARTESIAN_POINT ( 'NONE',  ( 1.170333312788450986, 1.433961381430375326, 0.001000000000000000021 ) ) ;
#2758 = CARTESIAN_POINT ( 'NONE',  ( 0.9801297322865264450, 1.437485446324686889, 0.001000000000000000021 ) ) ;
#2759 = CARTESIAN_POINT ( 'NONE',  ( 0.7128869352624241928, 1.399868779068967450, 0.001000000000000000021 ) ) ;
#2760 = ORIENTED_EDGE ( 'NONE', *, *, #3272, .F. ) ;
#2761 = AXIS2_PLACEMENT_3D ( 'NONE', #2482, #1361, #6728 ) ;
#2762 = EDGE_CURVE ( 'NONE', #1755, #4345, #5306, .T. ) ;
#2763 = FILL_AREA_STYLE_COLOUR ( '', #4274 ) ;
#2764 = LINE ( 'NONE', #2972, #6849 ) ;
#2765 = LINE ( 'NONE', #5682, #6838 ) ;
#2766 = ORIENTED_EDGE ( 'NONE', *, *, #6803, .T. ) ;
#2767 = EDGE_LOOP ( 'NONE', ( #5322, #5586, #3673, #5479 ) ) ;
#2768 = DIRECTION ( 'NONE',  ( 0.000000000000000000, 0.000000000000000000, 1.000000000000000000 ) ) ;
#2769 = SURFACE_SIDE_STYLE ('',( #4810 ) ) ;
#2770 = PRESENTATION_STYLE_ASSIGNMENT (( #3156 ) ) ;
#2771 = SURFACE_SIDE_STYLE ('',( #5380 ) ) ;
#2772 = FILL_AREA_STYLE ('',( #3288 ) ) ;
#2773 = UNCERTAINTY_MEASURE_WITH_UNIT (LENGTH_MEASURE( 1.000000000000000082E-05 ), #2298, 'distance_accuracy_value', 'NONE');
#2774 = ORIENTED_EDGE ( 'NONE', *, *, #3335, .F. ) ;
#2775 = ORIENTED_EDGE ( 'NONE', *, *, #987, .F. ) ;
#2776 = DIRECTION ( 'NONE',  ( -0.000000000000000000, -0.000000000000000000, -1.000000000000000000 ) ) ;
#2777 =( NAMED_UNIT ( * ) SI_UNIT ( $, .STERADIAN. ) SOLID_ANGLE_UNIT ( ) );
#2778 =( LENGTH_UNIT ( ) NAMED_UNIT ( * ) SI_UNIT ( .MILLI., .METRE. ) );
#2779 =( LENGTH_UNIT ( ) NAMED_UNIT ( * ) SI_UNIT ( .MILLI., .METRE. ) );
#2780 = FACE_OUTER_BOUND ( 'NONE', #2492, .T. ) ;
#2781 = ORIENTED_EDGE ( 'NONE', *, *, #367, .F. ) ;
#2782 = CARTESIAN_POINT ( 'NONE',  ( 0.8995600794452802695, 1.413006905503889854, 0.001000000000000000021 ) ) ;
#2783 =( NAMED_UNIT ( * ) SI_UNIT ( $, .STERADIAN. ) SOLID_ANGLE_UNIT ( ) );
#2784 =( GEOMETRIC_REPRESENTATION_CONTEXT ( 3 ) GLOBAL_UNCERTAINTY_ASSIGNED_CONTEXT ( ( #690 ) ) GLOBAL_UNIT_ASSIGNED_CONTEXT ( ( #6651, #1869, #5630 ) ) REPRESENTATION_CONTEXT ( 'NONE', 'WORKASPACE' ) );
#2785 = VECTOR ( 'NONE', #5466, 1000.000000000000000 ) ;
#2786 = CARTESIAN_POINT ( 'NONE',  ( 1.287446805457258314, 1.335351299983223328, 0.001000000000000000021 ) ) ;
#2787 = LINE ( 'NONE', #3928, #1857 ) ;
#2788 = ORIENTED_EDGE ( 'NONE', *, *, #6053, .F. ) ;
#2789 = LINE ( 'NONE', #4815, #1354 ) ;
#2790 =( LENGTH_UNIT ( ) NAMED_UNIT ( * ) SI_UNIT ( .MILLI., .METRE. ) );
#2791 = AXIS2_PLACEMENT_3D ( 'NONE', #2864, #667, #3327 ) ;
#2792 = EDGE_CURVE ( 'NONE', #5370, #2214, #3404, .T. ) ;
#2793 = ORIENTED_EDGE ( 'NONE', *, *, #2936, .T. ) ;
#2794 = FILL_AREA_STYLE ('',( #2815 ) ) ;
#2795 = CARTESIAN_POINT ( 'NONE',  ( 0.8993857113406952264, 1.262258565948043643, 0.000000000000000000 ) ) ;
#2796 = PRESENTATION_STYLE_ASSIGNMENT (( #1046 ) ) ;
#2797 = SURFACE_STYLE_USAGE ( .BOTH. , #2683 ) ;
#2798 = DIRECTION ( 'NONE',  ( -1.000000000000000000, 0.000000000000000000, 0.000000000000000000 ) ) ;
#2799 = VERTEX_POINT ( 'NONE', #2106 ) ;
#2800 = VERTEX_POINT ( 'NONE', #6870 ) ;
#2801 = CARTESIAN_POINT ( 'NONE',  ( 0.8191541225304289631, 1.340000690227125979, 2.117582368135750848E-19 ) ) ;
#2802 = PRESENTATION_LAYER_ASSIGNMENT (  '', '', ( #2935 ) ) ;
#2803 = EDGE_CURVE ( 'NONE', #511, #3305, #1811, .T. ) ;
#2804 = CARTESIAN_POINT ( 'NONE',  ( 0.8667587234785875117, 1.280381084735199737, 0.000000000000000000 ) ) ;
#2805 = VECTOR ( 'NONE', #320, 1000.000000000000000 ) ;
#2806 = DIRECTION ( 'NONE',  ( -0.000000000000000000, -0.000000000000000000, -1.000000000000000000 ) ) ;
#2807 = FILL_AREA_STYLE ('',( #1182 ) ) ;
#2808 = VECTOR ( 'NONE', #1229, 1000.000000000000000 ) ;
#2809 = LINE ( 'NONE', #1493, #2560 ) ;
#2810 = VERTEX_POINT ( 'NONE', #3711 ) ;
#2811 = AXIS2_PLACEMENT_3D ( 'NONE', #1216, #5475, #2294 ) ;
#2812 = PLANE ( 'NONE',  #1004 ) ;
#2813 = DIRECTION ( 'NONE',  ( -0.000000000000000000, -0.000000000000000000, -1.000000000000000000 ) ) ;
#2814 = UNCERTAINTY_MEASURE_WITH_UNIT (LENGTH_MEASURE( 1.000000000000000082E-05 ), #1260, 'distance_accuracy_value', 'NONE');
#2815 = FILL_AREA_STYLE_COLOUR ( '', #4925 ) ;
#2816 = CARTESIAN_POINT ( 'NONE',  ( 0.9218951819468460540, 1.259501807620239777, 0.000000000000000000 ) ) ;
#2817 = DIRECTION ( 'NONE',  ( 0.000000000000000000, -1.000000000000000000, 0.000000000000000000 ) ) ;
#2818 =( LENGTH_UNIT ( ) NAMED_UNIT ( * ) SI_UNIT ( .MILLI., .METRE. ) );
#2819 = CARTESIAN_POINT ( 'NONE',  ( 1.126471195701160832, 1.437485446324686889, 0.001000000000000000021 ) ) ;
#2820 = DIRECTION ( 'NONE',  ( -1.000000000000000000, 0.000000000000000000, 0.000000000000000000 ) ) ;
#2821 = MECHANICAL_DESIGN_GEOMETRIC_PRESENTATION_REPRESENTATION (  '', ( #1013 ), #6420 ) ;
#2822 = LINE ( 'NONE', #5038, #1221 ) ;
#2823 = VECTOR ( 'NONE', #5221, 1000.000000000000000 ) ;
#2824 = ORIENTED_EDGE ( 'NONE', *, *, #5718, .T. ) ;
#2825 = LINE ( 'NONE', #6513, #1643 ) ;
#2826 = CARTESIAN_POINT ( 'NONE',  ( 0.000000000000000000, 0.3749999999999999445, 0.000000000000000000 ) ) ;
#2827 = DIRECTION ( 'NONE',  ( 0.000000000000000000, 0.000000000000000000, -1.000000000000000000 ) ) ;
#2828 = SURFACE_STYLE_FILL_AREA ( #5265 ) ;
#2829 = AXIS2_PLACEMENT_3D ( 'NONE', #6682, #583, #4850 ) ;
#2830 =( GEOMETRIC_REPRESENTATION_CONTEXT ( 3 ) GLOBAL_UNCERTAINTY_ASSIGNED_CONTEXT ( ( #5959 ) ) GLOBAL_UNIT_ASSIGNED_CONTEXT ( ( #814, #4119, #6160 ) ) REPRESENTATION_CONTEXT ( 'NONE', 'WORKASPACE' ) );
#2831 = EDGE_CURVE ( 'NONE', #2435, #5091, #4654, .T. ) ;
#2832 = LINE ( 'NONE', #5976, #6315 ) ;
#2833 = ORIENTED_EDGE ( 'NONE', *, *, #4579, .F. ) ;
#2834 = ADVANCED_FACE ( 'NONE', ( #4897 ), #3138, .T. ) ;
#2835 = ORIENTED_EDGE ( 'NONE', *, *, #4358, .T. ) ;
#2836 = DIRECTION ( 'NONE',  ( 0.000000000000000000, 0.000000000000000000, -1.000000000000000000 ) ) ;
#2837 = SURFACE_SIDE_STYLE ('',( #3227 ) ) ;
#2838 = COLOUR_RGB ( '',1.000000000000000000, 1.000000000000000000, 0.000000000000000000 ) ;
#2839 = VECTOR ( 'NONE', #479, 1000.000000000000000 ) ;
#2840 = DIRECTION ( 'NONE',  ( 0.000000000000000000, -0.000000000000000000, -1.000000000000000000 ) ) ;
#2841 = DIRECTION ( 'NONE',  ( 0.000000000000000000, -1.000000000000000000, 0.000000000000000000 ) ) ;
#2842 = ORIENTED_EDGE ( 'NONE', *, *, #6227, .F. ) ;
#2843 = B_SPLINE_CURVE_WITH_KNOTS ( 'NONE', 3,
 ( #3786, #3814, #6435, #590, #4326, #3257, #61, #9, #4771, #3740, #611, #1120, #1608, #2653, #520, #4795, #3765, #1586, #2747 ),
 .UNSPECIFIED., .F., .F.,
 ( 4, 1, 1, 1, 1, 1, 1, 1, 1, 1, 1, 1, 1, 1, 1, 1, 4 ),
 ( 0.000000000000000000, 0.07064371857535321764, 0.1382567155089041433, 0.2033641242175798503, 0.2663240938030568827, 0.3279047615429896978, 0.3887377151730925795, 0.4494235281093023060, 0.5108610114593158391, 0.5720793960475140105, 0.6317344287314452522, 0.6911172105788382369, 0.7503600294901704437, 0.8100329005312619790, 0.8713624508287358683, 0.9344271412311535574, 1.000000000000000000 ),
 .UNSPECIFIED. ) ;
#2844 = ORIENTED_EDGE ( 'NONE', *, *, #3431, .T. ) ;
#2845 = DIRECTION ( 'NONE',  ( 0.000000000000000000, -0.000000000000000000, 1.000000000000000000 ) ) ;
#2846 =( LENGTH_UNIT ( ) NAMED_UNIT ( * ) SI_UNIT ( .MILLI., .METRE. ) );
#2847 = MECHANICAL_DESIGN_GEOMETRIC_PRESENTATION_REPRESENTATION (  '', ( #2376 ), #4170 ) ;
#2848 = EDGE_CURVE ( 'NONE', #5416, #2714, #3565, .T. ) ;
#2849 = CARTESIAN_POINT ( 'NONE',  ( 0.7195733298475021078, 1.399070812178345280, 0.001000000000000000021 ) ) ;
#2850 = PLANE ( 'NONE',  #3347 ) ;
#2851 = FACE_BOUND ( 'NONE', #6326, .T. ) ;
#2852 = CARTESIAN_POINT ( 'NONE',  ( 1.167271663070614807, 1.406200407752251191, 0.000000000000000000 ) ) ;
#2853 = ORIENTED_EDGE ( 'NONE', *, *, #3907, .F. ) ;
#2854 = FILL_AREA_STYLE ('',( #3926 ) ) ;
#2855 = VECTOR ( 'NONE', #2274, 1000.000000000000000 ) ;
#2856 = VECTOR ( 'NONE', #3019, 1000.000000000000000 ) ;
#2857 = EDGE_CURVE ( 'NONE', #1894, #1313, #563, .T. ) ;
#2858 = ORIENTED_EDGE ( 'NONE', *, *, #2936, .F. ) ;
#2859 =( LENGTH_UNIT ( ) NAMED_UNIT ( * ) SI_UNIT ( .MILLI., .METRE. ) );
#2860 = VERTEX_POINT ( 'NONE', #4275 ) ;
#2861 = STYLED_ITEM ( 'NONE', ( #1284 ), #704 ) ;
#2862 = UNCERTAINTY_MEASURE_WITH_UNIT (LENGTH_MEASURE( 1.000000000000000082E-05 ), #5469, 'distance_accuracy_value', 'NONE');
#2863 = ORIENTED_EDGE ( 'NONE', *, *, #6003, .T. ) ;
#2864 = CARTESIAN_POINT ( 'NONE',  ( 1.510000000000000231, 0.6249999999999998890, 0.2000000000000000111 ) ) ;
#2865 = SURFACE_SIDE_STYLE ('',( #2523 ) ) ;
#2866 = PRESENTATION_STYLE_ASSIGNMENT (( #6622 ) ) ;
#2867 = MECHANICAL_DESIGN_GEOMETRIC_PRESENTATION_REPRESENTATION (  '', ( #5697 ), #2360 ) ;
#2868 = CARTESIAN_POINT ( 'NONE',  ( 0.000000000000000000, 0.000000000000000000, -0.05000000000000000278 ) ) ;
#2869 =( NAMED_UNIT ( * ) SI_UNIT ( $, .STERADIAN. ) SOLID_ANGLE_UNIT ( ) );
#2870 = ORIENTED_EDGE ( 'NONE', *, *, #5311, .T. ) ;
#2871 = CARTESIAN_POINT ( 'NONE',  ( 0.9257471103353070996, 1.237485446324686711, 0.000000000000000000 ) ) ;
#2872 = CARTESIAN_POINT ( 'NONE',  ( 0.8193932270903653281, 1.328818530467493764, 0.000000000000000000 ) ) ;
#2873 = CARTESIAN_POINT ( 'NONE',  ( 0.7289102200914046037, 1.437485446324686889, 0.000000000000000000 ) ) ;
#2874 = VECTOR ( 'NONE', #3204, 1000.000000000000000 ) ;
#2875 = CARTESIAN_POINT ( 'NONE',  ( 0.8488496235617685182, 1.265352060947839474, 0.001000000000000000021 ) ) ;
#2876 = ORIENTED_EDGE ( 'NONE', *, *, #1312, .T. ) ;
#2877 = ORIENTED_EDGE ( 'NONE', *, *, #5718, .F. ) ;
#2878 = CARTESIAN_POINT ( 'NONE',  ( 1.100000000000000311, 0.3749999999999999445, 0.2000000000000000111 ) ) ;
#2879 = CARTESIAN_POINT ( 'NONE',  ( 1.175468052055328450, 1.435525046287441597, 0.000000000000000000 ) ) ;
#2880 = FACE_OUTER_BOUND ( 'NONE', #6166, .T. ) ;
#2881 = EDGE_LOOP ( 'NONE', ( #1162, #4736, #5267, #983 ) ) ;
#2882 = DIRECTION ( 'NONE',  ( -0.000000000000000000, 0.000000000000000000, -1.000000000000000000 ) ) ;
#2883 = EDGE_CURVE ( 'NONE', #1169, #3354, #4988, .T. ) ;
#2884 = CARTESIAN_POINT ( 'NONE',  ( 1.024032171310916839, 1.437485446324686889, 0.001000000000000000021 ) ) ;
#2885 = PRESENTATION_STYLE_ASSIGNMENT (( #4146 ) ) ;
#2886 = ORIENTED_EDGE ( 'NONE', *, *, #5869, .T. ) ;
#2887 = DIRECTION ( 'NONE',  ( 0.000000000000000000, 0.000000000000000000, -1.000000000000000000 ) ) ;
#2888 =( LENGTH_UNIT ( ) NAMED_UNIT ( * ) SI_UNIT ( .MILLI., .METRE. ) );
#2889 = SURFACE_SIDE_STYLE ('',( #6820 ) ) ;
#2890 = PLANE ( 'NONE',  #5150 ) ;
#2891 = SURFACE_STYLE_FILL_AREA ( #2688 ) ;
#2892 = ADVANCED_FACE ( 'NONE', ( #883 ), #2699, .F. ) ;
#2893 = CARTESIAN_POINT ( 'NONE',  ( 1.165495585945063306, 1.405168373153955041, 0.000000000000000000 ) ) ;
#2894 = EDGE_CURVE ( 'NONE', #653, #6835, #6150, .T. ) ;
#2895 = PRESENTATION_STYLE_ASSIGNMENT (( #2242 ) ) ;
#2896 = CARTESIAN_POINT ( 'NONE',  ( 0.8231505220334693895, 1.307772684863294455, 0.000000000000000000 ) ) ;
#2897 = FILL_AREA_STYLE ('',( #2763 ) ) ;
#2898 = UNCERTAINTY_MEASURE_WITH_UNIT (LENGTH_MEASURE( 1.000000000000000082E-05 ), #2505, 'distance_accuracy_value', 'NONE');
#2899 =( NAMED_UNIT ( * ) PLANE_ANGLE_UNIT ( ) SI_UNIT ( $, .RADIAN. ) );
#2900 = VECTOR ( 'NONE', #5708, 1000.000000000000000 ) ;
#2901 =( NAMED_UNIT ( * ) PLANE_ANGLE_UNIT ( ) SI_UNIT ( $, .RADIAN. ) );
#2902 = DIRECTION ( 'NONE',  ( 0.000000000000000000, 0.000000000000000000, 1.000000000000000000 ) ) ;
#2903 = ADVANCED_FACE ( 'NONE', ( #4336 ), #4315, .F. ) ;
#2904 = SURFACE_SIDE_STYLE ('',( #6302 ) ) ;
#2905 = FILL_AREA_STYLE_COLOUR ( '', #1319 ) ;
#2906 = EDGE_CURVE ( 'NONE', #871, #2701, #2292, .T. ) ;
#2907 = COLOUR_RGB ( '',1.000000000000000000, 1.000000000000000000, 0.000000000000000000 ) ;
#2908 = LINE ( 'NONE', #3699, #6742 ) ;
#2909 = DIRECTION ( 'NONE',  ( -0.000000000000000000, -0.000000000000000000, -1.000000000000000000 ) ) ;
#2910 = LINE ( 'NONE', #3987, #2394 ) ;
#2911 = DIRECTION ( 'NONE',  ( 0.3635424856527061932, 0.9315776194850602376, 0.000000000000000000 ) ) ;
#2912 = ORIENTED_EDGE ( 'NONE', *, *, #1625, .F. ) ;
#2913 = VERTEX_POINT ( 'NONE', #4367 ) ;
#2914 = PRESENTATION_LAYER_ASSIGNMENT (  '', '', ( #3988 ) ) ;
#2915 = ORIENTED_EDGE ( 'NONE', *, *, #457, .F. ) ;
#2916 = COLOUR_RGB ( '',1.000000000000000000, 1.000000000000000000, 0.000000000000000000 ) ;
#2917 = CARTESIAN_POINT ( 'NONE',  ( 1.099999999999999423, -0.6250000000000001110, -0.05000000000000000278 ) ) ;
#2918 = VERTEX_POINT ( 'NONE', #1665 ) ;
#2919 = EDGE_LOOP ( 'NONE', ( #5, #89, #6086, #1725, #4023, #321 ) ) ;
#2920 = CARTESIAN_POINT ( 'NONE',  ( 1.167087610647193907, 1.432643879372812679, 0.000000000000000000 ) ) ;
#2921 = PRESENTATION_STYLE_ASSIGNMENT (( #3046 ) ) ;
#2922 = PRESENTATION_LAYER_ASSIGNMENT (  '', '', ( #1118 ) ) ;
#2923 = EDGE_CURVE ( 'NONE', #2612, #6351, #2832, .T. ) ;
#2924 = PRESENTATION_STYLE_ASSIGNMENT (( #6884 ) ) ;
#2925 = ORIENTED_EDGE ( 'NONE', *, *, #4171, .T. ) ;
#2926 = ORIENTED_EDGE ( 'NONE', *, *, #1936, .T. ) ;
#2927 = CARTESIAN_POINT ( 'NONE',  ( 1.307258164913213339, 1.376879322309060072, 0.001000000000000000021 ) ) ;
#2928 = CARTESIAN_POINT ( 'NONE',  ( 0.8579170156525053326, 1.385774516292366698, 0.001000000000000000021 ) ) ;
#2929 = DIRECTION ( 'NONE',  ( -0.000000000000000000, 0.000000000000000000, 1.000000000000000000 ) ) ;
#2930 = LINE ( 'NONE', #3027, #5570 ) ;
#2931 = VERTEX_POINT ( 'NONE', #4403 ) ;
#2932 = ORIENTED_EDGE ( 'NONE', *, *, #663, .F. ) ;
#2933 = CARTESIAN_POINT ( 'NONE',  ( 1.165495585945063306, 1.431997641446637992, 0.000000000000000000 ) ) ;
#2934 = CARTESIAN_POINT ( 'NONE',  ( 1.510000000000000231, 1.125000000000000000, -0.05000000000000000278 ) ) ;
#2935 = STYLED_ITEM ( 'NONE', ( #579 ), #5290 ) ;
#2936 = EDGE_CURVE ( 'NONE', #2159, #2583, #726, .T. ) ;
#2937 = CARTESIAN_POINT ( 'NONE',  ( -0.5699999999999998401, 1.189999999999999947, -0.05000000000000000278 ) ) ;
#2938 = CARTESIAN_POINT ( 'NONE',  ( 0.8357971035602683729, 1.280545677420990680, 0.000000000000000000 ) ) ;
#2939 = FILL_AREA_STYLE_COLOUR ( '', #961 ) ;
#2940 = VECTOR ( 'NONE', #564, 1000.000000000000000 ) ;
#2941 = ORIENTED_EDGE ( 'NONE', *, *, #595, .F. ) ;
#2942 = ORIENTED_EDGE ( 'NONE', *, *, #5915, .F. ) ;
#2943 =( NAMED_UNIT ( * ) SI_UNIT ( $, .STERADIAN. ) SOLID_ANGLE_UNIT ( ) );
#2944 =( GEOMETRIC_REPRESENTATION_CONTEXT ( 3 ) GLOBAL_UNCERTAINTY_ASSIGNED_CONTEXT ( ( #6737 ) ) GLOBAL_UNIT_ASSIGNED_CONTEXT ( ( #5186, #2566, #6347 ) ) REPRESENTATION_CONTEXT ( 'NONE', 'WORKASPACE' ) );
#2945 = CARTESIAN_POINT ( 'NONE',  ( 1.100000000000000311, 1.125000000000000000, 0.2000000000000000111 ) ) ;
#2946 = VERTEX_POINT ( 'NONE', #5913 ) ;
#2947 = VECTOR ( 'NONE', #4441, 1000.000000000000000 ) ;
#2948 = LINE ( 'NONE', #181, #4035 ) ;
#2949 = ORIENTED_EDGE ( 'NONE', *, *, #3190, .T. ) ;
#2950 = CARTESIAN_POINT ( 'NONE',  ( 1.261884570412264983, 1.428674280605811919, 0.001000000000000000021 ) ) ;
#2951 = ORIENTED_EDGE ( 'NONE', *, *, #6677, .T. ) ;
#2952 = CARTESIAN_POINT ( 'NONE',  ( 1.028910220091404648, 1.327729348763711181, 0.001000000000000000021 ) ) ;
#2953 =( NAMED_UNIT ( * ) SI_UNIT ( $, .STERADIAN. ) SOLID_ANGLE_UNIT ( ) );
#2954 = STYLED_ITEM ( 'NONE', ( #1677 ), #1865 ) ;
#2955 = DIRECTION ( 'NONE',  ( -1.000000000000000000, 0.000000000000000000, 0.000000000000000000 ) ) ;
#2956 =( NAMED_UNIT ( * ) SI_UNIT ( $, .STERADIAN. ) SOLID_ANGLE_UNIT ( ) );
#2957 = SURFACE_STYLE_USAGE ( .BOTH. , #2889 ) ;
#2958 = ORIENTED_EDGE ( 'NONE', *, *, #581, .F. ) ;
#2959 = SURFACE_SIDE_STYLE ('',( #2252 ) ) ;
#2960 = ADVANCED_FACE ( 'NONE', ( #806 ), #3771, .F. ) ;
#2961 = LINE ( 'NONE', #1859, #5525 ) ;
#2962 =( GEOMETRIC_REPRESENTATION_CONTEXT ( 3 ) GLOBAL_UNCERTAINTY_ASSIGNED_CONTEXT ( ( #2981 ) ) GLOBAL_UNIT_ASSIGNED_CONTEXT ( ( #2744, #108, #3839 ) ) REPRESENTATION_CONTEXT ( 'NONE', 'WORKASPACE' ) );
#2963 = EDGE_CURVE ( 'NONE', #3594, #3689, #247, .T. ) ;
#2964 =( NAMED_UNIT ( * ) SI_UNIT ( $, .STERADIAN. ) SOLID_ANGLE_UNIT ( ) );
#2965 = FILL_AREA_STYLE ('',( #1409 ) ) ;
#2966 = LINE ( 'NONE', #5224, #1528 ) ;
#2967 = ADVANCED_FACE ( 'NONE', ( #5236 ), #4935, .F. ) ;
#2968 = PLANE ( 'NONE',  #4562 ) ;
#2969 = LINE ( 'NONE', #3282, #2808 ) ;
#2970 = PRESENTATION_LAYER_ASSIGNMENT (  '', '', ( #4527 ) ) ;
#2971 = EDGE_CURVE ( 'NONE', #1498, #5009, #3994, .T. ) ;
#2972 = CARTESIAN_POINT ( 'NONE',  ( 1.406959000579209640, 1.437485446324686889, 0.000000000000000000 ) ) ;
#2973 =( LENGTH_UNIT ( ) NAMED_UNIT ( * ) SI_UNIT ( .MILLI., .METRE. ) );
#2974 = LINE ( 'NONE', #2704, #951 ) ;
#2975 =( LENGTH_UNIT ( ) NAMED_UNIT ( * ) SI_UNIT ( .MILLI., .METRE. ) );
#2976 = SURFACE_STYLE_USAGE ( .BOTH. , #6155 ) ;
#2977 =( NAMED_UNIT ( * ) SI_UNIT ( $, .STERADIAN. ) SOLID_ANGLE_UNIT ( ) );
#2978 = VECTOR ( 'NONE', #1653, 1000.000000000000000 ) ;
#2979 = FILL_AREA_STYLE_COLOUR ( '', #5826 ) ;
#2980 = CARTESIAN_POINT ( 'NONE',  ( -0.5699999999999998401, 1.189999999999999947, -0.05000000000000000278 ) ) ;
#2981 = UNCERTAINTY_MEASURE_WITH_UNIT (LENGTH_MEASURE( 1.000000000000000082E-05 ), #2744, 'distance_accuracy_value', 'NONE');
#2982 = AXIS2_PLACEMENT_3D ( 'NONE', #1218, #2755, #4955 ) ;
#2983 = EDGE_CURVE ( 'NONE', #6620, #3619, #3076, .T. ) ;
#2984 = LINE ( 'NONE', #5706, #1461 ) ;
#2985 = LINE ( 'NONE', #292, #228 ) ;
#2986 = DIRECTION ( 'NONE',  ( 1.000000000000000000, 0.000000000000000000, 0.000000000000000000 ) ) ;
#2987 =( NAMED_UNIT ( * ) PLANE_ANGLE_UNIT ( ) SI_UNIT ( $, .RADIAN. ) );
#2988 = FACE_OUTER_BOUND ( 'NONE', #5756, .T. ) ;
#2989 = LINE ( 'NONE', #3146, #6562 ) ;
#2990 = VERTEX_POINT ( 'NONE', #2873 ) ;
#2991 = PRESENTATION_LAYER_ASSIGNMENT (  '', '', ( #3476 ) ) ;
#2992 = DIRECTION ( 'NONE',  ( -0.000000000000000000, 0.000000000000000000, -1.000000000000000000 ) ) ;
#2993 = DIRECTION ( 'NONE',  ( 0.000000000000000000, -1.000000000000000000, 0.000000000000000000 ) ) ;
#2994 = LINE ( 'NONE', #5837, #5145 ) ;
#2995 = DIRECTION ( 'NONE',  ( -0.000000000000000000, 1.000000000000000000, -0.000000000000000000 ) ) ;
#2996 = CARTESIAN_POINT ( 'NONE',  ( -1.100000000000000311, 0.6249999999999998890, 0.2000000000000000111 ) ) ;
#2997 = ORIENTED_EDGE ( 'NONE', *, *, #2078, .F. ) ;
#2998 = CARTESIAN_POINT ( 'NONE',  ( -1.510000000000000453, 1.125000000000000000, -0.05000000000000000278 ) ) ;
#2999 = CARTESIAN_POINT ( 'NONE',  ( 1.287282726364587626, 1.326716084885321667, 0.001000000000000000021 ) ) ;
#3000 = DIRECTION ( 'NONE',  ( -0.000000000000000000, -0.000000000000000000, -1.000000000000000000 ) ) ;
#3001 = ADVANCED_FACE ( 'NONE', ( #1476 ), #252, .F. ) ;
#3002 = SURFACE_SIDE_STYLE ('',( #4735 ) ) ;
#3003 = ORIENTED_EDGE ( 'NONE', *, *, #4800, .F. ) ;
#3004 = ORIENTED_EDGE ( 'NONE', *, *, #187, .T. ) ;
#3005 =( NAMED_UNIT ( * ) SI_UNIT ( $, .STERADIAN. ) SOLID_ANGLE_UNIT ( ) );
#3006 = SURFACE_STYLE_FILL_AREA ( #5971 ) ;
#3007 = CARTESIAN_POINT ( 'NONE',  ( 0.8460524140271913351, 1.336352535584863777, -0.000000000000000000 ) ) ;
#3008 = DIRECTION ( 'NONE',  ( -0.9353882635801357148, -0.3536223923290756077, 0.000000000000000000 ) ) ;
#3009 = ORIENTED_EDGE ( 'NONE', *, *, #767, .F. ) ;
#3010 = STYLED_ITEM ( 'NONE', ( #1709 ), #3933 ) ;
#3011 = EDGE_CURVE ( 'NONE', #1142, #2255, #4492, .T. ) ;
#3012 = PRESENTATION_STYLE_ASSIGNMENT (( #1759 ) ) ;
#3013 = CARTESIAN_POINT ( 'NONE',  ( 1.028910220091404648, 1.349680568275906323, 0.001000000000000000021 ) ) ;
#3014 = FACE_OUTER_BOUND ( 'NONE', #1504, .T. ) ;
#3015 = ORIENTED_EDGE ( 'NONE', *, *, #4244, .T. ) ;
#3016 = ORIENTED_EDGE ( 'NONE', *, *, #1927, .T. ) ;
#3017 = ORIENTED_EDGE ( 'NONE', *, *, #2288, .F. ) ;
#3018 = CARTESIAN_POINT ( 'NONE',  ( 1.245419056665099111, 1.262158219104640322, 0.000000000000000000 ) ) ;
#3019 = DIRECTION ( 'NONE',  ( 0.000000000000000000, 0.000000000000000000, -1.000000000000000000 ) ) ;
#3020 =( LENGTH_UNIT ( ) NAMED_UNIT ( * ) SI_UNIT ( .MILLI., .METRE. ) );
#3021 = CARTESIAN_POINT ( 'NONE',  ( -1.230321495603551973, 1.206650258449453395, 0.8489999999999999769 ) ) ;
#3022 = AXIS2_PLACEMENT_3D ( 'NONE', #6616, #6640, #5705 ) ;
#3023 = EDGE_CURVE ( 'NONE', #3974, #1485, #2910, .T. ) ;
#3024 = ORIENTED_EDGE ( 'NONE', *, *, #1625, .T. ) ;
#3025 = CARTESIAN_POINT ( 'NONE',  ( 1.231807158792402213, 1.258203372036656553, 0.000000000000000000 ) ) ;
#3026 = UNCERTAINTY_MEASURE_WITH_UNIT (LENGTH_MEASURE( 1.000000000000000082E-05 ), #458, 'distance_accuracy_value', 'NONE');
#3027 = CARTESIAN_POINT ( 'NONE',  ( -1.500000000000000222, 1.500000000000000000, 0.1999999999999999833 ) ) ;
#3028 = DIRECTION ( 'NONE',  ( 0.000000000000000000, 1.000000000000000000, 0.000000000000000000 ) ) ;
#3029 = CARTESIAN_POINT ( 'NONE',  ( -0.000000000000000000, 0.8749999999999998890, 0.000000000000000000 ) ) ;
#3030 = VECTOR ( 'NONE', #2552, 1000.000000000000000 ) ;
#3031 = ORIENTED_EDGE ( 'NONE', *, *, #5635, .T. ) ;
#3032 = SURFACE_SIDE_STYLE ('',( #6454 ) ) ;
#3033 = CARTESIAN_POINT ( 'NONE',  ( 1.099641927408477882, 1.415534226812491747, 0.001000000000000000021 ) ) ;
#3034 = PRESENTATION_LAYER_ASSIGNMENT (  '', '', ( #2679 ) ) ;
#3035 = DIRECTION ( 'NONE',  ( 0.000000000000000000, 0.000000000000000000, -1.000000000000000000 ) ) ;
#3036 = LINE ( 'NONE', #1870, #4946 ) ;
#3037 = LINE ( 'NONE', #2669, #4284 ) ;
#3038 = EDGE_LOOP ( 'NONE', ( #5489, #4767, #474, #5242 ) ) ;
#3039 = CARTESIAN_POINT ( 'NONE',  ( 1.099999999999999423, -0.3750000000000000555, 0.2000000000000000111 ) ) ;
#3040 = VECTOR ( 'NONE', #5578, 1000.000000000000000 ) ;
#3041 = EDGE_LOOP ( 'NONE', ( #4379, #1689, #5658, #3512 ) ) ;
#3042 = CARTESIAN_POINT ( 'NONE',  ( 1.285663268773734380, 1.410835344966116400, 0.000000000000000000 ) ) ;
#3043 = MECHANICAL_DESIGN_GEOMETRIC_PRESENTATION_REPRESENTATION (  '', ( #393 ), #3275 ) ;
#3044 =( NAMED_UNIT ( * ) SI_UNIT ( $, .STERADIAN. ) SOLID_ANGLE_UNIT ( ) );
#3045 = LINE ( 'NONE', #3437, #4056 ) ;
#3046 = SURFACE_STYLE_USAGE ( .BOTH. , #927 ) ;
#3047 = ORIENTED_EDGE ( 'NONE', *, *, #6175, .T. ) ;
#3048 = CARTESIAN_POINT ( 'NONE',  ( 1.284840160191273117, 1.310499204931823591, 0.001000000000000000021 ) ) ;
#3049 = ORIENTED_EDGE ( 'NONE', *, *, #5898, .F. ) ;
#3050 = FACE_OUTER_BOUND ( 'NONE', #1171, .T. ) ;
#3051 = EDGE_LOOP ( 'NONE', ( #3496, #1513, #2338, #3103 ) ) ;
#3052 = CARTESIAN_POINT ( 'NONE',  ( -1.500000000000000000, 0.6249999999999998890, 0.2000000000000000111 ) ) ;
#3053 = COLOUR_RGB ( '',1.000000000000000000, 1.000000000000000000, 0.000000000000000000 ) ;
#3054 = AXIS2_PLACEMENT_3D ( 'NONE', #816, #5683, #2509 ) ;
#3055 = EDGE_CURVE ( 'NONE', #5853, #4417, #2745, .T. ) ;
#3056 = COLOUR_RGB ( '',0.2509803921568627416, 0.2509803921568627416, 0.2509803921568627416 ) ;
#3057 = CARTESIAN_POINT ( 'NONE',  ( 0.8542050493524661059, 1.379492010606547803, 0.000000000000000000 ) ) ;
#3058 = ORIENTED_EDGE ( 'NONE', *, *, #1532, .T. ) ;
#3059 =( NAMED_UNIT ( * ) PLANE_ANGLE_UNIT ( ) SI_UNIT ( $, .RADIAN. ) );
#3060 = COLOUR_RGB ( '',1.000000000000000000, 1.000000000000000000, 0.000000000000000000 ) ;
#3061 = STYLED_ITEM ( 'NONE', ( #5097 ), #4738 ) ;
#3062 = EDGE_CURVE ( 'NONE', #343, #3354, #6234, .T. ) ;
#3063 = DIRECTION ( 'NONE',  ( 0.000000000000000000, 1.000000000000000000, -0.000000000000000000 ) ) ;
#3064 = PLANE ( 'NONE',  #1575 ) ;
#3065 = CARTESIAN_POINT ( 'NONE',  ( 1.171026794217814526, 1.266687081940326420, 0.001000000000000000021 ) ) ;
#3066 = UNCERTAINTY_MEASURE_WITH_UNIT (LENGTH_MEASURE( 1.000000000000000082E-05 ), #5052, 'distance_accuracy_value', 'NONE');
#3067 = CARTESIAN_POINT ( 'NONE',  ( 1.286350409039927145, 1.318380549300756543, 0.001000000000000000021 ) ) ;
#3068 = LINE ( 'NONE', #5134, #1633 ) ;
#3069 = PLANE ( 'NONE',  #2761 ) ;
#3070 = DIRECTION ( 'NONE',  ( -0.000000000000000000, 0.000000000000000000, -1.000000000000000000 ) ) ;
#3071 = COLOUR_RGB ( '',1.000000000000000000, 1.000000000000000000, 0.000000000000000000 ) ;
#3072 = DIRECTION ( 'NONE',  ( 0.000000000000000000, -0.000000000000000000, 1.000000000000000000 ) ) ;
#3073 = PRESENTATION_LAYER_ASSIGNMENT (  '', '', ( #1404 ) ) ;
#3074 = DIRECTION ( 'NONE',  ( 0.000000000000000000, 0.000000000000000000, -1.000000000000000000 ) ) ;
#3075 = LINE ( 'NONE', #515, #3991 ) ;
#3076 = LINE ( 'NONE', #4449, #2066 ) ;
#3077 =( NAMED_UNIT ( * ) PLANE_ANGLE_UNIT ( ) SI_UNIT ( $, .RADIAN. ) );
#3078 = FILL_AREA_STYLE ('',( #5715 ) ) ;
#3079 = ORIENTED_EDGE ( 'NONE', *, *, #389, .F. ) ;
#3080 = CARTESIAN_POINT ( 'NONE',  ( 1.024032171310916839, 1.415534226812491747, 0.001000000000000000021 ) ) ;
#3081 = B_SPLINE_CURVE_WITH_KNOTS ( 'NONE', 3,
 ( #2754, #4311, #3265, #4817, #3240, #6442, #91, #2184, #1032, #6390, #6416, #1049, #42, #2731, #4335, #5368, #5908, #1612, #596 ),
 .UNSPECIFIED., .F., .F.,
 ( 4, 1, 1, 1, 1, 1, 1, 1, 1, 1, 1, 1, 1, 1, 1, 1, 4 ),
 ( 0.000000000000000000, 0.06460397028839146016, 0.1267024139629475132, 0.1867568140356178907, 0.2455056873654368754, 0.3036520244499755772, 0.3615030739706249219, 0.4202402229284676327, 0.4800333407766951832, 0.5406781347755166278, 0.6011918063807818458, 0.6623335024774419377, 0.7247395102972320480, 0.7894677361728869025, 0.8565048600438299742, 0.9263120958391908299, 1.000000000000000000 ),
 .UNSPECIFIED. ) ;
#3082 = EDGE_LOOP ( 'NONE', ( #3513, #4094, #798, #99 ) ) ;
#3083 = PRESENTATION_STYLE_ASSIGNMENT (( #6724 ) ) ;
#3084 = LINE ( 'NONE', #97, #2319 ) ;
#3085 = PRESENTATION_STYLE_ASSIGNMENT (( #6517 ) ) ;
#3086 = ORIENTED_EDGE ( 'NONE', *, *, #1879, .F. ) ;
#3087 = MECHANICAL_DESIGN_GEOMETRIC_PRESENTATION_REPRESENTATION (  '', ( #2596 ), #2003 ) ;
#3088 = CARTESIAN_POINT ( 'NONE',  ( 1.258933911969813968, 1.241663307478058531, 0.000000000000000000 ) ) ;
#3089 = COLOUR_RGB ( '',1.000000000000000000, 1.000000000000000000, 1.000000000000000000 ) ;
#3090 = ORIENTED_EDGE ( 'NONE', *, *, #2608, .T. ) ;
#3091 = CARTESIAN_POINT ( 'NONE',  ( 1.272609678046165538, 1.283600358982986522, 0.001000000000000000021 ) ) ;
#3092 = CARTESIAN_POINT ( 'NONE',  ( 0.8647295503525349591, 1.422708400181510013, 0.000000000000000000 ) ) ;
#3093 = CARTESIAN_POINT ( 'NONE',  ( -1.499999999999999556, -1.500000000000000000, 0.8499999999999999778 ) ) ;
#3094 = EDGE_CURVE ( 'NONE', #1110, #440, #1642, .T. ) ;
#3095 = COLOUR_RGB ( '',1.000000000000000000, 1.000000000000000000, 0.000000000000000000 ) ;
#3096 = LINE ( 'NONE', #4648, #3341 ) ;
#3097 = ORIENTED_EDGE ( 'NONE', *, *, #1566, .T. ) ;
#3098 = ORIENTED_EDGE ( 'NONE', *, *, #555, .F. ) ;
#3099 = ORIENTED_EDGE ( 'NONE', *, *, #3583, .T. ) ;
#3100 = CARTESIAN_POINT ( 'NONE',  ( 1.099641927408477882, 1.415534226812491747, 0.000000000000000000 ) ) ;
#3101 = CARTESIAN_POINT ( 'NONE',  ( -1.510000000000000231, 0.6249999999999998890, 0.2000000000000000111 ) ) ;
#3102 = VECTOR ( 'NONE', #2070, 1000.000000000000000 ) ;
#3103 = ORIENTED_EDGE ( 'NONE', *, *, #3152, .T. ) ;
#3104 = CARTESIAN_POINT ( 'NONE',  ( -1.500000000000000000, 0.8749999999999998890, 0.8499999999999999778 ) ) ;
#3105 = EDGE_LOOP ( 'NONE', ( #3995, #6445, #2863, #1832 ) ) ;
#3106 =( GEOMETRIC_REPRESENTATION_CONTEXT ( 3 ) GLOBAL_UNCERTAINTY_ASSIGNED_CONTEXT ( ( #6298 ) ) GLOBAL_UNIT_ASSIGNED_CONTEXT ( ( #669, #3358, #1167 ) ) REPRESENTATION_CONTEXT ( 'NONE', 'WORKASPACE' ) );
#3107 = EDGE_CURVE ( 'NONE', #728, #2612, #240, .T. ) ;
#3108 = ADVANCED_FACE ( 'NONE', ( #1227 ), #6115, .T. ) ;
#3109 = DIRECTION ( 'NONE',  ( 2.168404344971008868E-16, -1.000000000000000000, 0.000000000000000000 ) ) ;
#3110 = SURFACE_STYLE_FILL_AREA ( #5486 ) ;
#3111 = COLOUR_RGB ( '',1.000000000000000000, 1.000000000000000000, 0.000000000000000000 ) ;
#3112 = ORIENTED_EDGE ( 'NONE', *, *, #546, .T. ) ;
#3113 = CARTESIAN_POINT ( 'NONE',  ( 1.310872504341219935, 1.302834690336651891, 0.001000000000000000021 ) ) ;
#3114 = UNCERTAINTY_MEASURE_WITH_UNIT (LENGTH_MEASURE( 1.000000000000000082E-05 ), #6252, 'distance_accuracy_value', 'NONE');
#3115 = SURFACE_STYLE_FILL_AREA ( #4574 ) ;
#3116 = DIRECTION ( 'NONE',  ( 1.000000000000000000, 0.000000000000000000, 0.000000000000000000 ) ) ;
#3117 = MECHANICAL_DESIGN_GEOMETRIC_PRESENTATION_REPRESENTATION (  '', ( #4805 ), #3466 ) ;
#3118 = EDGE_CURVE ( 'NONE', #5751, #2668, #1395, .T. ) ;
#3119 = CARTESIAN_POINT ( 'NONE',  ( -1.510000000000000231, 0.1249999999999999445, 0.2000000000000000111 ) ) ;
#3120 = VERTEX_POINT ( 'NONE', #4581 ) ;
#3121 = CARTESIAN_POINT ( 'NONE',  ( 0.8510375014523401394, 1.305795056517792041, 0.001000000000000000021 ) ) ;
#3122 = DIRECTION ( 'NONE',  ( 0.000000000000000000, 1.000000000000000000, 0.000000000000000000 ) ) ;
#3123 = CARTESIAN_POINT ( 'NONE',  ( 1.509999999999999343, -0.3750000000000000555, -0.05000000000000000278 ) ) ;
#3124 = VECTOR ( 'NONE', #1671, 1000.000000000000114 ) ;
#3125 = VERTEX_POINT ( 'NONE', #5663 ) ;
#3126 = CARTESIAN_POINT ( 'NONE',  ( -1.510000000000000231, 0.1249999999999999445, 0.2000000000000000111 ) ) ;
#3127 = PLANE ( 'NONE',  #5334 ) ;
#3128 =( LENGTH_UNIT ( ) NAMED_UNIT ( * ) SI_UNIT ( .MILLI., .METRE. ) );
#3129 = MECHANICAL_DESIGN_GEOMETRIC_PRESENTATION_REPRESENTATION (  '', ( #6697 ), #733 ) ;
#3130 = DIRECTION ( 'NONE',  ( 0.000000000000000000, 0.000000000000000000, -1.000000000000000000 ) ) ;
#3131 =( LENGTH_UNIT ( ) NAMED_UNIT ( * ) SI_UNIT ( .MILLI., .METRE. ) );
#3132 = ORIENTED_EDGE ( 'NONE', *, *, #4310, .T. ) ;
#3133 = SURFACE_STYLE_USAGE ( .BOTH. , #3725 ) ;
#3134 = CARTESIAN_POINT ( 'NONE',  ( 1.314091239166307323, 1.322995928000269883, 0.001000000000000000021 ) ) ;
#3135 = FILL_AREA_STYLE_COLOUR ( '', #4757 ) ;
#3136 = LINE ( 'NONE', #361, #1697 ) ;
#3137 = MECHANICAL_DESIGN_GEOMETRIC_PRESENTATION_REPRESENTATION (  '', ( #6118 ), #4203 ) ;
#3138 = PLANE ( 'NONE',  #139 ) ;
#3139 = LINE ( 'NONE', #3013, #2215 ) ;
#3140 = FILL_AREA_STYLE_COLOUR ( '', #1619 ) ;
#3141 = LINE ( 'NONE', #1185, #5376 ) ;
#3142 = CARTESIAN_POINT ( 'NONE',  ( 1.216829427408477882, 1.256997641446638392, 0.001000000000000000021 ) ) ;
#3143 = CARTESIAN_POINT ( 'NONE',  ( 0.8471340422152862093, 1.321662481182560134, 0.001000000000000000021 ) ) ;
#3144 = ADVANCED_FACE ( 'NONE', ( #3922 ), #1895, .T. ) ;
#3145 = COLOUR_RGB ( '',1.000000000000000000, 1.000000000000000000, 0.000000000000000000 ) ;
#3146 = CARTESIAN_POINT ( 'NONE',  ( 1.100000000000000311, 0.3749999999999999445, 0.2000000000000000111 ) ) ;
#3147 = CARTESIAN_POINT ( 'NONE',  ( 1.250089152722355434, 1.238675492615672447, 0.000000000000000000 ) ) ;
#3148 = DIRECTION ( 'NONE',  ( 0.000000000000000000, 0.000000000000000000, -1.000000000000000000 ) ) ;
#3149 =( GEOMETRIC_REPRESENTATION_CONTEXT ( 3 ) GLOBAL_UNCERTAINTY_ASSIGNED_CONTEXT ( ( #618 ) ) GLOBAL_UNIT_ASSIGNED_CONTEXT ( ( #4964, #4898, #5966 ) ) REPRESENTATION_CONTEXT ( 'NONE', 'WORKASPACE' ) );
#3150 = VECTOR ( 'NONE', #1681, 1000.000000000000000 ) ;
#3151 = MECHANICAL_DESIGN_GEOMETRIC_PRESENTATION_REPRESENTATION (  '', ( #3623 ), #3992 ) ;
#3152 = EDGE_CURVE ( 'NONE', #2799, #6744, #2660, .T. ) ;
#3153 = CARTESIAN_POINT ( 'NONE',  ( 0.8921664001293274637, 1.433906443181512946, 0.001000000000000000021 ) ) ;
#3154 = CARTESIAN_POINT ( 'NONE',  ( 0.9257471103353070996, 1.237485446324686711, 0.001000000000000000021 ) ) ;
#3155 = LINE ( 'NONE', #4646, #302 ) ;
#3156 = SURFACE_STYLE_USAGE ( .BOTH. , #2518 ) ;
#3157 = DIRECTION ( 'NONE',  ( -1.000000000000000000, 0.000000000000000000, 0.000000000000000000 ) ) ;
#3158 = ORIENTED_EDGE ( 'NONE', *, *, #5059, .T. ) ;
#3159 = CARTESIAN_POINT ( 'NONE',  ( 1.433788268871892591, 1.237485446324686711, 0.000000000000000000 ) ) ;
#3160 = CARTESIAN_POINT ( 'NONE',  ( 1.028910220091404648, 1.349680568275906323, 0.000000000000000000 ) ) ;
#3161 = PRESENTATION_LAYER_ASSIGNMENT (  '', '', ( #3061 ) ) ;
#3162 = EDGE_CURVE ( 'NONE', #5438, #2397, #4982, .T. ) ;
#3163 = FACE_OUTER_BOUND ( 'NONE', #1286, .T. ) ;
#3164 = DIRECTION ( 'NONE',  ( 0.000000000000000000, 0.000000000000000000, -1.000000000000000000 ) ) ;
#3165 = DIRECTION ( 'NONE',  ( -0.000000000000000000, -0.000000000000000000, -1.000000000000000000 ) ) ;
#3166 = CARTESIAN_POINT ( 'NONE',  ( 1.209652427596507929, 1.257091869674370033, 0.001000000000000000021 ) ) ;
#3167 = COLOUR_RGB ( '',1.000000000000000000, 1.000000000000000000, 1.000000000000000000 ) ;
#3168 = SURFACE_SIDE_STYLE ('',( #1547 ) ) ;
#3169 = ORIENTED_EDGE ( 'NONE', *, *, #2831, .T. ) ;
#3170 = VERTEX_POINT ( 'NONE', #6141 ) ;
#3171 = STYLED_ITEM ( 'NONE', ( #64 ), #6627 ) ;
#3172 = DIRECTION ( 'NONE',  ( 0.000000000000000000, -0.000000000000000000, -1.000000000000000000 ) ) ;
#3173 =( LENGTH_UNIT ( ) NAMED_UNIT ( * ) SI_UNIT ( .MILLI., .METRE. ) );
#3174 = CARTESIAN_POINT ( 'NONE',  ( 0.8305958556868024978, 1.388706522254193665, 2.117582368135750848E-19 ) ) ;
#3175 = ORIENTED_EDGE ( 'NONE', *, *, #2803, .T. ) ;
#3176 = FILL_AREA_STYLE_COLOUR ( '', #4881 ) ;
#3177 = ADVANCED_FACE ( 'NONE', ( #5813 ), #3534, .T. ) ;
#3178 = VECTOR ( 'NONE', #5062, 1000.000000000000000 ) ;
#3179 =( NAMED_UNIT ( * ) PLANE_ANGLE_UNIT ( ) SI_UNIT ( $, .RADIAN. ) );
#3180 = CARTESIAN_POINT ( 'NONE',  ( -1.500000000000000000, 0.1249999999999998890, 0.8499999999999999778 ) ) ;
#3181 = VERTEX_POINT ( 'NONE', #4076 ) ;
#3182 = MECHANICAL_DESIGN_GEOMETRIC_PRESENTATION_REPRESENTATION (  '', ( #1638 ), #3526 ) ;
#3183 = ORIENTED_EDGE ( 'NONE', *, *, #6756, .T. ) ;
#3184 = DIRECTION ( 'NONE',  ( 1.000000000000000000, -0.000000000000000000, -0.000000000000000000 ) ) ;
#3185 = VERTEX_POINT ( 'NONE', #4539 ) ;
#3186 = ORIENTED_EDGE ( 'NONE', *, *, #3011, .T. ) ;
#3187 = CARTESIAN_POINT ( 'NONE',  ( 1.189275855301219043, 1.260120451471536951, 0.000000000000000000 ) ) ;
#3188 = CARTESIAN_POINT ( 'NONE',  ( 0.8667587234785875117, 1.280381084735199737, 0.001000000000000000021 ) ) ;
#3189 = CARTESIAN_POINT ( 'NONE',  ( 1.500000000000000000, -0.3750000000000001110, 0.1999999999999999833 ) ) ;
#3190 = EDGE_CURVE ( 'NONE', #831, #3120, #4647, .T. ) ;
#3191 = CARTESIAN_POINT ( 'NONE',  ( -0.5699999999999998401, 1.189999999999999947, 0.000000000000000000 ) ) ;
#3192 = DIRECTION ( 'NONE',  ( 0.000000000000000000, 0.000000000000000000, -1.000000000000000000 ) ) ;
#3193 = EDGE_LOOP ( 'NONE', ( #2103, #5923, #4775, #6626 ) ) ;
#3194 = CARTESIAN_POINT ( 'NONE',  ( -1.510000000000000009, -0.6250000000000001110, 0.2000000000000000111 ) ) ;
#3195 = CARTESIAN_POINT ( 'NONE',  ( 1.019154122530429030, 1.237485446324686711, 0.001000000000000000021 ) ) ;
#3196 = CARTESIAN_POINT ( 'NONE',  ( 0.8231488131387183493, 1.370826042199335904, 2.117582368135750848E-19 ) ) ;
#3197 = PRESENTATION_STYLE_ASSIGNMENT (( #5890 ) ) ;
#3198 =( NAMED_UNIT ( * ) SI_UNIT ( $, .STERADIAN. ) SOLID_ANGLE_UNIT ( ) );
#3199 = LINE ( 'NONE', #5699, #754 ) ;
#3200 = MECHANICAL_DESIGN_GEOMETRIC_PRESENTATION_REPRESENTATION (  '', ( #2249 ), #6300 ) ;
#3201 = EDGE_CURVE ( 'NONE', #1062, #4689, #3068, .T. ) ;
#3202 = VERTEX_POINT ( 'NONE', #3510 ) ;
#3203 = CARTESIAN_POINT ( 'NONE',  ( 0.8622976690633388230, 1.391479459645401429, 0.000000000000000000 ) ) ;
#3204 = DIRECTION ( 'NONE',  ( 0.000000000000000000, -1.000000000000000000, 0.000000000000000000 ) ) ;
#3205 = VECTOR ( 'NONE', #23, 1000.000000000000000 ) ;
#3206 = ORIENTED_EDGE ( 'NONE', *, *, #767, .T. ) ;
#3207 =( LENGTH_UNIT ( ) NAMED_UNIT ( * ) SI_UNIT ( .MILLI., .METRE. ) );
#3208 =( GEOMETRIC_REPRESENTATION_CONTEXT ( 3 ) GLOBAL_UNCERTAINTY_ASSIGNED_CONTEXT ( ( #1984 ) ) GLOBAL_UNIT_ASSIGNED_CONTEXT ( ( #2818, #1148, #175 ) ) REPRESENTATION_CONTEXT ( 'NONE', 'WORKASPACE' ) );
#3209 = EDGE_CURVE ( 'NONE', #261, #2159, #4396, .T. ) ;
#3210 = LINE ( 'NONE', #6920, #3704 ) ;
#3211 = CARTESIAN_POINT ( 'NONE',  ( 1.177198771711467584, 1.242153908707746890, 0.001000000000000000021 ) ) ;
#3212 = PRESENTATION_STYLE_ASSIGNMENT (( #5066 ) ) ;
#3213 = CARTESIAN_POINT ( 'NONE',  ( 1.019154122530429030, 1.259436665836882074, 0.000000000000000000 ) ) ;
#3214 = VERTEX_POINT ( 'NONE', #1402 ) ;
#3215 = CARTESIAN_POINT ( 'NONE',  ( -1.510000000000000231, 0.1249999999999999445, -0.05000000000000000278 ) ) ;
#3216 = DIRECTION ( 'NONE',  ( 0.000000000000000000, 0.000000000000000000, -1.000000000000000000 ) ) ;
#3217 = SURFACE_STYLE_USAGE ( .BOTH. , #4749 ) ;
#3218 = LINE ( 'NONE', #3123, #2635 ) ;
#3219 = DIRECTION ( 'NONE',  ( 1.000000000000000000, 0.000000000000000000, 0.000000000000000000 ) ) ;
#3220 = FILL_AREA_STYLE ('',( #2684 ) ) ;
#3221 = MECHANICAL_DESIGN_GEOMETRIC_PRESENTATION_REPRESENTATION (  '', ( #5079 ), #4510 ) ;
#3222 =( NAMED_UNIT ( * ) PLANE_ANGLE_UNIT ( ) SI_UNIT ( $, .RADIAN. ) );
#3223 = CARTESIAN_POINT ( 'NONE',  ( 0.8922627048894089530, 1.410898394790590649, 0.001000000000000000021 ) ) ;
#3224 = CARTESIAN_POINT ( 'NONE',  ( 1.100000000000000311, 0.6249999999999998890, 0.2000000000000000111 ) ) ;
#3225 =( NAMED_UNIT ( * ) PLANE_ANGLE_UNIT ( ) SI_UNIT ( $, .RADIAN. ) );
#3226 = LINE ( 'NONE', #6603, #50 ) ;
#3227 = SURFACE_STYLE_FILL_AREA ( #2266 ) ;
#3228 = AXIS2_PLACEMENT_3D ( 'NONE', #69, #5371, #1151 ) ;
#3229 = CARTESIAN_POINT ( 'NONE',  ( -1.500000000000000222, 1.500000000000000000, 0.8499999999999999778 ) ) ;
#3230 = CARTESIAN_POINT ( 'NONE',  ( 0.7195733298475021078, 1.399070812178345280, 0.000000000000000000 ) ) ;
#3231 = CARTESIAN_POINT ( 'NONE',  ( 1.500000000000000222, -0.8750000000000003331, 0.1999999999999999833 ) ) ;
#3232 = FILL_AREA_STYLE ('',( #1628 ) ) ;
#3233 = SURFACE_SIDE_STYLE ('',( #2385 ) ) ;
#3234 = CARTESIAN_POINT ( 'NONE',  ( 1.308082777657451734, 1.293567267218154848, 0.000000000000000000 ) ) ;
#3235 = DIRECTION ( 'NONE',  ( -0.3363908276654493101, 0.9417224702971433992, 0.000000000000000000 ) ) ;
#3236 = UNCERTAINTY_MEASURE_WITH_UNIT (LENGTH_MEASURE( 1.000000000000000082E-05 ), #4080, 'distance_accuracy_value', 'NONE');
#3237 = CARTESIAN_POINT ( 'NONE',  ( -1.100000000000000311, 0.6249999999999998890, 0.2000000000000000111 ) ) ;
#3238 = EDGE_CURVE ( 'NONE', #3305, #3698, #3329, .T. ) ;
#3239 = PRESENTATION_STYLE_ASSIGNMENT (( #1919 ) ) ;
#3240 = CARTESIAN_POINT ( 'NONE',  ( 1.235526770890558623, 1.415000155536823678, 0.001000000000000000021 ) ) ;
#3241 = CARTESIAN_POINT ( 'NONE',  ( 0.8565267695416061144, 1.417315342461728189, 2.117582368135750848E-19 ) ) ;
#3242 = CARTESIAN_POINT ( 'NONE',  ( 1.261236720258799293, 1.400936674074674482, 0.001000000000000000021 ) ) ;
#3243 = EDGE_LOOP ( 'NONE', ( #5157, #4529, #817, #5181, #2756, #6519 ) ) ;
#3244 = EDGE_LOOP ( 'NONE', ( #665, #5927, #5252, #3339 ) ) ;
#3245 = CARTESIAN_POINT ( 'NONE',  ( 0.7157242444816485083, 1.413095202422247842, 0.001000000000000000021 ) ) ;
#3246 = STYLED_ITEM ( 'NONE', ( #3351 ), #5928 ) ;
#3247 = EDGE_CURVE ( 'NONE', #3443, #1836, #5978, .T. ) ;
#3248 = ADVANCED_FACE ( 'NONE', ( #1223 ), #3642, .F. ) ;
#3249 = LINE ( 'NONE', #5174, #1820 ) ;
#3250 = SURFACE_STYLE_FILL_AREA ( #724 ) ;
#3251 = ORIENTED_EDGE ( 'NONE', *, *, #2342, .F. ) ;
#3252 =( NAMED_UNIT ( * ) SI_UNIT ( $, .STERADIAN. ) SOLID_ANGLE_UNIT ( ) );
#3253 = CARTESIAN_POINT ( 'NONE',  ( 1.183560558296051557, 1.239933006985688646, 0.001000000000000000021 ) ) ;
#3254 = CARTESIAN_POINT ( 'NONE',  ( 0.7134566486429768650, 1.401690281386347658, 0.001000000000000000021 ) ) ;
#3255 = CARTESIAN_POINT ( 'NONE',  ( 1.167372264100061230, 1.246815450049244989, 0.001000000000000000021 ) ) ;
#3256 = SURFACE_STYLE_FILL_AREA ( #2713 ) ;
#3257 = CARTESIAN_POINT ( 'NONE',  ( 1.307258164913213339, 1.376879322309060072, 0.000000000000000000 ) ) ;
#3258 = STYLED_ITEM ( 'NONE', ( #2054 ), #6740 ) ;
#3259 = CARTESIAN_POINT ( 'NONE',  ( 0.8993857113406952264, 1.262258565948043643, 0.001000000000000000021 ) ) ;
#3260 = SURFACE_STYLE_USAGE ( .BOTH. , #88 ) ;
#3261 = VERTEX_POINT ( 'NONE', #6710 ) ;
#3262 = MECHANICAL_DESIGN_GEOMETRIC_PRESENTATION_REPRESENTATION (  '', ( #6103 ), #1457 ) ;
#3263 = CARTESIAN_POINT ( 'NONE',  ( 1.099641927408477882, 1.349680568275906323, 0.001000000000000000021 ) ) ;
#3264 = DIRECTION ( 'NONE',  ( -0.000000000000000000, -0.000000000000000000, 1.000000000000000000 ) ) ;
#3265 = CARTESIAN_POINT ( 'NONE',  ( 1.220356996711903896, 1.417800709320366614, 0.001000000000000000021 ) ) ;
#3266 = VECTOR ( 'NONE', #4798, 1000.000000000000000 ) ;
#3267 = B_SPLINE_CURVE_WITH_KNOTS ( 'NONE', 3,
 ( #5305, #1602, #6, #3211, #3253, #540, #31, #2702, #4279, #2153, #3759 ),
 .UNSPECIFIED., .F., .F.,
 ( 4, 1, 1, 1, 1, 1, 1, 1, 4 ),
 ( 0.000000000000000000, 0.1124483899088015437, 0.2265276752126758886, 0.3444019493260268572, 0.4658649724874586173, 0.5916594493521168951, 0.7221684870248867849, 0.8586063875549251323, 1.000000000000000000 ),
 .UNSPECIFIED. ) ;
#3268 = CARTESIAN_POINT ( 'NONE',  ( 1.186638475343731125, 1.437991113870897397, 0.001000000000000000021 ) ) ;
#3269 = ORIENTED_EDGE ( 'NONE', *, *, #5232, .T. ) ;
#3270 = ORIENTED_EDGE ( 'NONE', *, *, #1119, .F. ) ;
#3271 = ORIENTED_EDGE ( 'NONE', *, *, #3893, .F. ) ;
#3272 = EDGE_CURVE ( 'NONE', #4712, #654, #2989, .T. ) ;
#3273 = CARTESIAN_POINT ( 'NONE',  ( 1.284652735058817274, 1.361543276896464816, 0.000000000000000000 ) ) ;
#3274 = FILL_AREA_STYLE_COLOUR ( '', #2276 ) ;
#3275 =( GEOMETRIC_REPRESENTATION_CONTEXT ( 3 ) GLOBAL_UNCERTAINTY_ASSIGNED_CONTEXT ( ( #6912 ) ) GLOBAL_UNIT_ASSIGNED_CONTEXT ( ( #1708, #1147, #90 ) ) REPRESENTATION_CONTEXT ( 'NONE', 'WORKASPACE' ) );
#3276 = VECTOR ( 'NONE', #3283, 1000.000000000000000 ) ;
#3277 = VERTEX_POINT ( 'NONE', #3598 ) ;
#3278 = CARTESIAN_POINT ( 'NONE',  ( 0.6533004639938435609, 1.237485446324686711, 0.000000000000000000 ) ) ;
#3279 = LINE ( 'NONE', #729, #4523 ) ;
#3280 = LINE ( 'NONE', #3564, #5020 ) ;
#3281 = VERTEX_POINT ( 'NONE', #6848 ) ;
#3282 = CARTESIAN_POINT ( 'NONE',  ( -1.500000000000000000, 0.3749999999999998890, 0.8499999999999999778 ) ) ;
#3283 = DIRECTION ( 'NONE',  ( 1.000000000000000000, 0.000000000000000000, 0.000000000000000000 ) ) ;
#3284 = DIRECTION ( 'NONE',  ( 0.000000000000000000, -1.000000000000000000, 0.000000000000000000 ) ) ;
#3285 = ORIENTED_EDGE ( 'NONE', *, *, #4714, .T. ) ;
#3286 = MECHANICAL_DESIGN_GEOMETRIC_PRESENTATION_REPRESENTATION (  '', ( #3762 ), #1517 ) ;
#3287 = EDGE_CURVE ( 'NONE', #6422, #1110, #1553, .T. ) ;
#3288 = FILL_AREA_STYLE_COLOUR ( '', #5107 ) ;
#3289 =( NAMED_UNIT ( * ) SI_UNIT ( $, .STERADIAN. ) SOLID_ANGLE_UNIT ( ) );
#3290 = UNCERTAINTY_MEASURE_WITH_UNIT (LENGTH_MEASURE( 1.000000000000000082E-05 ), #4199, 'distance_accuracy_value', 'NONE');
#3291 = LINE ( 'NONE', #5824, #4525 ) ;
#3292 = FILL_AREA_STYLE_COLOUR ( '', #5918 ) ;
#3293 = VERTEX_POINT ( 'NONE', #997 ) ;
#3294 = SURFACE_STYLE_USAGE ( .BOTH. , #176 ) ;
#3295 = DIRECTION ( 'NONE',  ( 0.000000000000000000, 1.000000000000000000, 0.000000000000000000 ) ) ;
#3296 = COLOUR_RGB ( '',1.000000000000000000, 1.000000000000000000, 1.000000000000000000 ) ;
#3297 =( GEOMETRIC_REPRESENTATION_CONTEXT ( 3 ) GLOBAL_UNCERTAINTY_ASSIGNED_CONTEXT ( ( #4776 ) ) GLOBAL_UNIT_ASSIGNED_CONTEXT ( ( #2165, #1592, #2716 ) ) REPRESENTATION_CONTEXT ( 'NONE', 'WORKASPACE' ) );
#3298 = EDGE_CURVE ( 'NONE', #1836, #5514, #5638, .T. ) ;
#3299 = CARTESIAN_POINT ( 'NONE',  ( 0.9249086957011607435, 1.259436665836882074, 0.000000000000000000 ) ) ;
#3300 = VERTEX_POINT ( 'NONE', #4675 ) ;
#3301 = SURFACE_SIDE_STYLE ('',( #2362 ) ) ;
#3302 = SURFACE_SIDE_STYLE ('',( #514 ) ) ;
#3303 = VECTOR ( 'NONE', #5271, 1000.000000000000000 ) ;
#3304 = VECTOR ( 'NONE', #6119, 1000.000000000000000 ) ;
#3305 = VERTEX_POINT ( 'NONE', #2631 ) ;
#3306 =( GEOMETRIC_REPRESENTATION_CONTEXT ( 3 ) GLOBAL_UNCERTAINTY_ASSIGNED_CONTEXT ( ( #3744 ) ) GLOBAL_UNIT_ASSIGNED_CONTEXT ( ( #6356, #3225, #1039 ) ) REPRESENTATION_CONTEXT ( 'NONE', 'WORKASPACE' ) );
#3307 = CARTESIAN_POINT ( 'NONE',  ( 1.331349244481648597, 1.237485446324686711, 0.000000000000000000 ) ) ;
#3308 = SURFACE_SIDE_STYLE ('',( #6465 ) ) ;
#3309 = FILL_AREA_STYLE_COLOUR ( '', #1885 ) ;
#3310 = SURFACE_STYLE_FILL_AREA ( #5771 ) ;
#3311 =( NAMED_UNIT ( * ) PLANE_ANGLE_UNIT ( ) SI_UNIT ( $, .RADIAN. ) );
#3312 = DIRECTION ( 'NONE',  ( 0.000000000000000000, -0.000000000000000000, 1.000000000000000000 ) ) ;
#3313 = ORIENTED_EDGE ( 'NONE', *, *, #2906, .F. ) ;
#3314 =( NAMED_UNIT ( * ) SI_UNIT ( $, .STERADIAN. ) SOLID_ANGLE_UNIT ( ) );
#3315 =( NAMED_UNIT ( * ) PLANE_ANGLE_UNIT ( ) SI_UNIT ( $, .RADIAN. ) );
#3316 = CARTESIAN_POINT ( 'NONE',  ( 0.7157242444816485083, 1.413095202422247842, 0.001000000000000000021 ) ) ;
#3317 = FILL_AREA_STYLE ('',( #6558 ) ) ;
#3318 = CARTESIAN_POINT ( 'NONE',  ( 0.8199999999999997291, -1.189999999999999947, -0.05000000000000000278 ) ) ;
#3319 = PRESENTATION_LAYER_ASSIGNMENT (  '', '', ( #1013 ) ) ;
#3320 =( NAMED_UNIT ( * ) SI_UNIT ( $, .STERADIAN. ) SOLID_ANGLE_UNIT ( ) );
#3321 = CARTESIAN_POINT ( 'NONE',  ( 0.7154469052811697205, 1.411557727628049319, 0.000000000000000000 ) ) ;
#3322 = LINE ( 'NONE', #1427, #3638 ) ;
#3323 = LINE ( 'NONE', #6723, #6055 ) ;
#3324 = EDGE_CURVE ( 'NONE', #3851, #1437, #5453, .T. ) ;
#3325 = CARTESIAN_POINT ( 'NONE',  ( -1.100000000000000533, 1.125000000000000000, 0.000000000000000000 ) ) ;
#3326 = LINE ( 'NONE', #3316, #2151 ) ;
#3327 = DIRECTION ( 'NONE',  ( 0.000000000000000000, 0.000000000000000000, 1.000000000000000000 ) ) ;
#3328 = UNCERTAINTY_MEASURE_WITH_UNIT (LENGTH_MEASURE( 1.000000000000000082E-05 ), #2973, 'distance_accuracy_value', 'NONE');
#3329 = LINE ( 'NONE', #2579, #4481 ) ;
#3330 = ORIENTED_EDGE ( 'NONE', *, *, #2708, .T. ) ;
#3331 = CARTESIAN_POINT ( 'NONE',  ( 0.9249086957011607435, 1.259436665836882074, 0.001000000000000000021 ) ) ;
#3332 = B_SPLINE_CURVE_WITH_KNOTS ( 'NONE', 3,
 ( #455, #476, #2022, #5795, #5258, #5843, #4686, #4243, #1570, #2663, #958 ),
 .UNSPECIFIED., .F., .F.,
 ( 4, 1, 1, 1, 1, 1, 1, 1, 4 ),
 ( 0.000000000000000000, 0.1252796967356245572, 0.2494199707420490797, 0.3733567994928200240, 0.4966812787822845188, 0.6202029157439811202, 0.7450863201614533748, 0.8712691950190969425, 1.000000000000000000 ),
 .UNSPECIFIED. ) ;
#3333 =( LENGTH_UNIT ( ) NAMED_UNIT ( * ) SI_UNIT ( .MILLI., .METRE. ) );
#3334 = PRESENTATION_LAYER_ASSIGNMENT (  '', '', ( #1390 ) ) ;
#3335 = EDGE_CURVE ( 'NONE', #4105, #3768, #312, .T. ) ;
#3336 = FACE_OUTER_BOUND ( 'NONE', #4265, .T. ) ;
#3337 = CARTESIAN_POINT ( 'NONE',  ( 0.7192710450615407147, 1.399982387779697968, 0.000000000000000000 ) ) ;
#3338 = FILL_AREA_STYLE ('',( #5955 ) ) ;
#3339 = ORIENTED_EDGE ( 'NONE', *, *, #4319, .F. ) ;
#3340 = CARTESIAN_POINT ( 'NONE',  ( 1.314276073749941043, 1.333712580471028364, 0.001000000000000000021 ) ) ;
#3341 = VECTOR ( 'NONE', #6157, 1000.000000000000000 ) ;
#3342 = DIRECTION ( 'NONE',  ( -1.445602896647339163E-16, 1.000000000000000000, -0.000000000000000000 ) ) ;
#3343 = FACE_OUTER_BOUND ( 'NONE', #276, .T. ) ;
#3344 = VECTOR ( 'NONE', #3109, 1000.000000000000000 ) ;
#3345 = FILL_AREA_STYLE_COLOUR ( '', #6706 ) ;
#3346 = ORIENTED_EDGE ( 'NONE', *, *, #254, .F. ) ;
#3347 = AXIS2_PLACEMENT_3D ( 'NONE', #3381, #5391, #3847 ) ;
#3348 = EDGE_CURVE ( 'NONE', #794, #1525, #6738, .T. ) ;
#3349 = CARTESIAN_POINT ( 'NONE',  ( 1.510000000000000231, 0.8749999999999998890, 0.2000000000000000111 ) ) ;
#3350 = COLOUR_RGB ( '',1.000000000000000000, 1.000000000000000000, 1.000000000000000000 ) ;
#3351 = PRESENTATION_STYLE_ASSIGNMENT (( #1577 ) ) ;
#3352 = ADVANCED_FACE ( 'NONE', ( #5141 ), #3978, .T. ) ;
#3353 = VERTEX_POINT ( 'NONE', #2155 ) ;
#3354 = VERTEX_POINT ( 'NONE', #3189 ) ;
#3355 = CARTESIAN_POINT ( 'NONE',  ( 1.099999999999998535, -0.8750000000000001110, -0.05000000000000000278 ) ) ;
#3356 = CARTESIAN_POINT ( 'NONE',  ( -1.230321495603551973, 1.206650258449453395, 0.8489999999999999769 ) ) ;
#3357 = SURFACE_STYLE_USAGE ( .BOTH. , #6529 ) ;
#3358 =( NAMED_UNIT ( * ) PLANE_ANGLE_UNIT ( ) SI_UNIT ( $, .RADIAN. ) );
#3359 = EDGE_LOOP ( 'NONE', ( #5743, #2257, #5848, #5229 ) ) ;
#3360 = AXIS2_PLACEMENT_3D ( 'NONE', #5714, #1922, #381 ) ;
#3361 = ADVANCED_FACE ( 'NONE', ( #2473 ), #3715, .T. ) ;
#3362 = ORIENTED_EDGE ( 'NONE', *, *, #3728, .F. ) ;
#3363 = PLANE ( 'NONE',  #1043 ) ;
#3364 = PLANE ( 'NONE',  #48 ) ;
#3365 = ORIENTED_EDGE ( 'NONE', *, *, #3868, .T. ) ;
#3366 = CARTESIAN_POINT ( 'NONE',  ( 0.7192710450615407147, 1.399982387779697968, 0.001000000000000000021 ) ) ;
#3367 = CARTESIAN_POINT ( 'NONE',  ( 0.7177895898165425059, 1.405210836975925304, 0.000000000000000000 ) ) ;
#3368 = ORIENTED_EDGE ( 'NONE', *, *, #5494, .T. ) ;
#3369 = CARTESIAN_POINT ( 'NONE',  ( 1.499999999999999778, 1.500000000000000000, 0.000000000000000000 ) ) ;
#3370 = PRESENTATION_LAYER_ASSIGNMENT (  '', '', ( #4077 ) ) ;
#3371 = CARTESIAN_POINT ( 'NONE',  ( 1.165495585945063306, 1.431997641446637992, 0.001000000000000000021 ) ) ;
#3372 = ORIENTED_EDGE ( 'NONE', *, *, #1074, .T. ) ;
#3373 =( GEOMETRIC_REPRESENTATION_CONTEXT ( 3 ) GLOBAL_UNCERTAINTY_ASSIGNED_CONTEXT ( ( #865 ) ) GLOBAL_UNIT_ASSIGNED_CONTEXT ( ( #1207, #644, #3911 ) ) REPRESENTATION_CONTEXT ( 'NONE', 'WORKASPACE' ) );
#3374 = EDGE_CURVE ( 'NONE', #1498, #5158, #1718, .T. ) ;
#3375 = ORIENTED_EDGE ( 'NONE', *, *, #1436, .F. ) ;
#3376 = CARTESIAN_POINT ( 'NONE',  ( 1.100000000000000311, 1.125000000000000000, -0.05000000000000000278 ) ) ;
#3377 = FILL_AREA_STYLE ('',( #2339 ) ) ;
#3378 = FILL_AREA_STYLE_COLOUR ( '', #2673 ) ;
#3379 = CARTESIAN_POINT ( 'NONE',  ( -1.510000000000000231, -0.1250000000000000555, 0.2000000000000000111 ) ) ;
#3380 = ORIENTED_EDGE ( 'NONE', *, *, #3918, .F. ) ;
#3381 = CARTESIAN_POINT ( 'NONE',  ( 0.7561586957011606769, 1.293583007300296517, 0.001000000000000000021 ) ) ;
#3382 = DIRECTION ( 'NONE',  ( -0.000000000000000000, 0.000000000000000000, 1.000000000000000000 ) ) ;
#3383 = EDGE_CURVE ( 'NONE', #6787, #1061, #2057, .T. ) ;
#3384 = DIRECTION ( 'NONE',  ( -0.000000000000000000, 0.000000000000000000, -1.000000000000000000 ) ) ;
#3385 = LINE ( 'NONE', #4066, #5121 ) ;
#3386 = DIRECTION ( 'NONE',  ( -0.000000000000000000, 1.000000000000000000, 0.000000000000000000 ) ) ;
#3387 = VECTOR ( 'NONE', #2655, 1000.000000000000000 ) ;
#3388 = VECTOR ( 'NONE', #4526, 1000.000000000000000 ) ;
#3389 = ADVANCED_FACE ( 'NONE', ( #141 ), #3813, .T. ) ;
#3390 = DIRECTION ( 'NONE',  ( 0.000000000000000000, 0.000000000000000000, -1.000000000000000000 ) ) ;
#3391 = CARTESIAN_POINT ( 'NONE',  ( 0.7494132688718924129, 1.315534226812491658, 0.000000000000000000 ) ) ;
#3392 = FILL_AREA_STYLE_COLOUR ( '', #6179 ) ;
#3393 = PLANE ( 'NONE',  #3855 ) ;
#3394 = FILL_AREA_STYLE_COLOUR ( '', #524 ) ;
#3395 = ADVANCED_FACE ( 'NONE', ( #1215 ), #2676, .T. ) ;
#3396 =( NAMED_UNIT ( * ) PLANE_ANGLE_UNIT ( ) SI_UNIT ( $, .RADIAN. ) );
#3397 = PRESENTATION_STYLE_ASSIGNMENT (( #6481 ) ) ;
#3398 = FILL_AREA_STYLE ('',( #4976 ) ) ;
#3399 = DIRECTION ( 'NONE',  ( 0.000000000000000000, 1.000000000000000000, 0.000000000000000000 ) ) ;
#3400 = MECHANICAL_DESIGN_GEOMETRIC_PRESENTATION_REPRESENTATION (  '', ( #5402 ), #1906 ) ;
#3401 = DIRECTION ( 'NONE',  ( -1.000000000000000000, -0.000000000000000000, -0.000000000000000000 ) ) ;
#3402 = UNCERTAINTY_MEASURE_WITH_UNIT (LENGTH_MEASURE( 1.000000000000000082E-05 ), #4597, 'distance_accuracy_value', 'NONE');
#3403 = SURFACE_SIDE_STYLE ('',( #3110 ) ) ;
#3404 = LINE ( 'NONE', #4694, #6306 ) ;
#3405 = FACE_OUTER_BOUND ( 'NONE', #1277, .T. ) ;
#3406 = UNCERTAINTY_MEASURE_WITH_UNIT (LENGTH_MEASURE( 1.000000000000000082E-05 ), #2380, 'distance_accuracy_value', 'NONE');
#3407 = MECHANICAL_DESIGN_GEOMETRIC_PRESENTATION_REPRESENTATION (  '', ( #1118 ), #2197 ) ;
#3408 = EDGE_CURVE ( 'NONE', #871, #6713, #3322, .T. ) ;
#3409 = CARTESIAN_POINT ( 'NONE',  ( 0.7142032102368268687, 1.404834093301119413, 0.000000000000000000 ) ) ;
#3410 = FILL_AREA_STYLE_COLOUR ( '', #1280 ) ;
#3411 = SURFACE_SIDE_STYLE ('',( #4772 ) ) ;
#3412 = LINE ( 'NONE', #1288, #5819 ) ;
#3413 = VECTOR ( 'NONE', #5956, 1000.000000000000000 ) ;
#3414 = SURFACE_SIDE_STYLE ('',( #5934 ) ) ;
#3415 = SURFACE_SIDE_STYLE ('',( #5354 ) ) ;
#3416 = ORIENTED_EDGE ( 'NONE', *, *, #5374, .T. ) ;
#3417 = ORIENTED_EDGE ( 'NONE', *, *, #6073, .T. ) ;
#3418 = DIRECTION ( 'NONE',  ( -1.000000000000000000, 0.000000000000000000, 0.000000000000000000 ) ) ;
#3419 = CARTESIAN_POINT ( 'NONE',  ( 4.731064025391292434E-16, -1.000000000000000000, -0.05000000000000000278 ) ) ;
#3420 = PRESENTATION_LAYER_ASSIGNMENT (  '', '', ( #70 ) ) ;
#3421 = EDGE_CURVE ( 'NONE', #4919, #4511, #790, .T. ) ;
#3422 = CARTESIAN_POINT ( 'NONE',  ( 1.500000000000000222, -1.500000000000000000, 0.000000000000000000 ) ) ;
#3423 = FILL_AREA_STYLE ('',( #4977 ) ) ;
#3424 = VECTOR ( 'NONE', #4790, 1000.000000000000000 ) ;
#3425 =( NAMED_UNIT ( * ) PLANE_ANGLE_UNIT ( ) SI_UNIT ( $, .RADIAN. ) );
#3426 = ORIENTED_EDGE ( 'NONE', *, *, #5552, .F. ) ;
#3427 = CARTESIAN_POINT ( 'NONE',  ( 0.8461865286041413414, 1.330374768908447525, 0.000000000000000000 ) ) ;
#3428 = LINE ( 'NONE', #6538, #4761 ) ;
#3429 = DIRECTION ( 'NONE',  ( 0.000000000000000000, 0.000000000000000000, -1.000000000000000000 ) ) ;
#3430 = PRESENTATION_LAYER_ASSIGNMENT (  '', '', ( #1273 ) ) ;
#3431 = EDGE_CURVE ( 'NONE', #1373, #673, #5803, .T. ) ;
#3432 = ORIENTED_EDGE ( 'NONE', *, *, #1074, .F. ) ;
#3433 = CARTESIAN_POINT ( 'NONE',  ( 1.210235762600786913, 1.439907801827808642, 0.001000000000000000021 ) ) ;
#3434 = ORIENTED_EDGE ( 'NONE', *, *, #3209, .T. ) ;
#3435 = SURFACE_STYLE_FILL_AREA ( #1910 ) ;
#3436 = ORIENTED_EDGE ( 'NONE', *, *, #3023, .T. ) ;
#3437 = CARTESIAN_POINT ( 'NONE',  ( 1.100000000000000311, 0.3749999999999999445, 0.2000000000000000111 ) ) ;
#3438 = CARTESIAN_POINT ( 'NONE',  ( 0.8471675841364655346, 1.357083998228073796, 0.001000000000000000021 ) ) ;
#3439 = CARTESIAN_POINT ( 'NONE',  ( 0.8460524140271913351, 1.336352535584863777, 0.000000000000000000 ) ) ;
#3440 = FACE_OUTER_BOUND ( 'NONE', #907, .T. ) ;
#3441 = CARTESIAN_POINT ( 'NONE',  ( 1.210235762600786913, 1.439907801827808642, -0.000000000000000000 ) ) ;
#3442 = CARTESIAN_POINT ( 'NONE',  ( 1.510000000000000231, -0.1250000000000000555, 0.2000000000000000111 ) ) ;
#3443 = VERTEX_POINT ( 'NONE', #3508 ) ;
#3444 = ORIENTED_EDGE ( 'NONE', *, *, #1157, .T. ) ;
#3445 = CARTESIAN_POINT ( 'NONE',  ( 0.8305916916275362105, 1.289019392825649701, 0.000000000000000000 ) ) ;
#3446 = LINE ( 'NONE', #4823, #3205 ) ;
#3447 = ORIENTED_EDGE ( 'NONE', *, *, #2342, .T. ) ;
#3448 = PRESENTATION_LAYER_ASSIGNMENT (  '', '', ( #5092 ) ) ;
#3449 =( GEOMETRIC_REPRESENTATION_CONTEXT ( 3 ) GLOBAL_UNCERTAINTY_ASSIGNED_CONTEXT ( ( #487 ) ) GLOBAL_UNIT_ASSIGNED_CONTEXT ( ( #648, #3461, #765 ) ) REPRESENTATION_CONTEXT ( 'NONE', 'WORKASPACE' ) );
#3450 = EDGE_CURVE ( 'NONE', #608, #1296, #2984, .T. ) ;
#3451 = CARTESIAN_POINT ( 'NONE',  ( 1.287391241487233051, 1.332427058844069423, -0.000000000000000000 ) ) ;
#3452 = CARTESIAN_POINT ( 'NONE',  ( -0.8199999999999998401, 0.9399999999999998357, -0.05000000000000000278 ) ) ;
#3453 = ORIENTED_EDGE ( 'NONE', *, *, #5367, .F. ) ;
#3454 = FILL_AREA_STYLE_COLOUR ( '', #6044 ) ;
#3455 =( GEOMETRIC_REPRESENTATION_CONTEXT ( 3 ) GLOBAL_UNCERTAINTY_ASSIGNED_CONTEXT ( ( #6521 ) ) GLOBAL_UNIT_ASSIGNED_CONTEXT ( ( #5856, #2680, #3742 ) ) REPRESENTATION_CONTEXT ( 'NONE', 'WORKASPACE' ) );
#3456 = EDGE_CURVE ( 'NONE', #6744, #4842, #380, .T. ) ;
#3457 = DIRECTION ( 'NONE',  ( 0.000000000000000000, -1.000000000000000000, 0.000000000000000000 ) ) ;
#3458 =( NAMED_UNIT ( * ) PLANE_ANGLE_UNIT ( ) SI_UNIT ( $, .RADIAN. ) );
#3459 = ORIENTED_EDGE ( 'NONE', *, *, #2608, .F. ) ;
#3460 = CARTESIAN_POINT ( 'NONE',  ( -1.510000000000000231, 0.6249999999999998890, 0.2000000000000000111 ) ) ;
#3461 =( NAMED_UNIT ( * ) PLANE_ANGLE_UNIT ( ) SI_UNIT ( $, .RADIAN. ) );
#3462 = DIRECTION ( 'NONE',  ( 0.000000000000000000, -0.000000000000000000, -1.000000000000000000 ) ) ;
#3463 = CARTESIAN_POINT ( 'NONE',  ( 0.9219189669395054798, 1.237554707399918019, -0.000000000000000000 ) ) ;
#3464 = CARTESIAN_POINT ( 'NONE',  ( -1.510000000000000231, 0.1249999999999999445, 0.2000000000000000111 ) ) ;
#3465 = ORIENTED_EDGE ( 'NONE', *, *, #6346, .F. ) ;
#3466 =( GEOMETRIC_REPRESENTATION_CONTEXT ( 3 ) GLOBAL_UNCERTAINTY_ASSIGNED_CONTEXT ( ( #5274 ) ) GLOBAL_UNIT_ASSIGNED_CONTEXT ( ( #2206, #6466, #1149 ) ) REPRESENTATION_CONTEXT ( 'NONE', 'WORKASPACE' ) );
#3467 = EDGE_CURVE ( 'NONE', #1101, #794, #5885, .T. ) ;
#3468 = DIRECTION ( 'NONE',  ( -0.000000000000000000, 1.000000000000000000, -0.000000000000000000 ) ) ;
#3469 = LINE ( 'NONE', #5269, #3809 ) ;
#3470 = ORIENTED_EDGE ( 'NONE', *, *, #2368, .F. ) ;
#3471 = DIRECTION ( 'NONE',  ( -0.000000000000000000, -0.000000000000000000, 1.000000000000000000 ) ) ;
#3472 = COLOUR_RGB ( '',1.000000000000000000, 1.000000000000000000, 0.000000000000000000 ) ;
#3473 = ADVANCED_FACE ( 'NONE', ( #4639 ), #4101, .T. ) ;
#3474 = FACE_OUTER_BOUND ( 'NONE', #3082, .T. ) ;
#3475 = SURFACE_SIDE_STYLE ('',( #4063 ) ) ;
#3476 = STYLED_ITEM ( 'NONE', ( #539 ), #950 ) ;
#3477 =( LENGTH_UNIT ( ) NAMED_UNIT ( * ) SI_UNIT ( .MILLI., .METRE. ) );
#3478 = SURFACE_STYLE_USAGE ( .BOTH. , #781 ) ;
#3479 = CARTESIAN_POINT ( 'NONE',  ( 1.312663473461766150, 1.356354344682132229, 0.000000000000000000 ) ) ;
#3480 = DIRECTION ( 'NONE',  ( 0.000000000000000000, -1.000000000000000000, 0.000000000000000000 ) ) ;
#3481 = FILL_AREA_STYLE ('',( #2905 ) ) ;
#3482 = PRESENTATION_STYLE_ASSIGNMENT (( #1732 ) ) ;
#3483 = CARTESIAN_POINT ( 'NONE',  ( 1.212561134725551160, 1.439924470714930793, 0.000000000000000000 ) ) ;
#3484 = ORIENTED_EDGE ( 'NONE', *, *, #4764, .F. ) ;
#3485 = AXIS2_PLACEMENT_3D ( 'NONE', #6679, #6702, #2902 ) ;
#3486 = UNCERTAINTY_MEASURE_WITH_UNIT (LENGTH_MEASURE( 1.000000000000000082E-05 ), #3173, 'distance_accuracy_value', 'NONE');
#3487 = VECTOR ( 'NONE', #856, 1000.000000000000000 ) ;
#3488 = LINE ( 'NONE', #6540, #3413 ) ;
#3489 = SURFACE_STYLE_FILL_AREA ( #2275 ) ;
#3490 = DIRECTION ( 'NONE',  ( 1.000000000000000000, 0.000000000000000000, 0.000000000000000000 ) ) ;
#3491 = EDGE_LOOP ( 'NONE', ( #258, #6105, #2941, #5940 ) ) ;
#3492 = CARTESIAN_POINT ( 'NONE',  ( 0.8200000000000000622, 1.189999999999999947, -0.05000000000000000278 ) ) ;
#3493 = FACE_OUTER_BOUND ( 'NONE', #5349, .T. ) ;
#3494 = STYLED_ITEM ( 'NONE', ( #2460 ), #4114 ) ;
#3495 = EDGE_CURVE ( 'NONE', #3353, #114, #1460, .T. ) ;
#3496 = ORIENTED_EDGE ( 'NONE', *, *, #5374, .F. ) ;
#3497 = SURFACE_SIDE_STYLE ('',( #4716 ) ) ;
#3498 = CARTESIAN_POINT ( 'NONE',  ( -1.100000000000000311, 0.6249999999999998890, -0.05000000000000000278 ) ) ;
#3499 = CARTESIAN_POINT ( 'NONE',  ( 0.8673463787485988785, 1.396541374124951940, 0.001000000000000000021 ) ) ;
#3500 = COLOUR_RGB ( '',1.000000000000000000, 1.000000000000000000, 0.000000000000000000 ) ;
#3501 = DIRECTION ( 'NONE',  ( 0.000000000000000000, -0.000000000000000000, 1.000000000000000000 ) ) ;
#3502 = ORIENTED_EDGE ( 'NONE', *, *, #3383, .T. ) ;
#3503 = ORIENTED_EDGE ( 'NONE', *, *, #330, .F. ) ;
#3504 = ORIENTED_EDGE ( 'NONE', *, *, #1991, .T. ) ;
#3505 =( NAMED_UNIT ( * ) SI_UNIT ( $, .STERADIAN. ) SOLID_ANGLE_UNIT ( ) );
#3506 = DIRECTION ( 'NONE',  ( 0.000000000000000000, 0.000000000000000000, -1.000000000000000000 ) ) ;
#3507 = EDGE_CURVE ( 'NONE', #5596, #4928, #6132, .T. ) ;
#3508 = CARTESIAN_POINT ( 'NONE',  ( 1.100000000000000311, 1.125000000000000000, 0.000000000000000000 ) ) ;
#3509 = LINE ( 'NONE', #5255, #3102 ) ;
#3510 = CARTESIAN_POINT ( 'NONE',  ( 1.510000000000000231, 0.1249999999999999445, 0.2000000000000000111 ) ) ;
#3511 = FACE_OUTER_BOUND ( 'NONE', #4613, .T. ) ;
#3512 = ORIENTED_EDGE ( 'NONE', *, *, #254, .T. ) ;
#3513 = ORIENTED_EDGE ( 'NONE', *, *, #1576, .F. ) ;
#3514 = ORIENTED_EDGE ( 'NONE', *, *, #6244, .F. ) ;
#3515 =( NAMED_UNIT ( * ) PLANE_ANGLE_UNIT ( ) SI_UNIT ( $, .RADIAN. ) );
#3516 = PRESENTATION_STYLE_ASSIGNMENT (( #5119 ) ) ;
#3517 =( GEOMETRIC_REPRESENTATION_CONTEXT ( 3 ) GLOBAL_UNCERTAINTY_ASSIGNED_CONTEXT ( ( #2898 ) ) GLOBAL_UNIT_ASSIGNED_CONTEXT ( ( #2505, #6273, #3044 ) ) REPRESENTATION_CONTEXT ( 'NONE', 'WORKASPACE' ) );
#3518 = CARTESIAN_POINT ( 'NONE',  ( 1.100000000000000311, 0.1249999999999999445, -0.05000000000000000278 ) ) ;
#3519 = PRESENTATION_STYLE_ASSIGNMENT (( #1111 ) ) ;
#3520 = EDGE_LOOP ( 'NONE', ( #1195, #3459, #847, #4197, #3009, #2423, #3313, #2322, #277, #4917 ) ) ;
#3521 =( LENGTH_UNIT ( ) NAMED_UNIT ( * ) SI_UNIT ( .MILLI., .METRE. ) );
#3522 = ORIENTED_EDGE ( 'NONE', *, *, #581, .T. ) ;
#3523 = FILL_AREA_STYLE ('',( #1930 ) ) ;
#3524 = PLANE ( 'NONE',  #3485 ) ;
#3525 = CARTESIAN_POINT ( 'NONE',  ( 1.099641927408477882, 1.349680568275906323, 0.000000000000000000 ) ) ;
#3526 =( GEOMETRIC_REPRESENTATION_CONTEXT ( 3 ) GLOBAL_UNCERTAINTY_ASSIGNED_CONTEXT ( ( #3290 ) ) GLOBAL_UNIT_ASSIGNED_CONTEXT ( ( #4199, #4758, #534 ) ) REPRESENTATION_CONTEXT ( 'NONE', 'WORKASPACE' ) );
#3527 = CARTESIAN_POINT ( 'NONE',  ( 0.6825306469206727789, 1.315534226812491658, 0.001000000000000000021 ) ) ;
#3528 = SURFACE_STYLE_FILL_AREA ( #77 ) ;
#3529 = SURFACE_STYLE_USAGE ( .BOTH. , #1915 ) ;
#3530 = UNCERTAINTY_MEASURE_WITH_UNIT (LENGTH_MEASURE( 1.000000000000000082E-05 ), #1596, 'distance_accuracy_value', 'NONE');
#3531 = ORIENTED_EDGE ( 'NONE', *, *, #498, .F. ) ;
#3532 = FILL_AREA_STYLE_COLOUR ( '', #5737 ) ;
#3533 = DIRECTION ( 'NONE',  ( -0.000000000000000000, -0.000000000000000000, 1.000000000000000000 ) ) ;
#3534 = PLANE ( 'NONE',  #406 ) ;
#3535 = PRESENTATION_LAYER_ASSIGNMENT (  '', '', ( #2740 ) ) ;
#3536 = SURFACE_STYLE_FILL_AREA ( #2413 ) ;
#3537 = AXIS2_PLACEMENT_3D ( 'NONE', #5110, #5640, #1917 ) ;
#3538 = EDGE_CURVE ( 'NONE', #5527, #6422, #1710, .T. ) ;
#3539 = ORIENTED_EDGE ( 'NONE', *, *, #3118, .T. ) ;
#3540 = DIRECTION ( 'NONE',  ( 0.000000000000000000, 0.000000000000000000, -1.000000000000000000 ) ) ;
#3541 = CARTESIAN_POINT ( 'NONE',  ( 0.8729391837169242496, 1.400991527482991161, 0.000000000000000000 ) ) ;
#3542 = PRESENTATION_STYLE_ASSIGNMENT (( #4090 ) ) ;
#3543 = PRODUCT_CONTEXT ( 'NONE', #4568, 'mechanical' ) ;
#3544 = VECTOR ( 'NONE', #4861, 1000.000000000000000 ) ;
#3545 = CARTESIAN_POINT ( 'NONE',  ( 1.331349244481648597, 1.259436665836882074, 0.001000000000000000021 ) ) ;
#3546 = AXIS2_PLACEMENT_3D ( 'NONE', #1728, #2224, #3312 ) ;
#3547 = EDGE_CURVE ( 'NONE', #4841, #5490, #6547, .T. ) ;
#3548 = CARTESIAN_POINT ( 'NONE',  ( 1.282717691851730235, 1.303078998695904600, 0.000000000000000000 ) ) ;
#3549 = FACE_OUTER_BOUND ( 'NONE', #4826, .T. ) ;
#3550 =( NAMED_UNIT ( * ) PLANE_ANGLE_UNIT ( ) SI_UNIT ( $, .RADIAN. ) );
#3551 = PLANE ( 'NONE',  #5135 ) ;
#3552 = CARTESIAN_POINT ( 'NONE',  ( 1.224442677575279914, 1.257193858175102985, 0.000000000000000000 ) ) ;
#3553 = CARTESIAN_POINT ( 'NONE',  ( 0.9022455687312944672, 1.436023177143275653, 0.000000000000000000 ) ) ;
#3554 = FACE_OUTER_BOUND ( 'NONE', #1010, .T. ) ;
#3555 = SURFACE_SIDE_STYLE ('',( #2233 ) ) ;
#3556 = AXIS2_PLACEMENT_3D ( 'NONE', #1152, #1222, #5480 ) ;
#3557 = EDGE_CURVE ( 'NONE', #81, #1755, #5130, .T. ) ;
#3558 = DIRECTION ( 'NONE',  ( -0.000000000000000000, 1.000000000000000000, -0.000000000000000000 ) ) ;
#3559 = CARTESIAN_POINT ( 'NONE',  ( 0.9236891835060386802, 1.437485446324686889, 0.001000000000000000021 ) ) ;
#3560 = CARTESIAN_POINT ( 'NONE',  ( 0.8511905432804502958, 1.372601142617033920, 0.000000000000000000 ) ) ;
#3561 = SURFACE_STYLE_USAGE ( .BOTH. , #6215 ) ;
#3562 = LINE ( 'NONE', #4884, #6652 ) ;
#3563 = AXIS2_PLACEMENT_3D ( 'NONE', #1302, #2378, #5544 ) ;
#3564 = CARTESIAN_POINT ( 'NONE',  ( -1.500000000000000222, 1.125000000000000000, 0.8499999999999999778 ) ) ;
#3565 = LINE ( 'NONE', #2600, #6233 ) ;
#3566 = VECTOR ( 'NONE', #1005, 1000.000000000000000 ) ;
#3567 = DIRECTION ( 'NONE',  ( 1.000000000000000000, 0.000000000000000000, 0.000000000000000000 ) ) ;
#3568 = CARTESIAN_POINT ( 'NONE',  ( 1.252965003192492821, 1.432823731887828300, 0.001000000000000000021 ) ) ;
#3569 = EDGE_LOOP ( 'NONE', ( #6745, #2417, #5779, #485 ) ) ;
#3570 =( NAMED_UNIT ( * ) PLANE_ANGLE_UNIT ( ) SI_UNIT ( $, .RADIAN. ) );
#3571 = UNCERTAINTY_MEASURE_WITH_UNIT (LENGTH_MEASURE( 1.000000000000000082E-05 ), #6683, 'distance_accuracy_value', 'NONE');
#3572 = CARTESIAN_POINT ( 'NONE',  ( 1.287391241487233051, 1.332427058844069423, 0.000000000000000000 ) ) ;
#3573 = CARTESIAN_POINT ( 'NONE',  ( 0.000000000000000000, -0.3750000000000000555, 0.000000000000000000 ) ) ;
#3574 = CARTESIAN_POINT ( 'NONE',  ( 1.276606881596794141, 1.289624129309864697, 0.001000000000000000021 ) ) ;
#3575 = PRESENTATION_LAYER_ASSIGNMENT (  '', '', ( #929 ) ) ;
#3576 = VERTEX_POINT ( 'NONE', #2456 ) ;
#3577 = CARTESIAN_POINT ( 'NONE',  ( -1.099999999999999867, -1.125000000000000222, -0.05000000000000000278 ) ) ;
#3578 = COLOUR_RGB ( '',1.000000000000000000, 1.000000000000000000, 1.000000000000000000 ) ;
#3579 = DIRECTION ( 'NONE',  ( 0.000000000000000000, -1.000000000000000000, -0.000000000000000000 ) ) ;
#3580 = FACE_BOUND ( 'NONE', #3929, .T. ) ;
#3581 = ORIENTED_EDGE ( 'NONE', *, *, #930, .F. ) ;
#3582 = PRESENTATION_LAYER_ASSIGNMENT (  '', '', ( #628 ) ) ;
#3583 = EDGE_CURVE ( 'NONE', #6419, #3698, #6722, .T. ) ;
#3584 = ADVANCED_FACE ( 'NONE', ( #3716 ), #1941, .T. ) ;
#3585 = CARTESIAN_POINT ( 'NONE',  ( -1.100000000000000089, -0.3750000000000000555, -0.05000000000000000278 ) ) ;
#3586 = LINE ( 'NONE', #4285, #5840 ) ;
#3587 = ORIENTED_EDGE ( 'NONE', *, *, #3868, .F. ) ;
#3588 = VERTEX_POINT ( 'NONE', #5133 ) ;
#3589 = CARTESIAN_POINT ( 'NONE',  ( 1.282241781652168955, 1.255700418172936761, 0.001000000000000000021 ) ) ;
#3590 = VECTOR ( 'NONE', #454, 1000.000000000000000 ) ;
#3591 = CARTESIAN_POINT ( 'NONE',  ( 1.182951136505685286, 1.261899652041536202, 0.001000000000000000021 ) ) ;
#3592 = AXIS2_PLACEMENT_3D ( 'NONE', #586, #5893, #56 ) ;
#3593 = EDGE_CURVE ( 'NONE', #6875, #831, #3469, .T. ) ;
#3594 = VERTEX_POINT ( 'NONE', #5248 ) ;
#3595 =( LENGTH_UNIT ( ) NAMED_UNIT ( * ) SI_UNIT ( .MILLI., .METRE. ) );
#3596 = CARTESIAN_POINT ( 'NONE',  ( 1.099999999999998535, -0.8750000000000001110, -0.05000000000000000278 ) ) ;
#3597 = CARTESIAN_POINT ( 'NONE',  ( 0.8487744976868977220, 1.313476808538272422, 0.001000000000000000021 ) ) ;
#3598 = CARTESIAN_POINT ( 'NONE',  ( 1.500000000000000000, -0.6250000000000001110, 0.1999999999999999833 ) ) ;
#3599 = LINE ( 'NONE', #5441, #1261 ) ;
#3600 = CARTESIAN_POINT ( 'NONE',  ( -1.100000000000000533, 1.125000000000000000, -0.05000000000000000278 ) ) ;
#3601 = ORIENTED_EDGE ( 'NONE', *, *, #5988, .F. ) ;
#3602 = DIRECTION ( 'NONE',  ( 0.000000000000000000, 0.000000000000000000, -1.000000000000000000 ) ) ;
#3603 =( NAMED_UNIT ( * ) PLANE_ANGLE_UNIT ( ) SI_UNIT ( $, .RADIAN. ) );
#3604 = STYLED_ITEM ( 'NONE', ( #2567 ), #6779 ) ;
#3605 = PRESENTATION_STYLE_ASSIGNMENT (( #333 ) ) ;
#3606 = PRESENTATION_LAYER_ASSIGNMENT (  '', '', ( #1776 ) ) ;
#3607 = ORIENTED_EDGE ( 'NONE', *, *, #2025, .F. ) ;
#3608 = FILL_AREA_STYLE ('',( #4150 ) ) ;
#3609 = CARTESIAN_POINT ( 'NONE',  ( 1.230787404993245460, 1.235275279184535169, 0.001000000000000000021 ) ) ;
#3610 = ADVANCED_BREP_SHAPE_REPRESENTATION ( 'DFN-10_L3.0-W3.0-P0.50-TL-EP2.4', ( #4637, #4945 ), #643 ) ;
#3611 = EDGE_LOOP ( 'NONE', ( #5985, #995, #3090, #2149 ) ) ;
#3612 = MECHANICAL_DESIGN_GEOMETRIC_PRESENTATION_REPRESENTATION (  '', ( #1112 ), #5529 ) ;
#3613 = PLANE ( 'NONE',  #6666 ) ;
#3614 = CARTESIAN_POINT ( 'NONE',  ( -1.100000000000000311, 0.1249999999999999445, -0.05000000000000000278 ) ) ;
#3615 = VECTOR ( 'NONE', #1452, 1000.000000000000000 ) ;
#3616 = CARTESIAN_POINT ( 'NONE',  ( 0.8565267695416061144, 1.417315342461728189, 0.000000000000000000 ) ) ;
#3617 = CARTESIAN_POINT ( 'NONE',  ( 0.8459833908231119137, 1.339429043885662418, 0.001000000000000000021 ) ) ;
#3618 = CARTESIAN_POINT ( 'NONE',  ( 1.257517436827845669, 1.268791864647075718, 0.001000000000000000021 ) ) ;
#3619 = VERTEX_POINT ( 'NONE', #996 ) ;
#3620 = SURFACE_SIDE_STYLE ('',( #1609 ) ) ;
#3621 = PRESENTATION_LAYER_ASSIGNMENT (  '', '', ( #6853 ) ) ;
#3622 = COLOUR_RGB ( '',1.000000000000000000, 1.000000000000000000, 0.000000000000000000 ) ;
#3623 = STYLED_ITEM ( 'NONE', ( #5128 ), #4086 ) ;
#3624 = EDGE_CURVE ( 'NONE', #3353, #2562, #136, .T. ) ;
#3625 = CARTESIAN_POINT ( 'NONE',  ( 0.9022455687312944672, 1.436023177143275653, 0.001000000000000000021 ) ) ;
#3626 = DIRECTION ( 'NONE',  ( -1.000000000000000000, 0.000000000000000000, -0.000000000000000000 ) ) ;
#3627 = DIRECTION ( 'NONE',  ( 0.000000000000000000, 0.000000000000000000, -1.000000000000000000 ) ) ;
#3628 = CARTESIAN_POINT ( 'NONE',  ( 0.9801297322865264450, 1.437485446324686889, 0.000000000000000000 ) ) ;
#3629 = VECTOR ( 'NONE', #2813, 1000.000000000000000 ) ;
#3630 = SURFACE_SIDE_STYLE ('',( #813 ) ) ;
#3631 = LINE ( 'NONE', #3811, #2219 ) ;
#3632 = STYLED_ITEM ( 'NONE', ( #4347 ), #5332 ) ;
#3633 = EDGE_CURVE ( 'NONE', #5574, #4240, #2809, .T. ) ;
#3634 = CARTESIAN_POINT ( 'NONE',  ( 1.258933911969813968, 1.241663307478058531, 0.001000000000000000021 ) ) ;
#3635 = LINE ( 'NONE', #3215, #2978 ) ;
#3636 = DIRECTION ( 'NONE',  ( 2.168404344971008868E-16, -1.000000000000000000, 0.000000000000000000 ) ) ;
#3637 = DIRECTION ( 'NONE',  ( -1.000000000000000000, 0.000000000000000000, 0.000000000000000000 ) ) ;
#3638 = VECTOR ( 'NONE', #1449, 1000.000000000000000 ) ;
#3639 = CARTESIAN_POINT ( 'NONE',  ( 1.433788268871892591, 1.437485446324686889, 0.000000000000000000 ) ) ;
#3640 = CARTESIAN_POINT ( 'NONE',  ( 1.216829427408477660, 1.256997641446638170, 0.000000000000000000 ) ) ;
#3641 = VECTOR ( 'NONE', #4002, 1000.000000000000000 ) ;
#3642 = PLANE ( 'NONE',  #2707 ) ;
#3643 = AXIS2_PLACEMENT_3D ( 'NONE', #4427, #3384, #4911 ) ;
#3644 =( NAMED_UNIT ( * ) SI_UNIT ( $, .STERADIAN. ) SOLID_ANGLE_UNIT ( ) );
#3645 = ORIENTED_EDGE ( 'NONE', *, *, #5577, .F. ) ;
#3646 = LINE ( 'NONE', #1017, #795 ) ;
#3647 = PRESENTATION_STYLE_ASSIGNMENT (( #159 ) ) ;
#3648 = CARTESIAN_POINT ( 'NONE',  ( 0.8264038108285844952, 1.380046214683531280, 0.001000000000000000021 ) ) ;
#3649 = ORIENTED_EDGE ( 'NONE', *, *, #6865, .T. ) ;
#3650 = DIRECTION ( 'NONE',  ( -0.000000000000000000, -0.000000000000000000, -1.000000000000000000 ) ) ;
#3651 = DIRECTION ( 'NONE',  ( 1.000000000000000000, 0.000000000000000000, -0.000000000000000000 ) ) ;
#3652 = LINE ( 'NONE', #2479, #1314 ) ;
#3653 = SURFACE_SIDE_STYLE ('',( #5241 ) ) ;
#3654 = VERTEX_POINT ( 'NONE', #5219 ) ;
#3655 = FILL_AREA_STYLE_COLOUR ( '', #2618 ) ;
#3656 = PRESENTATION_LAYER_ASSIGNMENT (  '', '', ( #3943 ) ) ;
#3657 = CARTESIAN_POINT ( 'NONE',  ( 1.190293880791923442, 1.238162037073414101, 0.000000000000000000 ) ) ;
#3658 = ORIENTED_EDGE ( 'NONE', *, *, #4922, .F. ) ;
#3659 = VECTOR ( 'NONE', #5801, 1000.000000000000000 ) ;
#3660 = EDGE_LOOP ( 'NONE', ( #639, #3380, #3436, #4759 ) ) ;
#3661 =( NAMED_UNIT ( * ) SI_UNIT ( $, .STERADIAN. ) SOLID_ANGLE_UNIT ( ) );
#3662 = SURFACE_STYLE_USAGE ( .BOTH. , #6871 ) ;
#3663 = EDGE_CURVE ( 'NONE', #3125, #1754, #1538, .T. ) ;
#3664 = VECTOR ( 'NONE', #2817, 1000.000000000000000 ) ;
#3665 = FACE_BOUND ( 'NONE', #5043, .T. ) ;
#3666 = ORIENTED_EDGE ( 'NONE', *, *, #4563, .T. ) ;
#3667 = CARTESIAN_POINT ( 'NONE',  ( 0.9801297322865264450, 1.437485446324686889, 0.001000000000000000021 ) ) ;
#3668 = FILL_AREA_STYLE_COLOUR ( '', #3891 ) ;
#3669 = EDGE_LOOP ( 'NONE', ( #2842, #698, #3016, #4939 ) ) ;
#3670 = CARTESIAN_POINT ( 'NONE',  ( 1.509999999999998455, -0.8750000000000001110, -0.05000000000000000278 ) ) ;
#3671 = DIRECTION ( 'NONE',  ( 0.000000000000000000, 0.000000000000000000, -1.000000000000000000 ) ) ;
#3672 = SURFACE_SIDE_STYLE ('',( #989 ) ) ;
#3673 = ORIENTED_EDGE ( 'NONE', *, *, #4938, .T. ) ;
#3674 = ORIENTED_EDGE ( 'NONE', *, *, #2250, .F. ) ;
#3675 = MECHANICAL_DESIGN_GEOMETRIC_PRESENTATION_REPRESENTATION (  '', ( #1390 ), #6766 ) ;
#3676 = EDGE_CURVE ( 'NONE', #1373, #5596, #5991, .T. ) ;
#3677 = CARTESIAN_POINT ( 'NONE',  ( 0.6735367444816484639, 1.293583007300296517, 0.000000000000000000 ) ) ;
#3678 = SURFACE_STYLE_FILL_AREA ( #6167 ) ;
#3679 = PLANE ( 'NONE',  #4997 ) ;
#3680 = EDGE_LOOP ( 'NONE', ( #6430, #1224, #6316, #2425 ) ) ;
#3681 = CARTESIAN_POINT ( 'NONE',  ( -1.499999999999999778, -0.8750000000000003331, 0.000000000000000000 ) ) ;
#3682 = ORIENTED_EDGE ( 'NONE', *, *, #6756, .F. ) ;
#3683 = LINE ( 'NONE', #4389, #4194 ) ;
#3684 = CARTESIAN_POINT ( 'NONE',  ( -1.100000000000000533, 0.8749999999999998890, 0.000000000000000000 ) ) ;
#3685 = STYLED_ITEM ( 'NONE', ( #3012 ), #5459 ) ;
#3686 = EDGE_CURVE ( 'NONE', #4918, #3588, #4314, .T. ) ;
#3687 = FACE_OUTER_BOUND ( 'NONE', #683, .T. ) ;
#3688 = CARTESIAN_POINT ( 'NONE',  ( 1.500000000000000000, -0.1250000000000001110, 0.1999999999999999833 ) ) ;
#3689 = VERTEX_POINT ( 'NONE', #422 ) ;
#3690 = CARTESIAN_POINT ( 'NONE',  ( 1.195828005471942346, 1.258699108527147725, 0.001000000000000000021 ) ) ;
#3691 = DIRECTION ( 'NONE',  ( 0.000000000000000000, 0.000000000000000000, -1.000000000000000000 ) ) ;
#3692 = ADVANCED_FACE ( 'NONE', ( #53 ), #2578, .T. ) ;
#3693 =( NAMED_UNIT ( * ) SI_UNIT ( $, .STERADIAN. ) SOLID_ANGLE_UNIT ( ) );
#3694 = CARTESIAN_POINT ( 'NONE',  ( 1.258933911969813968, 1.241663307478058531, 0.000000000000000000 ) ) ;
#3695 = FACE_OUTER_BOUND ( 'NONE', #4590, .T. ) ;
#3696 = COLOUR_RGB ( '',1.000000000000000000, 1.000000000000000000, 0.000000000000000000 ) ;
#3697 = CARTESIAN_POINT ( 'NONE',  ( 1.126471195701160832, 1.437485446324686889, 0.001000000000000000021 ) ) ;
#3698 = VERTEX_POINT ( 'NONE', #4142 ) ;
#3699 = CARTESIAN_POINT ( 'NONE',  ( -1.100000000000000311, -0.1250000000000000555, -0.05000000000000000278 ) ) ;
#3700 = CARTESIAN_POINT ( 'NONE',  ( 0.8358050677545354468, 1.396760303174782614, 0.001000000000000000021 ) ) ;
#3701 = UNCERTAINTY_MEASURE_WITH_UNIT (LENGTH_MEASURE( 1.000000000000000082E-05 ), #2428, 'distance_accuracy_value', 'NONE');
#3702 = AXIS2_PLACEMENT_3D ( 'NONE', #4169, #1035, #4781 ) ;
#3703 = CARTESIAN_POINT ( 'NONE',  ( 1.212561134725551160, 1.439924470714930793, 0.001000000000000000021 ) ) ;
#3704 = VECTOR ( 'NONE', #6899, 1000.000000000000000 ) ;
#3705 = LINE ( 'NONE', #5509, #4709 ) ;
#3706 = CARTESIAN_POINT ( 'NONE',  ( 1.255382488047387390, 1.405475844549583853, 0.000000000000000000 ) ) ;
#3707 = VERTEX_POINT ( 'NONE', #4743 ) ;
#3708 = FACE_OUTER_BOUND ( 'NONE', #1072, .T. ) ;
#3709 = FACE_OUTER_BOUND ( 'NONE', #4954, .T. ) ;
#3710 = PRESENTATION_LAYER_ASSIGNMENT (  '', '', ( #236 ) ) ;
#3711 = CARTESIAN_POINT ( 'NONE',  ( 0.9801297322865264450, 1.437485446324686889, 0.000000000000000000 ) ) ;
#3712 = PRESENTATION_STYLE_ASSIGNMENT (( #6126 ) ) ;
#3713 = FILL_AREA_STYLE_COLOUR ( '', #5998 ) ;
#3714 = SURFACE_STYLE_USAGE ( .BOTH. , #6917 ) ;
#3715 = PLANE ( 'NONE',  #5093 ) ;
#3716 = FACE_OUTER_BOUND ( 'NONE', #6644, .T. ) ;
#3717 = DIRECTION ( 'NONE',  ( 0.7071067811865474617, 0.7071067811865474617, -0.000000000000000000 ) ) ;
#3718 = CARTESIAN_POINT ( 'NONE',  ( 0.9801297322865264450, 1.237485446324686711, 0.000000000000000000 ) ) ;
#3719 = LINE ( 'NONE', #6506, #4068 ) ;
#3720 = EDGE_CURVE ( 'NONE', #2018, #5011, #152, .T. ) ;
#3721 = CARTESIAN_POINT ( 'NONE',  ( 1.406959000579209640, 1.259436665836882074, 0.000000000000000000 ) ) ;
#3722 = CARTESIAN_POINT ( 'NONE',  ( 0.8208438503082605697, 1.361052690609903637, 2.117582368135750848E-19 ) ) ;
#3723 =( NAMED_UNIT ( * ) SI_UNIT ( $, .STERADIAN. ) SOLID_ANGLE_UNIT ( ) );
#3724 = CARTESIAN_POINT ( 'NONE',  ( 0.8729391837169242496, 1.400991527482991161, 0.001000000000000000021 ) ) ;
#3725 = SURFACE_SIDE_STYLE ('',( #2712 ) ) ;
#3726 = ORIENTED_EDGE ( 'NONE', *, *, #1744, .F. ) ;
#3727 = MECHANICAL_DESIGN_GEOMETRIC_PRESENTATION_REPRESENTATION (  '', ( #3685 ), #4318 ) ;
#3728 = EDGE_CURVE ( 'NONE', #6259, #3852, #2974, .T. ) ;
#3729 = PRESENTATION_STYLE_ASSIGNMENT (( #5952 ) ) ;
#3730 = SURFACE_STYLE_FILL_AREA ( #3232 ) ;
#3731 = LINE ( 'NONE', #3263, #3913 ) ;
#3732 = DIRECTION ( 'NONE',  ( -1.000000000000000000, 0.000000000000000000, 0.000000000000000000 ) ) ;
#3733 = SURFACE_STYLE_USAGE ( .BOTH. , #3782 ) ;
#3734 = LINE ( 'NONE', #4762, #4489 ) ;
#3735 = LINE ( 'NONE', #1126, #1557 ) ;
#3736 = CARTESIAN_POINT ( 'NONE',  ( 0.7154469052811697205, 1.411557727628049319, 0.001000000000000000021 ) ) ;
#3737 =( NAMED_UNIT ( * ) PLANE_ANGLE_UNIT ( ) SI_UNIT ( $, .RADIAN. ) );
#3738 = VECTOR ( 'NONE', #6642, 1000.000000000000000 ) ;
#3739 = ORIENTED_EDGE ( 'NONE', *, *, #4257, .F. ) ;
#3740 = CARTESIAN_POINT ( 'NONE',  ( 1.285663268773734380, 1.410835344966116400, 0.000000000000000000 ) ) ;
#3741 = STYLED_ITEM ( 'NONE', ( #5386 ), #6647 ) ;
#3742 =( NAMED_UNIT ( * ) SI_UNIT ( $, .STERADIAN. ) SOLID_ANGLE_UNIT ( ) );
#3743 =( NAMED_UNIT ( * ) SI_UNIT ( $, .STERADIAN. ) SOLID_ANGLE_UNIT ( ) );
#3744 = UNCERTAINTY_MEASURE_WITH_UNIT (LENGTH_MEASURE( 1.000000000000000082E-05 ), #6356, 'distance_accuracy_value', 'NONE');
#3745 = CARTESIAN_POINT ( 'NONE',  ( -1.100000000000000311, 0.3749999999999999445, 0.2000000000000000111 ) ) ;
#3746 = VECTOR ( 'NONE', #2776, 1000.000000000000000 ) ;
#3747 = SURFACE_SIDE_STYLE ('',( #738 ) ) ;
#3748 = LINE ( 'NONE', #4219, #1529 ) ;
#3749 = EDGE_LOOP ( 'NONE', ( #2589, #1601 ) ) ;
#3750 = DIRECTION ( 'NONE',  ( 1.000000000000000000, 0.000000000000000000, 0.000000000000000000 ) ) ;
#3751 = CARTESIAN_POINT ( 'NONE',  ( 1.287242664401207826, 1.344456265279422080, 0.001000000000000000021 ) ) ;
#3752 =( NAMED_UNIT ( * ) PLANE_ANGLE_UNIT ( ) SI_UNIT ( $, .RADIAN. ) );
#3753 = STYLED_ITEM ( 'NONE', ( #4502 ), #2297 ) ;
#3754 = ORIENTED_EDGE ( 'NONE', *, *, #342, .F. ) ;
#3755 = CARTESIAN_POINT ( 'NONE',  ( 1.282380835209942616, 1.369370741670292047, 0.000000000000000000 ) ) ;
#3756 = FILL_AREA_STYLE_COLOUR ( '', #1900 ) ;
#3757 = ORIENTED_EDGE ( 'NONE', *, *, #3152, .F. ) ;
#3758 = ORIENTED_EDGE ( 'NONE', *, *, #1757, .T. ) ;
#3759 = CARTESIAN_POINT ( 'NONE',  ( 1.220526073749941265, 1.235046421934443028, 0.001000000000000000021 ) ) ;
#3760 = CARTESIAN_POINT ( 'NONE',  ( -1.500000000000000000, -0.1250000000000000555, 0.2000000000000000111 ) ) ;
#3761 = CARTESIAN_POINT ( 'NONE',  ( 1.171152838814549124, 1.244728726730185420, 0.000000000000000000 ) ) ;
#3762 = STYLED_ITEM ( 'NONE', ( #6220 ), #3361 ) ;
#3763 = EDGE_CURVE ( 'NONE', #6188, #2810, #3631, .T. ) ;
#3764 = VECTOR ( 'NONE', #300, 1000.000000000000000 ) ;
#3765 = CARTESIAN_POINT ( 'NONE',  ( 1.223259672544473098, 1.439675550436566809, 0.000000000000000000 ) ) ;
#3766 = DIRECTION ( 'NONE',  ( -0.000000000000000000, 1.000000000000000000, -0.000000000000000000 ) ) ;
#3767 =( NAMED_UNIT ( * ) PLANE_ANGLE_UNIT ( ) SI_UNIT ( $, .RADIAN. ) );
#3768 = VERTEX_POINT ( 'NONE', #1584 ) ;
#3769 = CARTESIAN_POINT ( 'NONE',  ( -1.230321495603551973, 1.206650258449453395, 0.8489999999999999769 ) ) ;
#3770 = SURFACE_STYLE_USAGE ( .BOTH. , #3747 ) ;
#3771 = PLANE ( 'NONE',  #4478 ) ;
#3772 = EDGE_CURVE ( 'NONE', #2695, #5395, #4143, .T. ) ;
#3773 = EDGE_LOOP ( 'NONE', ( #2497, #2328, #4585, #741 ) ) ;
#3774 = CARTESIAN_POINT ( 'NONE',  ( 0.8459833908231119137, 1.339429043885662418, 0.000000000000000000 ) ) ;
#3775 = ORIENTED_EDGE ( 'NONE', *, *, #4134, .T. ) ;
#3776 = CARTESIAN_POINT ( 'NONE',  ( 0.7752516835060386802, 1.237485446324686711, 0.001000000000000000021 ) ) ;
#3777 = DIRECTION ( 'NONE',  ( 1.445602896647339163E-16, -1.000000000000000000, 0.000000000000000000 ) ) ;
#3778 = LINE ( 'NONE', #3160, #2023 ) ;
#3779 = ORIENTED_EDGE ( 'NONE', *, *, #125, .T. ) ;
#3780 = DIRECTION ( 'NONE',  ( 1.000000000000000000, 0.000000000000000000, 0.000000000000000000 ) ) ;
#3781 = PRESENTATION_LAYER_ASSIGNMENT (  '', '', ( #4722 ) ) ;
#3782 = SURFACE_SIDE_STYLE ('',( #6247 ) ) ;
#3783 = DIRECTION ( 'NONE',  ( 0.000000000000000000, -0.000000000000000000, 1.000000000000000000 ) ) ;
#3784 = CARTESIAN_POINT ( 'NONE',  ( 1.219398762410721204, 1.257063861063414612, 0.001000000000000000021 ) ) ;
#3785 = ORIENTED_EDGE ( 'NONE', *, *, #4134, .F. ) ;
#3786 = CARTESIAN_POINT ( 'NONE',  ( 1.314276073749941043, 1.333712580471028364, 0.000000000000000000 ) ) ;
#3787 = CARTESIAN_POINT ( 'NONE',  ( 0.8667587234785875117, 1.280381084735199737, 0.001000000000000000021 ) ) ;
#3788 =( NAMED_UNIT ( * ) PLANE_ANGLE_UNIT ( ) SI_UNIT ( $, .RADIAN. ) );
#3789 = UNCERTAINTY_MEASURE_WITH_UNIT (LENGTH_MEASURE( 1.000000000000000082E-05 ), #4769, 'distance_accuracy_value', 'NONE');
#3790 = SURFACE_STYLE_FILL_AREA ( #2268 ) ;
#3791 =( NAMED_UNIT ( * ) SI_UNIT ( $, .STERADIAN. ) SOLID_ANGLE_UNIT ( ) );
#3792 = FACE_OUTER_BOUND ( 'NONE', #1939, .T. ) ;
#3793 = DIRECTION ( 'NONE',  ( -1.000000000000000000, 0.000000000000000000, 0.000000000000000000 ) ) ;
#3794 = VERTEX_POINT ( 'NONE', #5308 ) ;
#3795 = FACE_OUTER_BOUND ( 'NONE', #6181, .T. ) ;
#3796 = CARTESIAN_POINT ( 'NONE',  ( 0.9200148106927686920, 1.437403547934170245, 0.001000000000000000021 ) ) ;
#3797 = B_SPLINE_CURVE_WITH_KNOTS ( 'NONE', 3,
 ( #6473, #1155, #2192, #4895, #5010, #1789, #3904, #3990, #3975, #681, #1226, #4986, #2323, #2352, #776, #4434, #166, #6077, #4962 ),
 .UNSPECIFIED., .F., .F.,
 ( 4, 1, 1, 1, 1, 1, 1, 1, 1, 1, 1, 1, 1, 1, 1, 1, 4 ),
 ( 0.000000000000000000, 0.06806869584499457282, 0.1334274328189550829, 0.1961460338131570114, 0.2570485924493124963, 0.3168826631591622478, 0.3761872086663219372, 0.4359603353635462253, 0.4965352368627262147, 0.5574653434807335106, 0.6176868634101474465, 0.6779436406969060469, 0.7388052848060403521, 0.8009493367665840857, 0.8648146674702263947, 0.9310247810786568268, 1.000000000000000000 ),
 .UNSPECIFIED. ) ;
#3798 = CARTESIAN_POINT ( 'NONE',  ( 1.165495585945063306, 1.431997641446637992, 0.001000000000000000021 ) ) ;
#3799 = AXIS2_PLACEMENT_3D ( 'NONE', #287, #6768, #369 ) ;
#3800 = CARTESIAN_POINT ( 'NONE',  ( 1.266637615558718455, 1.395698466623853884, 0.000000000000000000 ) ) ;
#3801 = COLOUR_RGB ( '',1.000000000000000000, 1.000000000000000000, 1.000000000000000000 ) ;
#3802 = DIRECTION ( 'NONE',  ( 0.000000000000000000, 0.000000000000000000, 1.000000000000000000 ) ) ;
#3803 = EDGE_LOOP ( 'NONE', ( #4872, #4987, #6691, #3432, #3754, #6505 ) ) ;
#3804 = CARTESIAN_POINT ( 'NONE',  ( 1.510000000000000231, -0.1250000000000000555, -0.05000000000000000278 ) ) ;
#3805 = ORIENTED_EDGE ( 'NONE', *, *, #4764, .T. ) ;
#3806 = PRESENTATION_STYLE_ASSIGNMENT (( #625 ) ) ;
#3807 = AXIS2_PLACEMENT_3D ( 'NONE', #4554, #2405, #4535 ) ;
#3808 = EDGE_CURVE ( 'NONE', #1485, #1498, #347, .T. ) ;
#3809 = VECTOR ( 'NONE', #4159, 1000.000000000000000 ) ;
#3810 = FILL_AREA_STYLE ('',( #4377 ) ) ;
#3811 = CARTESIAN_POINT ( 'NONE',  ( 0.9801297322865264450, 1.437485446324686889, 0.001000000000000000021 ) ) ;
#3812 = PRESENTATION_STYLE_ASSIGNMENT (( #5834 ) ) ;
#3813 = PLANE ( 'NONE',  #4746 ) ;
#3814 = CARTESIAN_POINT ( 'NONE',  ( 1.314188969058908363, 1.337603682692987572, -0.000000000000000000 ) ) ;
#3815 =( LENGTH_UNIT ( ) NAMED_UNIT ( * ) SI_UNIT ( .MILLI., .METRE. ) );
#3816 = PLANE ( 'NONE',  #6841 ) ;
#3817 = AXIS2_PLACEMENT_3D ( 'NONE', #4210, #3216, #6386 ) ;
#3818 = EDGE_CURVE ( 'NONE', #6765, #4918, #6084, .T. ) ;
#3819 = PRESENTATION_STYLE_ASSIGNMENT (( #627 ) ) ;
#3820 = CARTESIAN_POINT ( 'NONE',  ( 0.7170458921749812697, 1.408980632467369931, 0.001000000000000000021 ) ) ;
#3821 = PRESENTATION_STYLE_ASSIGNMENT (( #174 ) ) ;
#3822 = PLANE ( 'NONE',  #2982 ) ;
#3823 = SURFACE_SIDE_STYLE ('',( #2074 ) ) ;
#3824 = VECTOR ( 'NONE', #3184, 1000.000000000000000 ) ;
#3825 = CARTESIAN_POINT ( 'NONE',  ( 0.9160163956779671102, 1.259628886722163443, 0.000000000000000000 ) ) ;
#3826 = ORIENTED_EDGE ( 'NONE', *, *, #6854, .T. ) ;
#3827 = ORIENTED_EDGE ( 'NONE', *, *, #2240, .F. ) ;
#3828 = FILL_AREA_STYLE ('',( #3345 ) ) ;
#3829 =( GEOMETRIC_REPRESENTATION_CONTEXT ( 3 ) GLOBAL_UNCERTAINTY_ASSIGNED_CONTEXT ( ( #1552 ) ) GLOBAL_UNIT_ASSIGNED_CONTEXT ( ( #4493, #1289, #1827 ) ) REPRESENTATION_CONTEXT ( 'NONE', 'WORKASPACE' ) );
#3830 = MECHANICAL_DESIGN_GEOMETRIC_PRESENTATION_REPRESENTATION (  '', ( #2725 ), #2132 ) ;
#3831 = DIRECTION ( 'NONE',  ( 1.000000000000000000, 0.000000000000000000, 0.000000000000000000 ) ) ;
#3832 = SURFACE_STYLE_FILL_AREA ( #6705 ) ;
#3833 = VECTOR ( 'NONE', #3732, 1000.000000000000000 ) ;
#3834 = VERTEX_POINT ( 'NONE', #3760 ) ;
#3835 = VERTEX_POINT ( 'NONE', #84 ) ;
#3836 = UNCERTAINTY_MEASURE_WITH_UNIT (LENGTH_MEASURE( 1.000000000000000082E-05 ), #549, 'distance_accuracy_value', 'NONE');
#3837 = FILL_AREA_STYLE ('',( #107 ) ) ;
#3838 = ORIENTED_EDGE ( 'NONE', *, *, #5628, .T. ) ;
#3839 =( NAMED_UNIT ( * ) SI_UNIT ( $, .STERADIAN. ) SOLID_ANGLE_UNIT ( ) );
#3840 =( LENGTH_UNIT ( ) NAMED_UNIT ( * ) SI_UNIT ( .MILLI., .METRE. ) );
#3841 = CARTESIAN_POINT ( 'NONE',  ( 0.8461865286041413414, 1.330374768908447525, 0.000000000000000000 ) ) ;
#3842 = VERTEX_POINT ( 'NONE', #1094 ) ;
#3843 = AXIS2_PLACEMENT_3D ( 'NONE', #138, #4846, #1178 ) ;
#3844 = DIRECTION ( 'NONE',  ( 0.000000000000000000, 1.000000000000000000, -0.000000000000000000 ) ) ;
#3845 = PLANE ( 'NONE',  #4876 ) ;
#3846 = FACE_OUTER_BOUND ( 'NONE', #572, .T. ) ;
#3847 = DIRECTION ( 'NONE',  ( -0.3222024856061130316, 0.9466707760722533616, 0.000000000000000000 ) ) ;
#3848 = LINE ( 'NONE', #5655, #6593 ) ;
#3849 = CARTESIAN_POINT ( 'NONE',  ( 1.180891741447563925, 1.436920561992521828, 0.001000000000000000021 ) ) ;
#3850 = ORIENTED_EDGE ( 'NONE', *, *, #857, .T. ) ;
#3851 = VERTEX_POINT ( 'NONE', #5832 ) ;
#3852 = VERTEX_POINT ( 'NONE', #1065 ) ;
#3853 = CARTESIAN_POINT ( 'NONE',  ( 0.7020809517987216530, 1.437485446324686889, 0.000000000000000000 ) ) ;
#3854 = SURFACE_SIDE_STYLE ('',( #3528 ) ) ;
#3855 = AXIS2_PLACEMENT_3D ( 'NONE', #3940, #1189, #4900 ) ;
#3856 = VECTOR ( 'NONE', #4380, 1000.000000000000114 ) ;
#3857 = ORIENTED_EDGE ( 'NONE', *, *, #2857, .F. ) ;
#3858 = DIRECTION ( 'NONE',  ( 1.000000000000000000, -0.000000000000000000, -0.000000000000000000 ) ) ;
#3859 = VERTEX_POINT ( 'NONE', #1140 ) ;
#3860 = ORIENTED_EDGE ( 'NONE', *, *, #5418, .T. ) ;
#3861 = SURFACE_STYLE_FILL_AREA ( #2444 ) ;
#3862 = SURFACE_STYLE_FILL_AREA ( #508 ) ;
#3863 = ORIENTED_EDGE ( 'NONE', *, *, #125, .F. ) ;
#3864 = STYLED_ITEM ( 'NONE', ( #2895 ), #578 ) ;
#3865 =( NAMED_UNIT ( * ) PLANE_ANGLE_UNIT ( ) SI_UNIT ( $, .RADIAN. ) );
#3866 = FILL_AREA_STYLE_COLOUR ( '', #3622 ) ;
#3867 = MECHANICAL_DESIGN_GEOMETRIC_PRESENTATION_REPRESENTATION (  '', ( #4357 ), #1435 ) ;
#3868 = EDGE_CURVE ( 'NONE', #4105, #2601, #5931, .T. ) ;
#3869 = SURFACE_SIDE_STYLE ('',( #3964 ) ) ;
#3870 = B_SPLINE_CURVE_WITH_KNOTS ( 'NONE', 3,
 ( #5127, #1931, #872, #370, #5170, #5677, #1980 ),
 .UNSPECIFIED., .F., .F.,
 ( 4, 1, 1, 1, 4 ),
 ( 0.000000000000000000, 0.3005411131585124518, 0.5677471464835970316, 0.8000336137369759015, 0.9999999999999998890 ),
 .UNSPECIFIED. ) ;
#3871 = VECTOR ( 'NONE', #1645, 1000.000000000000000 ) ;
#3872 = ORIENTED_EDGE ( 'NONE', *, *, #5367, .T. ) ;
#3873 = DIRECTION ( 'NONE',  ( -1.445602896647339163E-16, 1.000000000000000000, -0.000000000000000000 ) ) ;
#3874 =( NAMED_UNIT ( * ) PLANE_ANGLE_UNIT ( ) SI_UNIT ( $, .RADIAN. ) );
#3875 = COLOUR_RGB ( '',1.000000000000000000, 1.000000000000000000, 1.000000000000000000 ) ;
#3876 = STYLED_ITEM ( 'NONE', ( #424 ), #4978 ) ;
#3877 = EDGE_CURVE ( 'NONE', #3707, #2029, #623, .T. ) ;
#3878 = VECTOR ( 'NONE', #5439, 1000.000000000000000 ) ;
#3879 = CARTESIAN_POINT ( 'NONE',  ( 0.8995600794452802695, 1.413006905503889854, 0.000000000000000000 ) ) ;
#3880 = EDGE_LOOP ( 'NONE', ( #6246, #6612, #6312, #4787 ) ) ;
#3881 = SURFACE_STYLE_USAGE ( .BOTH. , #3301 ) ;
#3882 = CARTESIAN_POINT ( 'NONE',  ( 1.500000000000000000, 0.6249999999999998890, 0.000000000000000000 ) ) ;
#3883 = ORIENTED_EDGE ( 'NONE', *, *, #2391, .F. ) ;
#3884 = ORIENTED_EDGE ( 'NONE', *, *, #3238, .F. ) ;
#3885 = AXIS2_PLACEMENT_3D ( 'NONE', #4149, #3651, #937 ) ;
#3886 = CARTESIAN_POINT ( 'NONE',  ( 2.365532012695646217E-16, -0.5000000000000000000, -0.05000000000000000278 ) ) ;
#3887 = LINE ( 'NONE', #931, #2128 ) ;
#3888 = LINE ( 'NONE', #842, #2805 ) ;
#3889 =( NAMED_UNIT ( * ) PLANE_ANGLE_UNIT ( ) SI_UNIT ( $, .RADIAN. ) );
#3890 = CARTESIAN_POINT ( 'NONE',  ( 0.9249086957011607435, 1.259436665836882074, 0.000000000000000000 ) ) ;
#3891 = COLOUR_RGB ( '',1.000000000000000000, 1.000000000000000000, 0.000000000000000000 ) ;
#3892 =( NAMED_UNIT ( * ) SI_UNIT ( $, .STERADIAN. ) SOLID_ANGLE_UNIT ( ) );
#3893 = EDGE_CURVE ( 'NONE', #2701, #533, #2050, .T. ) ;
#3894 = FILL_AREA_STYLE ('',( #4933 ) ) ;
#3895 = CARTESIAN_POINT ( 'NONE',  ( 0.8191541225304289631, 1.340000690227125979, 0.001000000000000000021 ) ) ;
#3896 = VECTOR ( 'NONE', #4075, 1000.000000000000000 ) ;
#3897 = CARTESIAN_POINT ( 'NONE',  ( 1.433788268871892591, 1.237485446324686711, 0.001000000000000000021 ) ) ;
#3898 = PRESENTATION_LAYER_ASSIGNMENT (  '', '', ( #2596 ) ) ;
#3899 = B_SPLINE_SURFACE_WITH_KNOTS ( 'NONE', 3, 1, ( 
 ( #1766, #5536 ),
 ( #3433, #215 ),
 ( #2304, #5511 ),
 ( #5046, #1810 ),
 ( #6098, #1861 ),
 ( #239, #753 ),
 ( #6054, #6566 ),
 ( #1297, #2879 ),
 ( #5558, #1316 ),
 ( #2371, #2920 ),
 ( #3371, #6646 ) ),
 .UNSPECIFIED., .F., .F., .F.,
 ( 4, 1, 1, 1, 1, 1, 1, 1, 4 ),
 ( 2, 2 ),
 ( 0.000000000000000000, 0.1451868664724718649, 0.2834426109197310528, 0.4165243659288317968, 0.5431811235350842981, 0.6651530826377113348, 0.7813602063127150776, 0.8927566556418112809, 1.000000000000000000 ),
 ( 0.000000000000000000, 1.000000000000000000 ),
 .UNSPECIFIED. ) ;
#3900 = LINE ( 'NONE', #1629, #2301 ) ;
#3901 = CARTESIAN_POINT ( 'NONE',  ( 0.9072663542651308033, 1.414470425691307431, 0.000000000000000000 ) ) ;
#3902 = LINE ( 'NONE', #1335, #1380 ) ;
#3903 = SURFACE_SIDE_STYLE ('',( #2539 ) ) ;
#3904 = CARTESIAN_POINT ( 'NONE',  ( 0.8305916916275362105, 1.289019392825649701, 0.001000000000000000021 ) ) ;
#3905 = PRESENTATION_STYLE_ASSIGNMENT (( #6154 ) ) ;
#3906 = MECHANICAL_DESIGN_GEOMETRIC_PRESENTATION_REPRESENTATION (  '', ( #4390 ), #6163 ) ;
#3907 = EDGE_CURVE ( 'NONE', #6753, #732, #6476, .T. ) ;
#3908 = ADVANCED_FACE ( 'NONE', ( #2558 ), #2221, .T. ) ;
#3909 = ORIENTED_EDGE ( 'NONE', *, *, #4703, .T. ) ;
#3910 = B_SPLINE_SURFACE_WITH_KNOTS ( 'NONE', 3, 1, ( 
 ( #552, #2637 ),
 ( #3796, #4288 ),
 ( #1077, #2097 ),
 ( #1614, #1127 ),
 ( #4818, #5346 ),
 ( #1050, #6902 ),
 ( #5883, #4337 ),
 ( #5369, #2662 ),
 ( #6418, #3241 ),
 ( #5815, #4866 ),
 ( #5279, #6348 ),
 ( #3700, #4779 ),
 ( #5321, #3174 ),
 ( #501, #2119 ),
 ( #5839, #3196 ),
 ( #6925, #3722 ),
 ( #528, #4263 ),
 ( #2142, #5863 ),
 ( #3895, #2801 ) ),
 .UNSPECIFIED., .F., .F., .F.,
 ( 4, 1, 1, 1, 1, 1, 1, 1, 1, 1, 1, 1, 1, 1, 1, 1, 4 ),
 ( 2, 2 ),
 ( 0.000000000000000000, 0.06863117867660104010, 0.1345664660386768630, 0.1983281540108809970, 0.2607897666408450221, 0.3219991514841584745, 0.3827217465030195442, 0.4435374740357291845, 0.5051334294849250117, 0.5662138747646717762, 0.6261058646175461373, 0.6853493221605171382, 0.7449958703477970179, 0.8054158418145624942, 0.8676362663459531444, 0.9323077823023293575, 1.000000000000000000 ),
 ( 0.000000000000000000, 1.000000000000000000 ),
 .UNSPECIFIED. ) ;
#3911 =( NAMED_UNIT ( * ) SI_UNIT ( $, .STERADIAN. ) SOLID_ANGLE_UNIT ( ) );
#3912 = CARTESIAN_POINT ( 'NONE',  ( 1.252965003192492821, 1.432823731887828300, 0.001000000000000000021 ) ) ;
#3913 = VECTOR ( 'NONE', #4332, 1000.000000000000000 ) ;
#3914 = DIRECTION ( 'NONE',  ( 1.000000000000000000, 0.000000000000000000, 0.000000000000000000 ) ) ;
#3915 = CARTESIAN_POINT ( 'NONE',  ( 1.199036181037453241, 1.439467179961714249, 0.000000000000000000 ) ) ;
#3916 =( NAMED_UNIT ( * ) PLANE_ANGLE_UNIT ( ) SI_UNIT ( $, .RADIAN. ) );
#3917 =( GEOMETRIC_REPRESENTATION_CONTEXT ( 3 ) GLOBAL_UNCERTAINTY_ASSIGNED_CONTEXT ( ( #3406 ) ) GLOBAL_UNIT_ASSIGNED_CONTEXT ( ( #2380, #3458, #6061 ) ) REPRESENTATION_CONTEXT ( 'NONE', 'WORKASPACE' ) );
#3918 = EDGE_CURVE ( 'NONE', #3974, #4181, #4473, .T. ) ;
#3919 = VECTOR ( 'NONE', #3164, 1000.000000000000000 ) ;
#3920 = LINE ( 'NONE', #2141, #6395 ) ;
#3921 = CARTESIAN_POINT ( 'NONE',  ( 1.126471195701160832, 1.237485446324686711, 0.001000000000000000021 ) ) ;
#3922 = FACE_OUTER_BOUND ( 'NONE', #4267, .T. ) ;
#3923 = CARTESIAN_POINT ( 'NONE',  ( 0.8199999999999997291, -1.189999999999999947, 0.000000000000000000 ) ) ;
#3924 = VERTEX_POINT ( 'NONE', #3231 ) ;
#3925 = SURFACE_SIDE_STYLE ('',( #6826 ) ) ;
#3926 = FILL_AREA_STYLE_COLOUR ( '', #6488 ) ;
#3927 = SURFACE_STYLE_FILL_AREA ( #6041 ) ;
#3928 = CARTESIAN_POINT ( 'NONE',  ( 0.7494132688718924129, 1.315534226812491658, 0.001000000000000000021 ) ) ;
#3929 = EDGE_LOOP ( 'NONE', ( #1853, #4088, #1053, #140, #2315 ) ) ;
#3930 = UNCERTAINTY_MEASURE_WITH_UNIT (LENGTH_MEASURE( 1.000000000000000082E-05 ), #617, 'distance_accuracy_value', 'NONE');
#3931 = AXIS2_PLACEMENT_3D ( 'NONE', #1872, #2404, #2845 ) ;
#3932 =( NAMED_UNIT ( * ) SI_UNIT ( $, .STERADIAN. ) SOLID_ANGLE_UNIT ( ) );
#3933 = ADVANCED_FACE ( 'NONE', ( #4312 ), #145, .T. ) ;
#3934 = PRESENTATION_STYLE_ASSIGNMENT (( #3294 ) ) ;
#3935 = UNCERTAINTY_MEASURE_WITH_UNIT (LENGTH_MEASURE( 1.000000000000000082E-05 ), #364, 'distance_accuracy_value', 'NONE');
#3936 = FACE_OUTER_BOUND ( 'NONE', #3244, .T. ) ;
#3937 = ORIENTED_EDGE ( 'NONE', *, *, #4806, .T. ) ;
#3938 = CARTESIAN_POINT ( 'NONE',  ( 1.331349244481648597, 1.259436665836882074, 0.001000000000000000021 ) ) ;
#3939 = CARTESIAN_POINT ( 'NONE',  ( 1.310440101781073841, 1.366913143773170303, 0.001000000000000000021 ) ) ;
#3940 = CARTESIAN_POINT ( 'NONE',  ( 1.100000000000000311, 1.125000000000000000, 0.2000000000000000111 ) ) ;
#3941 = VECTOR ( 'NONE', #2116, 1000.000000000000000 ) ;
#3942 = EDGE_LOOP ( 'NONE', ( #4082, #3502, #1440, #3099, #4504, #6000 ) ) ;
#3943 = STYLED_ITEM ( 'NONE', ( #4189 ), #1802 ) ;
#3944 = ORIENTED_EDGE ( 'NONE', *, *, #6535, .T. ) ;
#3945 =( NAMED_UNIT ( * ) SI_UNIT ( $, .STERADIAN. ) SOLID_ANGLE_UNIT ( ) );
#3946 = CARTESIAN_POINT ( 'NONE',  ( 1.406959000579209640, 1.259436665836882074, 0.001000000000000000021 ) ) ;
#3947 = CARTESIAN_POINT ( 'NONE',  ( 1.509999999999999343, -0.3750000000000000555, -0.05000000000000000278 ) ) ;
#3948 = LINE ( 'NONE', #4083, #1502 ) ;
#3949 = CARTESIAN_POINT ( 'NONE',  ( 1.170807663845150559, 1.408255090562148260, 0.001000000000000000021 ) ) ;
#3950 = ORIENTED_EDGE ( 'NONE', *, *, #199, .T. ) ;
#3951 = CARTESIAN_POINT ( 'NONE',  ( 0.8488496235617685182, 1.265352060947839474, 0.000000000000000000 ) ) ;
#3952 =( NAMED_UNIT ( * ) SI_UNIT ( $, .STERADIAN. ) SOLID_ANGLE_UNIT ( ) );
#3953 = STYLED_ITEM ( 'NONE', ( #5644 ), #2960 ) ;
#3954 = SURFACE_SIDE_STYLE ('',( #1868 ) ) ;
#3955 = CARTESIAN_POINT ( 'NONE',  ( 0.000000000000000000, 1.000000000000000000, 0.2000000000000000111 ) ) ;
#3956 = ORIENTED_EDGE ( 'NONE', *, *, #2325, .F. ) ;
#3957 = ORIENTED_EDGE ( 'NONE', *, *, #6803, .F. ) ;
#3958 = CARTESIAN_POINT ( 'NONE',  ( 0.7154469052811697205, 1.411557727628049319, -0.000000000000000000 ) ) ;
#3959 = DIRECTION ( 'NONE',  ( -1.000000000000000000, 0.000000000000000000, 0.000000000000000000 ) ) ;
#3960 = AXIS2_PLACEMENT_3D ( 'NONE', #6604, #3959, #5014 ) ;
#3961 = EDGE_CURVE ( 'NONE', #5282, #4351, #2218, .T. ) ;
#3962 = VERTEX_POINT ( 'NONE', #5449 ) ;
#3963 = CARTESIAN_POINT ( 'NONE',  ( 1.312663473461766150, 1.356354344682132229, 0.001000000000000000021 ) ) ;
#3964 = SURFACE_STYLE_FILL_AREA ( #5969 ) ;
#3965 = VECTOR ( 'NONE', #4372, 1000.000000000000000 ) ;
#3966 = FILL_AREA_STYLE_COLOUR ( '', #1467 ) ;
#3967 = ORIENTED_EDGE ( 'NONE', *, *, #3772, .T. ) ;
#3968 = FILL_AREA_STYLE ('',( #2389 ) ) ;
#3969 = MECHANICAL_DESIGN_GEOMETRIC_PRESENTATION_REPRESENTATION (  '', ( #1803 ), #5960 ) ;
#3970 = EDGE_CURVE ( 'NONE', #1902, #1002, #4065, .T. ) ;
#3971 = LINE ( 'NONE', #5736, #1113 ) ;
#3972 = CARTESIAN_POINT ( 'NONE',  ( 0.8263932744054869328, 1.298106127895539252, 0.001000000000000000021 ) ) ;
#3973 = CARTESIAN_POINT ( 'NONE',  ( 1.500000000000000222, -0.8750000000000003331, 0.000000000000000000 ) ) ;
#3974 = VERTEX_POINT ( 'NONE', #3938 ) ;
#3975 = CARTESIAN_POINT ( 'NONE',  ( 0.8418692136480953048, 1.272620372401458422, 0.001000000000000000021 ) ) ;
#3976 = MECHANICAL_DESIGN_GEOMETRIC_PRESENTATION_REPRESENTATION (  '', ( #1587 ), #6013 ) ;
#3977 = PRESENTATION_LAYER_ASSIGNMENT (  '', '', ( #4418 ) ) ;
#3978 = B_SPLINE_SURFACE_WITH_KNOTS ( 'NONE', 3, 1, ( 
 ( #6433, #4281 ),
 ( #3255, #4770 ),
 ( #5309, #3761 ),
 ( #544, #4325 ),
 ( #1651, #1117 ),
 ( #4813, #2652 ),
 ( #1067, #565 ),
 ( #5381, #490 ),
 ( #2196, #5924 ),
 ( #6340, #4303 ),
 ( #4231, #6362 ) ),
 .UNSPECIFIED., .F., .F., .F.,
 ( 4, 1, 1, 1, 1, 1, 1, 1, 4 ),
 ( 2, 2 ),
 ( 0.000000000000000000, 0.1124483899088015437, 0.2265276752126758886, 0.3444019493260268572, 0.4658649724874586173, 0.5916594493521168951, 0.7221684870248867849, 0.8586063875549251323, 1.000000000000000000 ),
 ( 0.000000000000000000, 1.000000000000000000 ),
 .UNSPECIFIED. ) ;
#3979 = FILL_AREA_STYLE ('',( #1867 ) ) ;
#3980 =( NAMED_UNIT ( * ) PLANE_ANGLE_UNIT ( ) SI_UNIT ( $, .RADIAN. ) );
#3981 = SURFACE_STYLE_FILL_AREA ( #3837 ) ;
#3982 = PRESENTATION_STYLE_ASSIGNMENT (( #6206 ) ) ;
#3983 = CARTESIAN_POINT ( 'NONE',  ( 1.099999999999998535, -1.125000000000000222, 0.2000000000000000111 ) ) ;
#3984 = FILL_AREA_STYLE_COLOUR ( '', #2500 ) ;
#3985 = ADVANCED_FACE ( 'NONE', ( #4635 ), #170, .F. ) ;
#3986 = LINE ( 'NONE', #5176, #6140 ) ;
#3987 = CARTESIAN_POINT ( 'NONE',  ( 1.331349244481648597, 1.259436665836882074, 0.001000000000000000021 ) ) ;
#3988 = STYLED_ITEM ( 'NONE', ( #1572 ), #2364 ) ;
#3989 = DIRECTION ( 'NONE',  ( 1.000000000000000000, -5.090151044532885332E-17, 0.000000000000000000 ) ) ;
#3990 = CARTESIAN_POINT ( 'NONE',  ( 0.8357971035602683729, 1.280545677420990680, 0.001000000000000000021 ) ) ;
#3991 = VECTOR ( 'NONE', #4253, 1000.000000000000000 ) ;
#3992 =( GEOMETRIC_REPRESENTATION_CONTEXT ( 3 ) GLOBAL_UNCERTAINTY_ASSIGNED_CONTEXT ( ( #6560 ) ) GLOBAL_UNIT_ASSIGNED_CONTEXT ( ( #2375, #6699, #263 ) ) REPRESENTATION_CONTEXT ( 'NONE', 'WORKASPACE' ) );
#3993 = EDGE_CURVE ( 'NONE', #1813, #5641, #6811, .T. ) ;
#3994 = LINE ( 'NONE', #3897, #3738 ) ;
#3995 = ORIENTED_EDGE ( 'NONE', *, *, #2659, .F. ) ;
#3996 = DIRECTION ( 'NONE',  ( 1.000000000000000000, 0.000000000000000000, 0.000000000000000000 ) ) ;
#3997 = CARTESIAN_POINT ( 'NONE',  ( 1.298280843906858273, 1.395086717804594256, 0.001000000000000000021 ) ) ;
#3998 = LINE ( 'NONE', #6636, #1898 ) ;
#3999 = FILL_AREA_STYLE ('',( #1846 ) ) ;
#4000 = FILL_AREA_STYLE ('',( #1847 ) ) ;
#4001 = ORIENTED_EDGE ( 'NONE', *, *, #2462, .F. ) ;
#4002 = DIRECTION ( 'NONE',  ( 0.000000000000000000, 0.000000000000000000, -1.000000000000000000 ) ) ;
#4003 = CARTESIAN_POINT ( 'NONE',  ( 1.499999999999999778, 1.500000000000000000, 0.1999999999999999833 ) ) ;
#4004 = MECHANICAL_DESIGN_GEOMETRIC_PRESENTATION_REPRESENTATION (  '', ( #2935 ), #3297 ) ;
#4005 = EDGE_CURVE ( 'NONE', #944, #1582, #5211, .T. ) ;
#4006 = DIRECTION ( 'NONE',  ( 1.000000000000000000, -0.000000000000000000, -0.000000000000000000 ) ) ;
#4007 = LINE ( 'NONE', #6777, #1496 ) ;
#4008 = CARTESIAN_POINT ( 'NONE',  ( 1.165495585945063306, 1.405168373153955041, 0.001000000000000000021 ) ) ;
#4009 = LINE ( 'NONE', #6833, #2083 ) ;
#4010 = ADVANCED_FACE ( 'NONE', ( #2379 ), #4991, .F. ) ;
#4011 = CARTESIAN_POINT ( 'NONE',  ( 1.187853293109085051, 1.414830476248121416, 0.000000000000000000 ) ) ;
#4012 = EDGE_LOOP ( 'NONE', ( #2419, #5444, #4932, #1242 ) ) ;
#4013 = UNCERTAINTY_MEASURE_WITH_UNIT (LENGTH_MEASURE( 1.000000000000000082E-05 ), #4385, 'distance_accuracy_value', 'NONE');
#4014 = B_SPLINE_SURFACE_WITH_KNOTS ( 'NONE', 3, 1, ( 
 ( #2450, #5678 ),
 ( #6178, #4072 ),
 ( #2501, #371 ),
 ( #1932, #3479 ),
 ( #6743, #5656 ),
 ( #2477, #1911 ),
 ( #2401, #6131 ),
 ( #6224, #4026 ),
 ( #4593, #5129 ),
 ( #4552, #3042 ),
 ( #6703, #6770 ),
 ( #4112, #6151 ),
 ( #807, #1353 ),
 ( #3568, #5615 ),
 ( #4052, #4620 ),
 ( #1421, #4532 ),
 ( #5076, #1328 ),
 ( #833, #307 ),
 ( #854, #6201 ) ),
 .UNSPECIFIED., .F., .F., .F.,
 ( 4, 1, 1, 1, 1, 1, 1, 1, 1, 1, 1, 1, 1, 1, 1, 1, 4 ),
 ( 2, 2 ),
 ( 0.000000000000000000, 0.07064371857535321764, 0.1382567155089041433, 0.2033641242175798503, 0.2663240938030568827, 0.3279047615429896978, 0.3887377151730925795, 0.4494235281093023060, 0.5108610114593158391, 0.5720793960475140105, 0.6317344287314452522, 0.6911172105788382369, 0.7503600294901704437, 0.8100329005312619790, 0.8713624508287358683, 0.9344271412311535574, 1.000000000000000000 ),
 ( 0.000000000000000000, 1.000000000000000000 ),
 .UNSPECIFIED. ) ;
#4015 = CARTESIAN_POINT ( 'NONE',  ( 1.099999999999999423, -0.3750000000000000555, 0.2000000000000000111 ) ) ;
#4016 =( GEOMETRIC_REPRESENTATION_CONTEXT ( 3 ) GLOBAL_UNCERTAINTY_ASSIGNED_CONTEXT ( ( #6005 ) ) GLOBAL_UNIT_ASSIGNED_CONTEXT ( ( #3131, #436, #2591 ) ) REPRESENTATION_CONTEXT ( 'NONE', 'WORKASPACE' ) );
#4017 = ORIENTED_EDGE ( 'NONE', *, *, #4755, .T. ) ;
#4018 = EDGE_LOOP ( 'NONE', ( #2235, #2932, #4684, #122, #1028, #1967, #3601, #962 ) ) ;
#4019 = COLOUR_RGB ( '',1.000000000000000000, 1.000000000000000000, 1.000000000000000000 ) ;
#4020 = SURFACE_STYLE_FILL_AREA ( #2794 ) ;
#4021 = ORIENTED_EDGE ( 'NONE', *, *, #1106, .T. ) ;
#4022 = DIRECTION ( 'NONE',  ( 1.000000000000000000, 0.000000000000000000, 0.000000000000000000 ) ) ;
#4023 = ORIENTED_EDGE ( 'NONE', *, *, #3593, .F. ) ;
#4024 = EDGE_LOOP ( 'NONE', ( #6357, #2170, #5028, #4021, #3860, #1310 ) ) ;
#4025 = CARTESIAN_POINT ( 'NONE',  ( 1.257517436827845669, 1.268791864647075718, 0.000000000000000000 ) ) ;
#4026 = CARTESIAN_POINT ( 'NONE',  ( 1.298280843906858273, 1.395086717804594256, 0.000000000000000000 ) ) ;
#4027 = AXIS2_PLACEMENT_3D ( 'NONE', #4994, #6037, #689 ) ;
#4028 = LINE ( 'NONE', #5495, #2430 ) ;
#4029 = PLANE ( 'NONE',  #3807 ) ;
#4030 = EDGE_LOOP ( 'NONE', ( #1424, #5711, #5920, #1430, #1499, #6886 ) ) ;
#4031 = DIRECTION ( 'NONE',  ( 0.7071067811865474617, 0.7071067811865474617, 0.000000000000000000 ) ) ;
#4032 = VERTEX_POINT ( 'NONE', #6507 ) ;
#4033 = SURFACE_STYLE_USAGE ( .BOTH. , #1336 ) ;
#4034 = CARTESIAN_POINT ( 'NONE',  ( -1.100000000000000311, 0.3749999999999999445, -0.05000000000000000278 ) ) ;
#4035 = VECTOR ( 'NONE', #6541, 1000.000000000000000 ) ;
#4036 = ORIENTED_EDGE ( 'NONE', *, *, #2487, .F. ) ;
#4037 = ORIENTED_EDGE ( 'NONE', *, *, #1385, .F. ) ;
#4038 = PRESENTATION_LAYER_ASSIGNMENT (  '', '', ( #1026 ) ) ;
#4039 = EDGE_CURVE ( 'NONE', #2195, #513, #6122, .T. ) ;
#4040 =( LENGTH_UNIT ( ) NAMED_UNIT ( * ) SI_UNIT ( .MILLI., .METRE. ) );
#4041 = VECTOR ( 'NONE', #5948, 1000.000000000000000 ) ;
#4042 = LINE ( 'NONE', #2213, #5273 ) ;
#4043 = ORIENTED_EDGE ( 'NONE', *, *, #4276, .T. ) ;
#4044 = CARTESIAN_POINT ( 'NONE',  ( -1.500000000000000222, 1.500000000000000000, 0.000000000000000000 ) ) ;
#4045 = MECHANICAL_DESIGN_GEOMETRIC_PRESENTATION_REPRESENTATION (  '', ( #329 ), #5717 ) ;
#4046 = EDGE_CURVE ( 'NONE', #4417, #1364, #6806, .T. ) ;
#4047 =( NAMED_UNIT ( * ) SI_UNIT ( $, .STERADIAN. ) SOLID_ANGLE_UNIT ( ) );
#4048 = COLOUR_RGB ( '',1.000000000000000000, 1.000000000000000000, 0.000000000000000000 ) ;
#4049 =( GEOMETRIC_REPRESENTATION_CONTEXT ( 3 ) GLOBAL_UNCERTAINTY_ASSIGNED_CONTEXT ( ( #400 ) ) GLOBAL_UNIT_ASSIGNED_CONTEXT ( ( #5341, #2157, #6056 ) ) REPRESENTATION_CONTEXT ( 'NONE', 'WORKASPACE' ) );
#4050 = SURFACE_SIDE_STYLE ('',( #3435 ) ) ;
#4051 = ORIENTED_EDGE ( 'NONE', *, *, #6428, .T. ) ;
#4052 = CARTESIAN_POINT ( 'NONE',  ( 1.243537954925542532, 1.435991184460772674, 0.001000000000000000021 ) ) ;
#4053 = FILL_AREA_STYLE ('',( #308 ) ) ;
#4054 = CARTESIAN_POINT ( 'NONE',  ( -1.099999999999999867, -1.125000000000000222, 0.2000000000000000111 ) ) ;
#4055 = CARTESIAN_POINT ( 'NONE',  ( 1.251645340800362272, 1.265165399280920644, 0.000000000000000000 ) ) ;
#4056 = VECTOR ( 'NONE', #5559, 1000.000000000000000 ) ;
#4057 = UNCERTAINTY_MEASURE_WITH_UNIT (LENGTH_MEASURE( 1.000000000000000082E-05 ), #2859, 'distance_accuracy_value', 'NONE');
#4058 = FILL_AREA_STYLE ('',( #6749 ) ) ;
#4059 = SURFACE_SIDE_STYLE ('',( #5712 ) ) ;
#4060 = ADVANCED_FACE ( 'NONE', ( #543 ), #759, .F. ) ;
#4061 = PRESENTATION_LAYER_ASSIGNMENT (  '', '', ( #3685 ) ) ;
#4062 = EDGE_CURVE ( 'NONE', #3185, #6692, #6546, .T. ) ;
#4063 = SURFACE_STYLE_FILL_AREA ( #2468 ) ;
#4064 = PRESENTATION_STYLE_ASSIGNMENT (( #1138 ) ) ;
#4065 = LINE ( 'NONE', #1230, #5458 ) ;
#4066 = CARTESIAN_POINT ( 'NONE',  ( -1.510000000000000009, -0.6250000000000001110, 0.2000000000000000111 ) ) ;
#4067 = DIRECTION ( 'NONE',  ( -1.000000000000000000, 0.000000000000000000, 0.000000000000000000 ) ) ;
#4068 = VECTOR ( 'NONE', #1722, 1000.000000000000000 ) ;
#4069 = AXIS2_PLACEMENT_3D ( 'NONE', #1453, #3579, #3602 ) ;
#4070 =( NAMED_UNIT ( * ) SI_UNIT ( $, .STERADIAN. ) SOLID_ANGLE_UNIT ( ) );
#4071 = CARTESIAN_POINT ( 'NONE',  ( 1.223997886060241402, 1.235123853351413281, 0.000000000000000000 ) ) ;
#4072 = CARTESIAN_POINT ( 'NONE',  ( 1.314188969058908363, 1.337603682692987572, 0.000000000000000000 ) ) ;
#4073 = SURFACE_SIDE_STYLE ('',( #4230 ) ) ;
#4074 = DIRECTION ( 'NONE',  ( 1.000000000000000000, 0.000000000000000000, 0.000000000000000000 ) ) ;
#4075 = DIRECTION ( 'NONE',  ( 0.000000000000000000, 0.000000000000000000, -1.000000000000000000 ) ) ;
#4076 = CARTESIAN_POINT ( 'NONE',  ( 1.100000000000000311, 1.125000000000000000, -0.05000000000000000278 ) ) ;
#4077 = STYLED_ITEM ( 'NONE', ( #2573 ), #2656 ) ;
#4078 = SURFACE_STYLE_FILL_AREA ( #2543 ) ;
#4079 = CARTESIAN_POINT ( 'NONE',  ( 0.7561586957011606769, 1.293583007300296517, 0.001000000000000000021 ) ) ;
#4080 =( LENGTH_UNIT ( ) NAMED_UNIT ( * ) SI_UNIT ( .MILLI., .METRE. ) );
#4081 = FILL_AREA_STYLE ('',( #5280 ) ) ;
#4082 = ORIENTED_EDGE ( 'NONE', *, *, #846, .F. ) ;
#4083 = CARTESIAN_POINT ( 'NONE',  ( -1.105173908670702643, 1.206650258449453395, 0.8489999999999999769 ) ) ;
#4084 = EDGE_CURVE ( 'NONE', #343, #1061, #6457, .T. ) ;
#4085 = LINE ( 'NONE', #5849, #5319 ) ;
#4086 = ADVANCED_FACE ( 'NONE', ( #3549 ), #2968, .T. ) ;
#4087 = APPLICATION_PROTOCOL_DEFINITION ( 'draft international standard', 'automotive_design', 1998, #4568 ) ;
#4088 = ORIENTED_EDGE ( 'NONE', *, *, #1445, .F. ) ;
#4089 = ORIENTED_EDGE ( 'NONE', *, *, #2487, .T. ) ;
#4090 = SURFACE_STYLE_USAGE ( .BOTH. , #350 ) ;
#4091 = CARTESIAN_POINT ( 'NONE',  ( 1.224442677575279914, 1.257193858175102985, 0.000000000000000000 ) ) ;
#4092 = SURFACE_SIDE_STYLE ('',( #2711 ) ) ;
#4093 = ORIENTED_EDGE ( 'NONE', *, *, #2172, .F. ) ;
#4094 = ORIENTED_EDGE ( 'NONE', *, *, #4755, .F. ) ;
#4095 = FILL_AREA_STYLE_COLOUR ( '', #5981 ) ;
#4096 = UNCERTAINTY_MEASURE_WITH_UNIT (LENGTH_MEASURE( 1.000000000000000082E-05 ), #1809, 'distance_accuracy_value', 'NONE');
#4097 = MECHANICAL_DESIGN_GEOMETRIC_PRESENTATION_REPRESENTATION (  '', ( #5505 ), #5601 ) ;
#4098 = EDGE_CURVE ( 'NONE', #2337, #2228, #2209, .T. ) ;
#4099 = CARTESIAN_POINT ( 'NONE',  ( 1.282717691851730235, 1.303078998695904600, 0.001000000000000000021 ) ) ;
#4100 = CARTESIAN_POINT ( 'NONE',  ( 0.9128103975685207816, 1.437242968191864367, 0.000000000000000000 ) ) ;
#4101 = PLANE ( 'NONE',  #497 ) ;
#4102 = SURFACE_STYLE_FILL_AREA ( #3999 ) ;
#4103 = ORIENTED_EDGE ( 'NONE', *, *, #187, .F. ) ;
#4104 = PLANE ( 'NONE',  #2122 ) ;
#4105 = VERTEX_POINT ( 'NONE', #219 ) ;
#4106 = CARTESIAN_POINT ( 'NONE',  ( 0.8789385826073159436, 1.404907881513281387, 0.000000000000000000 ) ) ;
#4107 =( NAMED_UNIT ( * ) SI_UNIT ( $, .STERADIAN. ) SOLID_ANGLE_UNIT ( ) );
#4108 = VECTOR ( 'NONE', #4530, 1000.000000000000000 ) ;
#4109 = ORIENTED_EDGE ( 'NONE', *, *, #3763, .F. ) ;
#4110 = ORIENTED_EDGE ( 'NONE', *, *, #3094, .T. ) ;
#4111 = ORIENTED_EDGE ( 'NONE', *, *, #3818, .F. ) ;
#4112 = CARTESIAN_POINT ( 'NONE',  ( 1.270329446393897443, 1.423634130827882593, 0.001000000000000000021 ) ) ;
#4113 = PRESENTATION_LAYER_ASSIGNMENT (  '', '', ( #1960 ) ) ;
#4114 = ADVANCED_FACE ( 'NONE', ( #6288 ), #4569, .T. ) ;
#4115 = DIRECTION ( 'NONE',  ( -1.000000000000000000, 0.000000000000000000, 0.000000000000000000 ) ) ;
#4116 = CARTESIAN_POINT ( 'NONE',  ( 1.272609678046165538, 1.283600358982986522, 0.000000000000000000 ) ) ;
#4117 = VERTEX_POINT ( 'NONE', #303 ) ;
#4118 = DIRECTION ( 'NONE',  ( -1.000000000000000000, 0.000000000000000000, 0.000000000000000000 ) ) ;
#4119 =( NAMED_UNIT ( * ) PLANE_ANGLE_UNIT ( ) SI_UNIT ( $, .RADIAN. ) );
#4120 = CARTESIAN_POINT ( 'NONE',  ( 1.099999999999999423, -0.3750000000000000555, -0.05000000000000000278 ) ) ;
#4121 =( LENGTH_UNIT ( ) NAMED_UNIT ( * ) SI_UNIT ( .MILLI., .METRE. ) );
#4122 = MECHANICAL_DESIGN_GEOMETRIC_PRESENTATION_REPRESENTATION (  '', ( #6665 ), #5182 ) ;
#4123 = PRESENTATION_LAYER_ASSIGNMENT (  '', '', ( #3762 ) ) ;
#4124 = EDGE_CURVE ( 'NONE', #2601, #1397, #5701, .T. ) ;
#4125 = ORIENTED_EDGE ( 'NONE', *, *, #2198, .T. ) ;
#4126 = CARTESIAN_POINT ( 'NONE',  ( 0.9128103975685207816, 1.437242968191864367, 0.001000000000000000021 ) ) ;
#4127 = CARTESIAN_POINT ( 'NONE',  ( 0.8929822605906170274, 1.241209132398439996, 0.000000000000000000 ) ) ;
#4128 = FILL_AREA_STYLE ('',( #4217 ) ) ;
#4129 = LINE ( 'NONE', #5203, #6368 ) ;
#4130 = CARTESIAN_POINT ( 'NONE',  ( 1.235526770890558623, 1.415000155536823678, 0.001000000000000000021 ) ) ;
#4131 = PRESENTATION_STYLE_ASSIGNMENT (( #1095 ) ) ;
#4132 = UNCERTAINTY_MEASURE_WITH_UNIT (LENGTH_MEASURE( 1.000000000000000082E-05 ), #11, 'distance_accuracy_value', 'NONE');
#4133 = AXIS2_PLACEMENT_3D ( 'NONE', #2945, #278, #824 ) ;
#4134 = EDGE_CURVE ( 'NONE', #1894, #1142, #3045, .T. ) ;
#4135 = CARTESIAN_POINT ( 'NONE',  ( -0.5699999999999998401, 1.189999999999999947, 0.000000000000000000 ) ) ;
#4136 =( NAMED_UNIT ( * ) SI_UNIT ( $, .STERADIAN. ) SOLID_ANGLE_UNIT ( ) );
#4137 = UNCERTAINTY_MEASURE_WITH_UNIT (LENGTH_MEASURE( 1.000000000000000082E-05 ), #4491, 'distance_accuracy_value', 'NONE');
#4138 =( NAMED_UNIT ( * ) SI_UNIT ( $, .STERADIAN. ) SOLID_ANGLE_UNIT ( ) );
#4139 =( LENGTH_UNIT ( ) NAMED_UNIT ( * ) SI_UNIT ( .MILLI., .METRE. ) );
#4140 = CARTESIAN_POINT ( 'NONE',  ( 1.279950070813942631, 1.296126797480598558, 0.001000000000000000021 ) ) ;
#4141 = DIRECTION ( 'NONE',  ( 1.445602896647339163E-16, -1.000000000000000000, 0.000000000000000000 ) ) ;
#4142 = CARTESIAN_POINT ( 'NONE',  ( 1.100000000000000311, -0.1250000000000000555, -0.05000000000000000278 ) ) ;
#4143 = LINE ( 'NONE', #4324, #783 ) ;
#4144 = AXIS2_PLACEMENT_3D ( 'NONE', #3101, #3626, #430 ) ;
#4145 = DIRECTION ( 'NONE',  ( 0.000000000000000000, -0.000000000000000000, 1.000000000000000000 ) ) ;
#4146 = SURFACE_STYLE_USAGE ( .BOTH. , #5767 ) ;
#4147 = SURFACE_SIDE_STYLE ('',( #5643 ) ) ;
#4148 = DIRECTION ( 'NONE',  ( 0.000000000000000000, 0.000000000000000000, -1.000000000000000000 ) ) ;
#4149 = CARTESIAN_POINT ( 'NONE',  ( 1.099641927408477882, 1.327729348763711181, 0.001000000000000000021 ) ) ;
#4150 = FILL_AREA_STYLE_COLOUR ( '', #2409 ) ;
#4151 = CARTESIAN_POINT ( 'NONE',  ( 1.230787404993245460, 1.235275279184535169, 0.000000000000000000 ) ) ;
#4152 = FACE_OUTER_BOUND ( 'NONE', #6021, .T. ) ;
#4153 = VECTOR ( 'NONE', #1268, 1000.000000000000000 ) ;
#4154 = ORIENTED_EDGE ( 'NONE', *, *, #930, .T. ) ;
#4155 = SURFACE_STYLE_USAGE ( .BOTH. , #4178 ) ;
#4156 = CARTESIAN_POINT ( 'NONE',  ( 1.100000000000000311, 1.125000000000000000, -0.05000000000000000278 ) ) ;
#4157 = ORIENTED_EDGE ( 'NONE', *, *, #3456, .T. ) ;
#4158 =( NAMED_UNIT ( * ) SI_UNIT ( $, .STERADIAN. ) SOLID_ANGLE_UNIT ( ) );
#4159 = DIRECTION ( 'NONE',  ( 0.000000000000000000, 0.000000000000000000, -1.000000000000000000 ) ) ;
#4160 =( LENGTH_UNIT ( ) NAMED_UNIT ( * ) SI_UNIT ( .MILLI., .METRE. ) );
#4161 = AXIS2_PLACEMENT_3D ( 'NONE', #3419, #5569, #5083 ) ;
#4162 = EDGE_CURVE ( 'NONE', #3834, #1413, #2721, .T. ) ;
#4163 = VERTEX_POINT ( 'NONE', #5051 ) ;
#4164 = EDGE_LOOP ( 'NONE', ( #5336, #2774, #3365, #1615 ) ) ;
#4165 = CARTESIAN_POINT ( 'NONE',  ( 0.8565267695416061144, 1.417315342461728189, 0.001000000000000000021 ) ) ;
#4166 = FACE_OUTER_BOUND ( 'NONE', #1330, .T. ) ;
#4167 = DIRECTION ( 'NONE',  ( 0.000000000000000000, 0.000000000000000000, -1.000000000000000000 ) ) ;
#4168 = ORIENTED_EDGE ( 'NONE', *, *, #3062, .T. ) ;
#4169 = CARTESIAN_POINT ( 'NONE',  ( 1.099999999999999423, -0.3750000000000000555, 0.2000000000000000111 ) ) ;
#4170 =( GEOMETRIC_REPRESENTATION_CONTEXT ( 3 ) GLOBAL_UNCERTAINTY_ASSIGNED_CONTEXT ( ( #2506 ) ) GLOBAL_UNIT_ASSIGNED_CONTEXT ( ( #2610, #2115, #6366 ) ) REPRESENTATION_CONTEXT ( 'NONE', 'WORKASPACE' ) );
#4171 = EDGE_CURVE ( 'NONE', #4181, #480, #1447, .T. ) ;
#4172 = STYLED_ITEM ( 'NONE', ( #4131 ), #747 ) ;
#4173 = DIRECTION ( 'NONE',  ( 0.000000000000000000, 0.000000000000000000, -1.000000000000000000 ) ) ;
#4174 = ORIENTED_EDGE ( 'NONE', *, *, #1357, .T. ) ;
#4175 = ORIENTED_EDGE ( 'NONE', *, *, #4098, .F. ) ;
#4176 = CARTESIAN_POINT ( 'NONE',  ( 1.288918777250512848, 1.261997916379497431, 0.001000000000000000021 ) ) ;
#4177 = COLOUR_RGB ( '',1.000000000000000000, 1.000000000000000000, 1.000000000000000000 ) ;
#4178 = SURFACE_SIDE_STYLE ('',( #72 ) ) ;
#4179 = PRESENTATION_LAYER_ASSIGNMENT (  '', '', ( #462 ) ) ;
#4180 = EDGE_CURVE ( 'NONE', #2255, #2695, #5364, .T. ) ;
#4181 = VERTEX_POINT ( 'NONE', #6718 ) ;
#4182 = CARTESIAN_POINT ( 'NONE',  ( 1.499999999999999778, 1.500000000000000000, 0.8499999999999999778 ) ) ;
#4183 = VERTEX_POINT ( 'NONE', #2470 ) ;
#4184 = CARTESIAN_POINT ( 'NONE',  ( 1.171026794217814526, 1.266687081940326420, 0.001000000000000000021 ) ) ;
#4185 = DIRECTION ( 'NONE',  ( -2.168404344971008868E-16, 1.000000000000000000, 0.000000000000000000 ) ) ;
#4186 = ADVANCED_FACE ( 'NONE', ( #207 ), #849, .T. ) ;
#4187 = CARTESIAN_POINT ( 'NONE',  ( 0.7126373542377459902, 1.399070812178345280, 0.001000000000000000021 ) ) ;
#4188 = PRESENTATION_STYLE_ASSIGNMENT (( #3561 ) ) ;
#4189 = PRESENTATION_STYLE_ASSIGNMENT (( #761 ) ) ;
#4190 = CARTESIAN_POINT ( 'NONE',  ( -1.100000000000000089, -0.3750000000000000555, 0.2000000000000000111 ) ) ;
#4191 = ORIENTED_EDGE ( 'NONE', *, *, #4887, .F. ) ;
#4192 = CARTESIAN_POINT ( 'NONE',  ( 0.8358050677545354468, 1.396760303174782614, 0.001000000000000000021 ) ) ;
#4193 = FILL_AREA_STYLE_COLOUR ( '', #4019 ) ;
#4194 = VECTOR ( 'NONE', #49, 1000.000000000000000 ) ;
#4195 = MECHANICAL_DESIGN_GEOMETRIC_PRESENTATION_REPRESENTATION (  '', ( #132 ), #829 ) ;
#4196 = FACE_OUTER_BOUND ( 'NONE', #150, .T. ) ;
#4197 = ORIENTED_EDGE ( 'NONE', *, *, #6394, .F. ) ;
#4198 = DIRECTION ( 'NONE',  ( 0.000000000000000000, -1.000000000000000000, 0.000000000000000000 ) ) ;
#4199 =( LENGTH_UNIT ( ) NAMED_UNIT ( * ) SI_UNIT ( .MILLI., .METRE. ) );
#4200 = CARTESIAN_POINT ( 'NONE',  ( 1.206042969389532260, 1.417878158392744226, 0.000000000000000000 ) ) ;
#4201 = FACE_OUTER_BOUND ( 'NONE', #5889, .T. ) ;
#4202 = ORIENTED_EDGE ( 'NONE', *, *, #3877, .T. ) ;
#4203 =( GEOMETRIC_REPRESENTATION_CONTEXT ( 3 ) GLOBAL_UNCERTAINTY_ASSIGNED_CONTEXT ( ( #5143 ) ) GLOBAL_UNIT_ASSIGNED_CONTEXT ( ( #1888, #4531, #289 ) ) REPRESENTATION_CONTEXT ( 'NONE', 'WORKASPACE' ) );
#4204 = DIRECTION ( 'NONE',  ( -1.000000000000000000, 0.000000000000000000, 0.000000000000000000 ) ) ;
#4205 = PLANE ( 'NONE',  #4584 ) ;
#4206 = CARTESIAN_POINT ( 'NONE',  ( 1.209652427596507929, 1.257091869674370033, 0.000000000000000000 ) ) ;
#4207 = VECTOR ( 'NONE', #3401, 1000.000000000000000 ) ;
#4208 = CARTESIAN_POINT ( 'NONE',  ( 0.8460524140271913351, 1.336352535584863777, 0.001000000000000000021 ) ) ;
#4209 = SURFACE_STYLE_FILL_AREA ( #4796 ) ;
#4210 = CARTESIAN_POINT ( 'NONE',  ( -8.673617379884033500E-16, -0.5000000000000000000, 0.2000000000000000111 ) ) ;
#4211 = PLANE ( 'NONE',  #1963 ) ;
#4212 = AXIS2_PLACEMENT_3D ( 'NONE', #4878, #5403, #2768 ) ;
#4213 = MECHANICAL_DESIGN_GEOMETRIC_PRESENTATION_REPRESENTATION (  '', ( #628 ), #1794 ) ;
#4214 = EDGE_CURVE ( 'NONE', #3261, #5853, #5120, .T. ) ;
#4215 = CARTESIAN_POINT ( 'NONE',  ( 0.8191541225304289631, 1.340000690227125979, 0.001000000000000000021 ) ) ;
#4216 = DIRECTION ( 'NONE',  ( 1.000000000000000000, 0.000000000000000000, 0.000000000000000000 ) ) ;
#4217 = FILL_AREA_STYLE_COLOUR ( '', #4359 ) ;
#4218 = UNCERTAINTY_MEASURE_WITH_UNIT (LENGTH_MEASURE( 1.000000000000000082E-05 ), #6628, 'distance_accuracy_value', 'NONE');
#4219 = CARTESIAN_POINT ( 'NONE',  ( 1.100000000000000311, -0.1250000000000000555, -0.05000000000000000278 ) ) ;
#4220 = ADVANCED_FACE ( 'NONE', ( #3708 ), #6231, .F. ) ;
#4221 = PLANE ( 'NONE',  #425 ) ;
#4222 = ORIENTED_EDGE ( 'NONE', *, *, #5589, .F. ) ;
#4223 = CARTESIAN_POINT ( 'NONE',  ( 1.331349244481648597, 1.237485446324686711, 0.001000000000000000021 ) ) ;
#4224 = MECHANICAL_DESIGN_GEOMETRIC_PRESENTATION_REPRESENTATION (  '', ( #3876 ), #4937 ) ;
#4225 = EDGE_CURVE ( 'NONE', #705, #2059, #3971, .T. ) ;
#4226 = CARTESIAN_POINT ( 'NONE',  ( 1.217831675023222537, 1.235078022696521227, -0.000000000000000000 ) ) ;
#4227 = CARTESIAN_POINT ( 'NONE',  ( 1.176889705908791939, 1.264134464263011237, 0.001000000000000000021 ) ) ;
#4228 = CARTESIAN_POINT ( 'NONE',  ( 0.8993857113406952264, 1.262258565948043643, 0.001000000000000000021 ) ) ;
#4229 = ORIENTED_EDGE ( 'NONE', *, *, #6783, .T. ) ;
#4230 = SURFACE_STYLE_FILL_AREA ( #4576 ) ;
#4231 = CARTESIAN_POINT ( 'NONE',  ( 1.220526073749941265, 1.235046421934443028, 0.001000000000000000021 ) ) ;
#4232 = AXIS2_PLACEMENT_3D ( 'NONE', #877, #4622, #337 ) ;
#4233 = CARTESIAN_POINT ( 'NONE',  ( 1.300091263642115358, 1.276665274755224733, 0.000000000000000000 ) ) ;
#4234 = B_SPLINE_SURFACE_WITH_KNOTS ( 'NONE', 3, 1, ( 
 ( #3142, #2630 ),
 ( #5831, #948 ),
 ( #3166, #4206 ),
 ( #2036, #4696 ),
 ( #3690, #2087 ),
 ( #2604, #3187 ),
 ( #488, #4768 ),
 ( #4227, #6873 ),
 ( #4184, #1019 ),
 ( #5288, #2650 ),
 ( #2108, #6915 ) ),
 .UNSPECIFIED., .F., .F., .F.,
 ( 4, 1, 1, 1, 1, 1, 1, 1, 4 ),
 ( 2, 2 ),
 ( 0.000000000000000000, 0.1352946047634294158, 0.2667656579247479898, 0.3948160188358709188, 0.5200516544342468350, 0.6421757029708224929, 0.7626518205584242871, 0.8818340043805048545, 1.000000000000000000 ),
 ( 0.000000000000000000, 1.000000000000000000 ),
 .UNSPECIFIED. ) ;
#4235 = DIRECTION ( 'NONE',  ( 1.000000000000000000, 0.000000000000000000, 0.000000000000000000 ) ) ;
#4236 = VECTOR ( 'NONE', #5266, 1000.000000000000000 ) ;
#4237 = CARTESIAN_POINT ( 'NONE',  ( 1.510000000000000231, 0.6249999999999998890, 0.2000000000000000111 ) ) ;
#4238 = VECTOR ( 'NONE', #5200, 1000.000000000000000 ) ;
#4240 = VERTEX_POINT ( 'NONE', #3052 ) ;
#4239 = DIRECTION ( 'NONE',  ( 0.3390537954853696245, 0.9407669869669986751, 0.000000000000000000 ) ) ;
#4241 = COLOUR_RGB ( '',1.000000000000000000, 1.000000000000000000, 0.000000000000000000 ) ;
#4242 = CARTESIAN_POINT ( 'NONE',  ( -1.100000000000000311, 0.1249999999999999445, 0.2000000000000000111 ) ) ;
#4243 = CARTESIAN_POINT ( 'NONE',  ( 1.199846089175967023, 1.417230031674933333, 0.001000000000000000021 ) ) ;
#4244 = EDGE_CURVE ( 'NONE', #2668, #525, #4797, .T. ) ;
#4245 = COLOUR_RGB ( '',1.000000000000000000, 1.000000000000000000, 0.000000000000000000 ) ;
#4246 = CARTESIAN_POINT ( 'NONE',  ( 0.8622976690633388230, 1.391479459645401429, 0.001000000000000000021 ) ) ;
#4247 = ORIENTED_EDGE ( 'NONE', *, *, #1972, .T. ) ;
#4248 = PLANE ( 'NONE',  #4733 ) ;
#4249 = AXIS2_PLACEMENT_3D ( 'NONE', #3237, #3219, #2204 ) ;
#4250 = CARTESIAN_POINT ( 'NONE',  ( 1.242543737154283123, 1.412543412081044725, 0.000000000000000000 ) ) ;
#4251 = ORIENTED_EDGE ( 'NONE', *, *, #6260, .T. ) ;
#4252 = ORIENTED_EDGE ( 'NONE', *, *, #6268, .F. ) ;
#4253 = DIRECTION ( 'NONE',  ( 1.000000000000000000, 0.000000000000000000, 0.000000000000000000 ) ) ;
#4254 = CARTESIAN_POINT ( 'NONE',  ( 1.165495585945063306, 1.431997641446637992, 0.001000000000000000021 ) ) ;
#4255 = DIRECTION ( 'NONE',  ( -1.000000000000000000, 0.000000000000000000, -0.000000000000000000 ) ) ;
#4256 = MECHANICAL_DESIGN_GEOMETRIC_PRESENTATION_REPRESENTATION (  '', ( #5007 ), #6624 ) ;
#4257 = EDGE_CURVE ( 'NONE', #6885, #4417, #4129, .T. ) ;
#4258 = COLOUR_RGB ( '',0.2509803921568627416, 0.2509803921568627416, 0.2509803921568627416 ) ;
#4259 = FILL_AREA_STYLE_COLOUR ( '', #2549 ) ;
#4260 = ORIENTED_EDGE ( 'NONE', *, *, #6451, .F. ) ;
#4261 = UNCERTAINTY_MEASURE_WITH_UNIT (LENGTH_MEASURE( 1.000000000000000082E-05 ), #3815, 'distance_accuracy_value', 'NONE');
#4262 = DIRECTION ( 'NONE',  ( -1.445602896647339163E-16, 1.000000000000000000, -0.000000000000000000 ) ) ;
#4263 = CARTESIAN_POINT ( 'NONE',  ( 0.8193900607680996151, 1.350715090392519802, 2.117582368135750848E-19 ) ) ;
#4264 = VECTOR ( 'NONE', #1564, 1000.000000000000000 ) ;
#4265 = EDGE_LOOP ( 'NONE', ( #6242, #6866, #2632, #4989, #2622, #3726 ) ) ;
#4266 = CARTESIAN_POINT ( 'NONE',  ( 0.000000000000000000, 0.000000000000000000, 0.000000000000000000 ) ) ;
#4267 = EDGE_LOOP ( 'NONE', ( #2613, #2188, #492, #1233 ) ) ;
#4268 = VERTEX_POINT ( 'NONE', #3600 ) ;
#4269 = MECHANICAL_DESIGN_GEOMETRIC_PRESENTATION_REPRESENTATION (  '', ( #4398 ), #3917 ) ;
#4270 = EDGE_CURVE ( 'NONE', #6200, #4901, #2966, .T. ) ;
#4271 = CARTESIAN_POINT ( 'NONE',  ( 0.8673463787485988785, 1.396541374124951940, 0.001000000000000000021 ) ) ;
#4272 = ORIENTED_EDGE ( 'NONE', *, *, #722, .T. ) ;
#4273 = CARTESIAN_POINT ( 'NONE',  ( 1.167271663070614807, 1.406200407752251191, -0.000000000000000000 ) ) ;
#4274 = COLOUR_RGB ( '',1.000000000000000000, 1.000000000000000000, 1.000000000000000000 ) ;
#4275 = CARTESIAN_POINT ( 'NONE',  ( -1.100000000000000089, -0.6250000000000001110, -0.05000000000000000278 ) ) ;
#4276 = EDGE_CURVE ( 'NONE', #2241, #5814, #3887, .T. ) ;
#4277 = FACE_OUTER_BOUND ( 'NONE', #1998, .T. ) ;
#4278 = ORIENTED_EDGE ( 'NONE', *, *, #2564, .T. ) ;
#4279 = CARTESIAN_POINT ( 'NONE',  ( 1.212537313687817919, 1.235140116643961283, 0.001000000000000000021 ) ) ;
#4280 =( NAMED_UNIT ( * ) PLANE_ANGLE_UNIT ( ) SI_UNIT ( $, .RADIAN. ) );
#4281 = CARTESIAN_POINT ( 'NONE',  ( 1.165495585945063528, 1.247851299983223639, 0.000000000000000000 ) ) ;
#4282 = SURFACE_SIDE_STYLE ('',( #2053 ) ) ;
#4283 = PLANE ( 'NONE',  #4550 ) ;
#4284 = VECTOR ( 'NONE', #5775, 1000.000000000000000 ) ;
#4285 = CARTESIAN_POINT ( 'NONE',  ( -1.100000000000000089, -0.3750000000000000555, 0.2000000000000000111 ) ) ;
#4286 = EDGE_LOOP ( 'NONE', ( #744, #4996, #410, #6669 ) ) ;
#4287 = SURFACE_STYLE_USAGE ( .BOTH. , #550 ) ;
#4288 = CARTESIAN_POINT ( 'NONE',  ( 0.9200148106927686920, 1.437403547934170245, 2.117582368135750848E-19 ) ) ;
#4289 = PRESENTATION_LAYER_ASSIGNMENT (  '', '', ( #1287 ) ) ;
#4290 =( LENGTH_UNIT ( ) NAMED_UNIT ( * ) SI_UNIT ( .MILLI., .METRE. ) );
#4291 = VECTOR ( 'NONE', #238, 1000.000000000000000 ) ;
#4292 = CARTESIAN_POINT ( 'NONE',  ( 1.271559333513887946, 1.389905845868543377, 0.000000000000000000 ) ) ;
#4293 = ORIENTED_EDGE ( 'NONE', *, *, #3421, .F. ) ;
#4294 = DIRECTION ( 'NONE',  ( 1.000000000000000000, 0.000000000000000000, 0.000000000000000000 ) ) ;
#4295 = CARTESIAN_POINT ( 'NONE',  ( 1.165495585945063306, 1.405168373153955041, 0.000000000000000000 ) ) ;
#4296 = PRESENTATION_STYLE_ASSIGNMENT (( #6297 ) ) ;
#4297 = COLOUR_RGB ( '',1.000000000000000000, 1.000000000000000000, 1.000000000000000000 ) ;
#4298 = PRESENTATION_LAYER_ASSIGNMENT (  '', '', ( #3953 ) ) ;
#4299 = EDGE_LOOP ( 'NONE', ( #2212, #4191, #4677, #1491 ) ) ;
#4300 =( LENGTH_UNIT ( ) NAMED_UNIT ( * ) SI_UNIT ( .MILLI., .METRE. ) );
#4301 = CARTESIAN_POINT ( 'NONE',  ( 1.100000000000000311, 0.1249999999999999445, 0.2000000000000000111 ) ) ;
#4302 = VECTOR ( 'NONE', #3996, 1000.000000000000000 ) ;
#4303 = CARTESIAN_POINT ( 'NONE',  ( 1.217831675023222537, 1.235078022696521227, 0.000000000000000000 ) ) ;
#4304 = CARTESIAN_POINT ( 'NONE',  ( 0.7157242444816485083, 1.413095202422247842, 0.000000000000000000 ) ) ;
#4305 = CARTESIAN_POINT ( 'NONE',  ( 1.310872504341219935, 1.302834690336651891, 0.000000000000000000 ) ) ;
#4306 = SURFACE_SIDE_STYLE ('',( #2459 ) ) ;
#4307 = UNCERTAINTY_MEASURE_WITH_UNIT (LENGTH_MEASURE( 1.000000000000000082E-05 ), #2846, 'distance_accuracy_value', 'NONE');
#4308 = DIRECTION ( 'NONE',  ( -1.000000000000000000, 0.000000000000000000, 0.000000000000000000 ) ) ;
#4309 = MECHANICAL_DESIGN_GEOMETRIC_PRESENTATION_REPRESENTATION (  '', ( #5765 ), #5015 ) ;
#4310 = EDGE_CURVE ( 'NONE', #440, #5527, #3218, .T. ) ;
#4311 = CARTESIAN_POINT ( 'NONE',  ( 1.215042348561867769, 1.417914983985539834, 0.001000000000000000021 ) ) ;
#4312 = FACE_OUTER_BOUND ( 'NONE', #4394, .T. ) ;
#4313 = CARTESIAN_POINT ( 'NONE',  ( 0.8191541225304289631, 1.340000690227125979, 0.001000000000000000021 ) ) ;
#4314 = LINE ( 'NONE', #6361, #2381 ) ;
#4315 = PLANE ( 'NONE',  #3228 ) ;
#4316 = CARTESIAN_POINT ( 'NONE',  ( 0.8511905432804502958, 1.372601142617033920, 0.000000000000000000 ) ) ;
#4317 = CARTESIAN_POINT ( 'NONE',  ( 0.7134566486429768650, 1.401690281386347658, 0.000000000000000000 ) ) ;
#4318 =( GEOMETRIC_REPRESENTATION_CONTEXT ( 3 ) GLOBAL_UNCERTAINTY_ASSIGNED_CONTEXT ( ( #6216 ) ) GLOBAL_UNIT_ASSIGNED_CONTEXT ( ( #2778, #2295, #4448 ) ) REPRESENTATION_CONTEXT ( 'NONE', 'WORKASPACE' ) );
#4319 = EDGE_CURVE ( 'NONE', #3689, #6898, #3136, .T. ) ;
#4320 = FACE_OUTER_BOUND ( 'NONE', #1783, .T. ) ;
#4321 = VECTOR ( 'NONE', #3844, 1000.000000000000000 ) ;
#4322 = VECTOR ( 'NONE', #1530, 1000.000000000000000 ) ;
#4323 = VECTOR ( 'NONE', #4239, 1000.000000000000000 ) ;
#4324 = CARTESIAN_POINT ( 'NONE',  ( 1.100000000000000311, 0.6249999999999998890, -0.05000000000000000278 ) ) ;
#4325 = CARTESIAN_POINT ( 'NONE',  ( 1.177198771711467584, 1.242153908707746890, 0.000000000000000000 ) ) ;
#4326 = CARTESIAN_POINT ( 'NONE',  ( 1.310440101781073841, 1.366913143773170303, 0.000000000000000000 ) ) ;
#4327 = PRESENTATION_LAYER_ASSIGNMENT (  '', '', ( #3741 ) ) ;
#4328 = CARTESIAN_POINT ( 'NONE',  ( 0.9074490843690673492, 1.260638047044752019, 0.000000000000000000 ) ) ;
#4329 =( LENGTH_UNIT ( ) NAMED_UNIT ( * ) SI_UNIT ( .MILLI., .METRE. ) );
#4330 = AXIS2_PLACEMENT_3D ( 'NONE', #5669, #4608, #1994 ) ;
#4331 = ORIENTED_EDGE ( 'NONE', *, *, #6310, .F. ) ;
#4332 = DIRECTION ( 'NONE',  ( -1.000000000000000000, 0.000000000000000000, 0.000000000000000000 ) ) ;
#4333 = SURFACE_SIDE_STYLE ('',( #3256 ) ) ;
#4334 = SURFACE_STYLE_FILL_AREA ( #225 ) ;
#4335 = CARTESIAN_POINT ( 'NONE',  ( 1.284652735058817274, 1.361543276896464816, 0.001000000000000000021 ) ) ;
#4336 = FACE_OUTER_BOUND ( 'NONE', #5929, .T. ) ;
#4337 = CARTESIAN_POINT ( 'NONE',  ( 0.8733707479134967810, 1.427329738526557756, 2.117582368135750848E-19 ) ) ;
#4338 = B_SPLINE_CURVE_WITH_KNOTS ( 'NONE', 3,
 ( #567, #5810, #1519, #5787, #3147, #3694, #1588, #2158, #2137, #1070, #2710, #4233, #2633, #3234, #4305, #37, #548, #2654, #5251 ),
 .UNSPECIFIED., .F., .F.,
 ( 4, 1, 1, 1, 1, 1, 1, 1, 1, 1, 1, 1, 1, 1, 1, 1, 4 ),
 ( 0.000000000000000000, 0.06783324845577305695, 0.1326555365079033488, 0.1950508840508271280, 0.2555829330687766077, 0.3147998341472897921, 0.3736004728263742081, 0.4325455953267428044, 0.4924306292835649024, 0.5526712559629693988, 0.6125130441881162513, 0.6726102503570058344, 0.7338383693139461927, 0.7965942385677731163, 0.8614497992905728596, 0.9291989423509054991, 1.000000000000000000 ),
 .UNSPECIFIED. ) ;
#4339 = ORIENTED_EDGE ( 'NONE', *, *, #3663, .F. ) ;
#4340 = CARTESIAN_POINT ( 'NONE',  ( 1.210235762600786913, 1.439907801827808642, 0.001000000000000000021 ) ) ;
#4341 = CARTESIAN_POINT ( 'NONE',  ( 0.9238035127743313701, 1.415534226812491747, 0.000000000000000000 ) ) ;
#4342 = VECTOR ( 'NONE', #1620, 1000.000000000000000 ) ;
#4343 = CARTESIAN_POINT ( 'NONE',  ( 0.7154469052811697205, 1.411557727628049319, 0.001000000000000000021 ) ) ;
#4344 = MECHANICAL_DESIGN_GEOMETRIC_PRESENTATION_REPRESENTATION (  '', ( #1960 ), #2784 ) ;
#4345 = VERTEX_POINT ( 'NONE', #1429 ) ;
#4346 = ADVANCED_FACE ( 'NONE', ( #4623 ), #4104, .T. ) ;
#4347 = PRESENTATION_STYLE_ASSIGNMENT (( #3770 ) ) ;
#4348 = LINE ( 'NONE', #1073, #1412 ) ;
#4349 = FACE_OUTER_BOUND ( 'NONE', #3611, .T. ) ;
#4350 = UNCERTAINTY_MEASURE_WITH_UNIT (LENGTH_MEASURE( 1.000000000000000082E-05 ), #5298, 'distance_accuracy_value', 'NONE');
#4351 = VERTEX_POINT ( 'NONE', #4629 ) ;
#4352 = ORIENTED_EDGE ( 'NONE', *, *, #5284, .F. ) ;
#4353 = ORIENTED_EDGE ( 'NONE', *, *, #6186, .F. ) ;
#4354 = DIRECTION ( 'NONE',  ( -0.000000000000000000, -0.000000000000000000, -1.000000000000000000 ) ) ;
#4355 = UNCERTAINTY_MEASURE_WITH_UNIT (LENGTH_MEASURE( 1.000000000000000082E-05 ), #421, 'distance_accuracy_value', 'NONE');
#4356 = DIRECTION ( 'NONE',  ( 0.000000000000000000, -0.000000000000000000, -1.000000000000000000 ) ) ;
#4357 = STYLED_ITEM ( 'NONE', ( #3806 ), #4010 ) ;
#4358 = EDGE_CURVE ( 'NONE', #4864, #2918, #5114, .T. ) ;
#4359 = COLOUR_RGB ( '',1.000000000000000000, 1.000000000000000000, 0.000000000000000000 ) ;
#4360 =( LENGTH_UNIT ( ) NAMED_UNIT ( * ) SI_UNIT ( .MILLI., .METRE. ) );
#4361 =( NAMED_UNIT ( * ) PLANE_ANGLE_UNIT ( ) SI_UNIT ( $, .RADIAN. ) );
#4362 = ORIENTED_EDGE ( 'NONE', *, *, #5552, .T. ) ;
#4363 = ORIENTED_EDGE ( 'NONE', *, *, #2894, .F. ) ;
#4364 = DIRECTION ( 'NONE',  ( 1.000000000000000000, 0.000000000000000000, -0.000000000000000000 ) ) ;
#4365 = SURFACE_SIDE_STYLE ('',( #1805 ) ) ;
#4366 = CARTESIAN_POINT ( 'NONE',  ( 0.7170458921749812697, 1.408980632467369931, 0.000000000000000000 ) ) ;
#4367 = CARTESIAN_POINT ( 'NONE',  ( 1.028910220091404648, 1.327729348763711181, 0.001000000000000000021 ) ) ;
#4368 = EDGE_CURVE ( 'NONE', #504, #608, #6030, .T. ) ;
#4369 = ORIENTED_EDGE ( 'NONE', *, *, #2162, .T. ) ;
#4370 = ORIENTED_EDGE ( 'NONE', *, *, #561, .F. ) ;
#4371 = SURFACE_STYLE_USAGE ( .BOTH. , #137 ) ;
#4372 = DIRECTION ( 'NONE',  ( 1.000000000000000000, 0.000000000000000000, 0.000000000000000000 ) ) ;
#4373 = DIRECTION ( 'NONE',  ( 0.000000000000000000, 1.000000000000000000, -0.000000000000000000 ) ) ;
#4374 = VERTEX_POINT ( 'NONE', #1945 ) ;
#4375 =( GEOMETRIC_REPRESENTATION_CONTEXT ( 3 ) GLOBAL_UNCERTAINTY_ASSIGNED_CONTEXT ( ( #3236 ) ) GLOBAL_UNIT_ASSIGNED_CONTEXT ( ( #4080, #5005, #232 ) ) REPRESENTATION_CONTEXT ( 'NONE', 'WORKASPACE' ) );
#4376 = VECTOR ( 'NONE', #2748, 1000.000000000000000 ) ;
#4377 = FILL_AREA_STYLE_COLOUR ( '', #6727 ) ;
#4378 =( NAMED_UNIT ( * ) SI_UNIT ( $, .STERADIAN. ) SOLID_ANGLE_UNIT ( ) );
#4379 = ORIENTED_EDGE ( 'NONE', *, *, #3201, .F. ) ;
#4380 = DIRECTION ( 'NONE',  ( -0.3536223923290756077, 0.9353882635801357148, 0.000000000000000000 ) ) ;
#4381 =( NAMED_UNIT ( * ) SI_UNIT ( $, .STERADIAN. ) SOLID_ANGLE_UNIT ( ) );
#4382 = CARTESIAN_POINT ( 'NONE',  ( 0.8848003314183219281, 1.267537789055004582, 0.000000000000000000 ) ) ;
#4383 = SURFACE_STYLE_USAGE ( .BOTH. , #4885 ) ;
#4384 = CARTESIAN_POINT ( 'NONE',  ( 1.100000000000000311, 0.6249999999999998890, -0.05000000000000000278 ) ) ;
#4385 =( LENGTH_UNIT ( ) NAMED_UNIT ( * ) SI_UNIT ( .MILLI., .METRE. ) );
#4386 = PRESENTATION_LAYER_ASSIGNMENT (  '', '', ( #223 ) ) ;
#4387 = CARTESIAN_POINT ( 'NONE',  ( 0.9153984224322002650, 1.415361279646831560, 0.001000000000000000021 ) ) ;
#4388 = PRESENTATION_STYLE_ASSIGNMENT (( #554 ) ) ;
#4389 = CARTESIAN_POINT ( 'NONE',  ( 1.100000000000000311, 0.3749999999999999445, -0.05000000000000000278 ) ) ;
#4390 = STYLED_ITEM ( 'NONE', ( #3819 ), #3395 ) ;
#4391 = EDGE_CURVE ( 'NONE', #2059, #1907, #5442, .T. ) ;
#4392 = SURFACE_SIDE_STYLE ('',( #3981 ) ) ;
#4393 = CARTESIAN_POINT ( 'NONE',  ( -1.500000000000000222, -1.125000000000000222, 0.000000000000000000 ) ) ;
#4394 = EDGE_LOOP ( 'NONE', ( #5587, #4587, #1768, #3058 ) ) ;
#4395 = CARTESIAN_POINT ( 'NONE',  ( 0.9218951819468460540, 1.259501807620239777, 0.001000000000000000021 ) ) ;
#4396 = B_SPLINE_CURVE_WITH_KNOTS ( 'NONE', 3,
 ( #316, #2457, #1943, #4720, #1494, #2536, #1451, #1537, #5783, #5249, #5807, #5761, #2559, #4651, #4745, #1516, #5179, #1988, #5733 ),
 .UNSPECIFIED., .F., .F.,
 ( 4, 1, 1, 1, 1, 1, 1, 1, 1, 1, 1, 1, 1, 1, 1, 1, 4 ),
 ( 0.000000000000000000, 0.06783324845577305695, 0.1326555365079033488, 0.1950508840508271280, 0.2555829330687766077, 0.3147998341472897921, 0.3736004728263742081, 0.4325455953267428044, 0.4924306292835649024, 0.5526712559629693988, 0.6125130441881162513, 0.6726102503570058344, 0.7338383693139461927, 0.7965942385677731163, 0.8614497992905728596, 0.9291989423509054991, 1.000000000000000000 ),
 .UNSPECIFIED. ) ;
#4397 = DIRECTION ( 'NONE',  ( 0.000000000000000000, -1.000000000000000000, 0.000000000000000000 ) ) ;
#4398 = STYLED_ITEM ( 'NONE', ( #5522 ), #4566 ) ;
#4399 = EDGE_CURVE ( 'NONE', #511, #3281, #3210, .T. ) ;
#4400 = VECTOR ( 'NONE', #3000, 1000.000000000000000 ) ;
#4401 = ORIENTED_EDGE ( 'NONE', *, *, #5898, .T. ) ;
#4402 = CARTESIAN_POINT ( 'NONE',  ( -1.100000000000000311, -0.1250000000000000555, 0.2000000000000000111 ) ) ;
#4403 = CARTESIAN_POINT ( 'NONE',  ( 0.9236891835060386802, 1.437485446324686889, 0.001000000000000000021 ) ) ;
#4404 = VERTEX_POINT ( 'NONE', #1030 ) ;
#4405 = ORIENTED_EDGE ( 'NONE', *, *, #4616, .T. ) ;
#4406 =( NAMED_UNIT ( * ) PLANE_ANGLE_UNIT ( ) SI_UNIT ( $, .RADIAN. ) );
#4407 = PRESENTATION_LAYER_ASSIGNMENT (  '', '', ( #602 ) ) ;
#4408 = STYLED_ITEM ( 'NONE', ( #720 ), #40 ) ;
#4409 = CARTESIAN_POINT ( 'NONE',  ( 1.499999999999999778, 1.500000000000000000, 0.8499999999999999778 ) ) ;
#4410 = VECTOR ( 'NONE', #743, 1000.000000000000000 ) ;
#4411 = VECTOR ( 'NONE', #4778, 1000.000000000000000 ) ;
#4412 = SURFACE_STYLE_FILL_AREA ( #559 ) ;
#4413 = ORIENTED_EDGE ( 'NONE', *, *, #3663, .T. ) ;
#4414 = CARTESIAN_POINT ( 'NONE',  ( 1.099999999999998535, -0.8750000000000001110, 0.2000000000000000111 ) ) ;
#4415 = SURFACE_STYLE_USAGE ( .BOTH. , #2837 ) ;
#4416 = CARTESIAN_POINT ( 'NONE',  ( 0.9160163956779671102, 1.259628886722163443, 0.000000000000000000 ) ) ;
#4417 = VERTEX_POINT ( 'NONE', #5159 ) ;
#4418 = STYLED_ITEM ( 'NONE', ( #3212 ), #1099 ) ;
#4419 = DIRECTION ( 'NONE',  ( 0.000000000000000000, 0.000000000000000000, -1.000000000000000000 ) ) ;
#4420 = CARTESIAN_POINT ( 'NONE',  ( -1.500000000000000222, 0.3749999999999999445, 0.000000000000000000 ) ) ;
#4421 = CARTESIAN_POINT ( 'NONE',  ( 0.7192710450615407147, 1.399982387779697968, -0.000000000000000000 ) ) ;
#4422 = FACE_OUTER_BOUND ( 'NONE', #4476, .T. ) ;
#4423 = PRESENTATION_STYLE_ASSIGNMENT (( #5198 ) ) ;
#4424 = ADVANCED_FACE ( 'NONE', ( #2280 ), #2093, .F. ) ;
#4425 =( NAMED_UNIT ( * ) SI_UNIT ( $, .STERADIAN. ) SOLID_ANGLE_UNIT ( ) );
#4426 = VERTEX_POINT ( 'NONE', #493 ) ;
#4427 = CARTESIAN_POINT ( 'NONE',  ( 0.000000000000000000, 0.000000000000000000, 0.2000000000000000111 ) ) ;
#4428 = VECTOR ( 'NONE', #3873, 1000.000000000000000 ) ;
#4429 = DIRECTION ( 'NONE',  ( -0.3536223923290756077, 0.9353882635801357148, 0.000000000000000000 ) ) ;
#4430 = MECHANICAL_DESIGN_GEOMETRIC_PRESENTATION_REPRESENTATION (  '', ( #1786 ), #1 ) ;
#4431 = VECTOR ( 'NONE', #1610, 1000.000000000000000 ) ;
#4432 = UNCERTAINTY_MEASURE_WITH_UNIT (LENGTH_MEASURE( 1.000000000000000082E-05 ), #354, 'distance_accuracy_value', 'NONE');
#4433 = EDGE_LOOP ( 'NONE', ( #984, #3132, #2667, #2788 ) ) ;
#4434 = CARTESIAN_POINT ( 'NONE',  ( 0.9034445321371753490, 1.239086136707224783, 0.001000000000000000021 ) ) ;
#4435 = VERTEX_POINT ( 'NONE', #4773 ) ;
#4436 = ORIENTED_EDGE ( 'NONE', *, *, #1347, .T. ) ;
#4437 =( LENGTH_UNIT ( ) NAMED_UNIT ( * ) SI_UNIT ( .MILLI., .METRE. ) );
#4438 = STYLED_ITEM ( 'NONE', ( #3982 ), #3584 ) ;
#4439 = EDGE_CURVE ( 'NONE', #4032, #2583, #4338, .T. ) ;
#4440 =( NAMED_UNIT ( * ) SI_UNIT ( $, .STERADIAN. ) SOLID_ANGLE_UNIT ( ) );
#4441 = DIRECTION ( 'NONE',  ( 0.000000000000000000, -1.000000000000000000, 0.000000000000000000 ) ) ;
#4442 = B_SPLINE_CURVE_WITH_KNOTS ( 'NONE', 3,
 ( #6109, #763, #1821, #3438, #4506, #2448, #1370, #2928, #1326, #3499, #1352, #266, #805, #2358, #6130, #5591, #5105, #6177, #5563 ),
 .UNSPECIFIED., .F., .F.,
 ( 4, 1, 1, 1, 1, 1, 1, 1, 1, 1, 1, 1, 1, 1, 1, 1, 4 ),
 ( 0.000000000000000000, 0.07430379644281456808, 0.1443936103644170854, 0.2104994961032789491, 0.2735426065034672893, 0.3338247445790724077, 0.3925296724085032829, 0.4500874545995854348, 0.5078206115557873934, 0.5654649127768468508, 0.6231487223336193981, 0.6812971927909354797, 0.7409134981565809186, 0.8018557521958581402, 0.8652412377209434124, 0.9309416570467442531, 1.000000000000000000 ),
 .UNSPECIFIED. ) ;
#4443 = LINE ( 'NONE', #6452, #1007 ) ;
#4444 = CARTESIAN_POINT ( 'NONE',  ( -0.8199999999999999512, -1.189999999999999947, 0.000000000000000000 ) ) ;
#4445 = FILL_AREA_STYLE_COLOUR ( '', #3350 ) ;
#4446 = ORIENTED_EDGE ( 'NONE', *, *, #663, .T. ) ;
#4447 =( LENGTH_UNIT ( ) NAMED_UNIT ( * ) SI_UNIT ( .MILLI., .METRE. ) );
#4448 =( NAMED_UNIT ( * ) SI_UNIT ( $, .STERADIAN. ) SOLID_ANGLE_UNIT ( ) );
#4449 = CARTESIAN_POINT ( 'NONE',  ( 1.099999999999998535, -1.125000000000000222, -0.05000000000000000278 ) ) ;
#4450 =( GEOMETRIC_REPRESENTATION_CONTEXT ( 3 ) GLOBAL_UNCERTAINTY_ASSIGNED_CONTEXT ( ( #4981 ) ) GLOBAL_UNIT_ASSIGNED_CONTEXT ( ( #2534, #837, #1893 ) ) REPRESENTATION_CONTEXT ( 'NONE', 'WORKASPACE' ) );
#4451 = EDGE_CURVE ( 'NONE', #3170, #5188, #2202, .T. ) ;
#4452 = CARTESIAN_POINT ( 'NONE',  ( 0.8357971035602683729, 1.280545677420990680, 0.000000000000000000 ) ) ;
#4453 = ORIENTED_EDGE ( 'NONE', *, *, #5456, .F. ) ;
#4454 = LINE ( 'NONE', #4543, #3040 ) ;
#4455 = ORIENTED_EDGE ( 'NONE', *, *, #214, .F. ) ;
#4456 = AXIS2_PLACEMENT_3D ( 'NONE', #3946, #5526, #3462 ) ;
#4457 = CARTESIAN_POINT ( 'NONE',  ( 0.7126373542377459902, 1.399070812178345280, 0.000000000000000000 ) ) ;
#4458 = CARTESIAN_POINT ( 'NONE',  ( 1.285663268773734380, 1.410835344966116400, 0.001000000000000000021 ) ) ;
#4459 = LINE ( 'NONE', #820, #2722 ) ;
#4460 =( NAMED_UNIT ( * ) SI_UNIT ( $, .STERADIAN. ) SOLID_ANGLE_UNIT ( ) );
#4461 = FACE_OUTER_BOUND ( 'NONE', #970, .T. ) ;
#4462 = SURFACE_STYLE_USAGE ( .BOTH. , #4508 ) ;
#4463 = CARTESIAN_POINT ( 'NONE',  ( 0.000000000000000000, 0.000000000000000000, 0.001000000000000000021 ) ) ;
#4464 = PRESENTATION_LAYER_ASSIGNMENT (  '', '', ( #5402 ) ) ;
#4465 =( LENGTH_UNIT ( ) NAMED_UNIT ( * ) SI_UNIT ( .MILLI., .METRE. ) );
#4466 = CARTESIAN_POINT ( 'NONE',  ( 0.8263932744054869328, 1.298106127895539252, 0.000000000000000000 ) ) ;
#4467 = VECTOR ( 'NONE', #3750, 1000.000000000000000 ) ;
#4468 = ADVANCED_FACE ( 'NONE', ( #772 ), #5314, .T. ) ;
#4469 = CARTESIAN_POINT ( 'NONE',  ( 1.167271663070614807, 1.406200407752251191, 0.001000000000000000021 ) ) ;
#4470 = MECHANICAL_DESIGN_GEOMETRIC_PRESENTATION_REPRESENTATION (  '', ( #2410 ), #6746 ) ;
#4471 = CARTESIAN_POINT ( 'NONE',  ( 0.8565694538754015097, 1.258846948118119702, 0.001000000000000000021 ) ) ;
#4472 = UNCERTAINTY_MEASURE_WITH_UNIT (LENGTH_MEASURE( 1.000000000000000082E-05 ), #1177, 'distance_accuracy_value', 'NONE');
#4473 = LINE ( 'NONE', #190, #1203 ) ;
#4474 = CARTESIAN_POINT ( 'NONE',  ( 1.500000000000000222, -1.125000000000000222, 0.000000000000000000 ) ) ;
#4475 = CARTESIAN_POINT ( 'NONE',  ( 0.6735367444816484639, 1.293583007300296517, 0.001000000000000000021 ) ) ;
#4476 = EDGE_LOOP ( 'NONE', ( #5257, #2182, #6214, #2844 ) ) ;
#4477 = DIRECTION ( 'NONE',  ( 0.000000000000000000, 0.000000000000000000, -1.000000000000000000 ) ) ;
#4478 = AXIS2_PLACEMENT_3D ( 'NONE', #3318, #3295, #5392 ) ;
#4479 = EDGE_CURVE ( 'NONE', #4979, #2810, #6453, .T. ) ;
#4480 = SURFACE_SIDE_STYLE ('',( #1957 ) ) ;
#4481 = VECTOR ( 'NONE', #6293, 1000.000000000000000 ) ;
#4482 = CARTESIAN_POINT ( 'NONE',  ( 1.499999999999999778, 1.125000000000000000, 0.000000000000000000 ) ) ;
#4483 = PLANE ( 'NONE',  #2190 ) ;
#4484 = SURFACE_STYLE_FILL_AREA ( #1234 ) ;
#4485 =( NAMED_UNIT ( * ) PLANE_ANGLE_UNIT ( ) SI_UNIT ( $, .RADIAN. ) );
#4486 = CARTESIAN_POINT ( 'NONE',  ( -1.510000000000000009, -0.3750000000000000555, -0.05000000000000000278 ) ) ;
#4487 = STYLED_ITEM ( 'NONE', ( #4188 ), #5071 ) ;
#4488 = EDGE_CURVE ( 'NONE', #3835, #4842, #2365, .T. ) ;
#4489 = VECTOR ( 'NONE', #964, 1000.000000000000000 ) ;
#4490 = COLOUR_RGB ( '',1.000000000000000000, 1.000000000000000000, 0.000000000000000000 ) ;
#4491 =( LENGTH_UNIT ( ) NAMED_UNIT ( * ) SI_UNIT ( .MILLI., .METRE. ) );
#4492 = LINE ( 'NONE', #6586, #4153 ) ;
#4493 =( LENGTH_UNIT ( ) NAMED_UNIT ( * ) SI_UNIT ( .MILLI., .METRE. ) );
#4494 = ORIENTED_EDGE ( 'NONE', *, *, #6451, .T. ) ;
#4495 =( NAMED_UNIT ( * ) SI_UNIT ( $, .STERADIAN. ) SOLID_ANGLE_UNIT ( ) );
#4496 = ORIENTED_EDGE ( 'NONE', *, *, #4479, .T. ) ;
#4497 = CARTESIAN_POINT ( 'NONE',  ( 0.8736854565834226705, 1.248254720533709561, 0.001000000000000000021 ) ) ;
#4498 = SURFACE_STYLE_FILL_AREA ( #4577 ) ;
#4499 = ORIENTED_EDGE ( 'NONE', *, *, #3676, .F. ) ;
#4500 = MECHANICAL_DESIGN_GEOMETRIC_PRESENTATION_REPRESENTATION (  '', ( #4627 ), #4016 ) ;
#4501 = SURFACE_SIDE_STYLE ('',( #2269 ) ) ;
#4502 = PRESENTATION_STYLE_ASSIGNMENT (( #1100 ) ) ;
#4503 = ADVANCED_FACE ( 'NONE', ( #1191 ), #1000, .T. ) ;
#4504 = ORIENTED_EDGE ( 'NONE', *, *, #757, .T. ) ;
#4505 = SURFACE_SIDE_STYLE ('',( #6212 ) ) ;
#4506 = CARTESIAN_POINT ( 'NONE',  ( 0.8488287811456890486, 1.365141393255238755, 0.001000000000000000021 ) ) ;
#4507 = MECHANICAL_DESIGN_GEOMETRIC_PRESENTATION_REPRESENTATION (  '', ( #2496 ), #570 ) ;
#4508 = SURFACE_SIDE_STYLE ('',( #1862 ) ) ;
#4509 = ORIENTED_EDGE ( 'NONE', *, *, #1475, .F. ) ;
#4510 =( GEOMETRIC_REPRESENTATION_CONTEXT ( 3 ) GLOBAL_UNCERTAINTY_ASSIGNED_CONTEXT ( ( #2862 ) ) GLOBAL_UNIT_ASSIGNED_CONTEXT ( ( #5469, #193, #4460 ) ) REPRESENTATION_CONTEXT ( 'NONE', 'WORKASPACE' ) );
#4511 = VERTEX_POINT ( 'NONE', #62 ) ;
#4512 =( NAMED_UNIT ( * ) PLANE_ANGLE_UNIT ( ) SI_UNIT ( $, .RADIAN. ) );
#4513 = DIRECTION ( 'NONE',  ( 1.000000000000000000, 0.000000000000000000, 0.000000000000000000 ) ) ;
#4514 = FILL_AREA_STYLE ('',( #4538 ) ) ;
#4515 = CARTESIAN_POINT ( 'NONE',  ( 1.099999999999999423, -0.6250000000000001110, -0.05000000000000000278 ) ) ;
#4516 = UNCERTAINTY_MEASURE_WITH_UNIT (LENGTH_MEASURE( 1.000000000000000082E-05 ), #2284, 'distance_accuracy_value', 'NONE');
#4517 = ORIENTED_EDGE ( 'NONE', *, *, #3686, .T. ) ;
#4518 = ORIENTED_EDGE ( 'NONE', *, *, #6268, .T. ) ;
#4519 =( GEOMETRIC_REPRESENTATION_CONTEXT ( 3 ) GLOBAL_UNCERTAINTY_ASSIGNED_CONTEXT ( ( #1129 ) ) GLOBAL_UNIT_ASSIGNED_CONTEXT ( ( #4300, #4828, #3252 ) ) REPRESENTATION_CONTEXT ( 'NONE', 'WORKASPACE' ) );
#4520 = MECHANICAL_DESIGN_GEOMETRIC_PRESENTATION_REPRESENTATION (  '', ( #929 ), #484 ) ;
#4521 = EDGE_CURVE ( 'NONE', #2946, #4117, #5606, .T. ) ;
#4522 =( NAMED_UNIT ( * ) PLANE_ANGLE_UNIT ( ) SI_UNIT ( $, .RADIAN. ) );
#4523 = VECTOR ( 'NONE', #2827, 1000.000000000000000 ) ;
#4524 = ORIENTED_EDGE ( 'NONE', *, *, #3450, .T. ) ;
#4525 = VECTOR ( 'NONE', #5867, 1000.000000000000000 ) ;
#4526 = DIRECTION ( 'NONE',  ( -1.445602896647339163E-16, 1.000000000000000000, -0.000000000000000000 ) ) ;
#4527 = STYLED_ITEM ( 'NONE', ( #4700 ), #4545 ) ;
#4528 = EDGE_CURVE ( 'NONE', #5773, #2990, #2789, .T. ) ;
#4529 = ORIENTED_EDGE ( 'NONE', *, *, #4833, .T. ) ;
#4530 = DIRECTION ( 'NONE',  ( -1.000000000000000000, 0.000000000000000000, 0.000000000000000000 ) ) ;
#4531 =( NAMED_UNIT ( * ) PLANE_ANGLE_UNIT ( ) SI_UNIT ( $, .RADIAN. ) );
#4532 = CARTESIAN_POINT ( 'NONE',  ( 1.233647532169345418, 1.438265964758305149, 0.000000000000000000 ) ) ;
#4533 = FACE_BOUND ( 'NONE', #5096, .T. ) ;
#4534 = DIRECTION ( 'NONE',  ( 0.000000000000000000, 0.000000000000000000, -1.000000000000000000 ) ) ;
#4535 = DIRECTION ( 'NONE',  ( 0.000000000000000000, 0.000000000000000000, 1.000000000000000000 ) ) ;
#4536 = VECTOR ( 'NONE', #5936, 1000.000000000000000 ) ;
#4537 = EDGE_LOOP ( 'NONE', ( #5979, #1946, #4494, #2004 ) ) ;
#4538 = FILL_AREA_STYLE_COLOUR ( '', #5160 ) ;
#4539 = CARTESIAN_POINT ( 'NONE',  ( -1.499999999999999556, -1.500000000000000000, 0.000000000000000000 ) ) ;
#4540 = MECHANICAL_DESIGN_GEOMETRIC_PRESENTATION_REPRESENTATION (  '', ( #1085 ), #818 ) ;
#4541 = EDGE_CURVE ( 'NONE', #3588, #2946, #2625, .T. ) ;
#4542 = LINE ( 'NONE', #6855, #200 ) ;
#4543 = CARTESIAN_POINT ( 'NONE',  ( 1.510000000000000231, 0.3749999999999999445, 0.2000000000000000111 ) ) ;
#4544 = FILL_AREA_STYLE_COLOUR ( '', #5420 ) ;
#4545 = ADVANCED_FACE ( 'NONE', ( #3695 ), #1489, .T. ) ;
#4546 = VECTOR ( 'NONE', #5763, 1000.000000000000000 ) ;
#4547 = ORIENTED_EDGE ( 'NONE', *, *, #2742, .F. ) ;
#4548 = STYLED_ITEM ( 'NONE', ( #5612 ), #1239 ) ;
#4549 = CARTESIAN_POINT ( 'NONE',  ( 1.099641927408477882, 1.349680568275906323, 0.001000000000000000021 ) ) ;
#4550 = AXIS2_PLACEMENT_3D ( 'NONE', #5835, #1589, #3235 ) ;
#4551 = DIRECTION ( 'NONE',  ( 0.000000000000000000, 0.000000000000000000, -1.000000000000000000 ) ) ;
#4552 = CARTESIAN_POINT ( 'NONE',  ( 1.285663268773734380, 1.410835344966116400, 0.001000000000000000021 ) ) ;
#4553 = CARTESIAN_POINT ( 'NONE',  ( 1.099641927408477882, 1.349680568275906323, 0.001000000000000000021 ) ) ;
#4554 = CARTESIAN_POINT ( 'NONE',  ( 1.510000000000000231, 1.125000000000000000, 0.2000000000000000111 ) ) ;
#4555 = FACE_OUTER_BOUND ( 'NONE', #1114, .T. ) ;
#4556 = UNCERTAINTY_MEASURE_WITH_UNIT (LENGTH_MEASURE( 1.000000000000000082E-05 ), #6545, 'distance_accuracy_value', 'NONE');
#4557 = CARTESIAN_POINT ( 'NONE',  ( 0.7020809517987216530, 1.437485446324686889, 0.001000000000000000021 ) ) ;
#4558 = CARTESIAN_POINT ( 'NONE',  ( -1.100000000000000533, 1.125000000000000000, 0.2000000000000000111 ) ) ;
#4559 = DIRECTION ( 'NONE',  ( -0.000000000000000000, 0.000000000000000000, 1.000000000000000000 ) ) ;
#4560 = DIRECTION ( 'NONE',  ( 1.000000000000000000, 0.000000000000000000, 0.000000000000000000 ) ) ;
#4561 = COLOUR_RGB ( '',1.000000000000000000, 1.000000000000000000, 1.000000000000000000 ) ;
#4562 = AXIS2_PLACEMENT_3D ( 'NONE', #4549, #1817, #6104 ) ;
#4563 = EDGE_CURVE ( 'NONE', #3619, #1002, #5943, .T. ) ;
#4564 = COLOUR_RGB ( '',1.000000000000000000, 1.000000000000000000, 0.000000000000000000 ) ;
#4565 = ORIENTED_EDGE ( 'NONE', *, *, #4607, .F. ) ;
#4566 = ADVANCED_FACE ( 'NONE', ( #6525 ), #6110, .T. ) ;
#4567 = EDGE_LOOP ( 'NONE', ( #888, #4605, #105, #4017 ) ) ;
#4568 = APPLICATION_CONTEXT ( 'automotive_design' ) ;
#4569 = PLANE ( 'NONE',  #5627 ) ;
#4570 = CARTESIAN_POINT ( 'NONE',  ( 1.219398762410721204, 1.257063861063414612, -0.000000000000000000 ) ) ;
#4571 = VECTOR ( 'NONE', #336, 1000.000000000000000 ) ;
#4572 = CARTESIAN_POINT ( 'NONE',  ( -1.509999999999999787, -1.125000000000000222, 0.2000000000000000111 ) ) ;
#4573 = VECTOR ( 'NONE', #2820, 1000.000000000000000 ) ;
#4574 = FILL_AREA_STYLE ('',( #6721 ) ) ;
#4575 = ORIENTED_EDGE ( 'NONE', *, *, #1119, .T. ) ;
#4576 = FILL_AREA_STYLE ('',( #5632 ) ) ;
#4577 = FILL_AREA_STYLE ('',( #5149 ) ) ;
#4578 = STYLED_ITEM ( 'NONE', ( #2866 ), #4956 ) ;
#4579 = EDGE_CURVE ( 'NONE', #6162, #1168, #6623, .T. ) ;
#4580 = CARTESIAN_POINT ( 'NONE',  ( 1.284840160191273117, 1.310499204931823591, 0.001000000000000000021 ) ) ;
#4581 = CARTESIAN_POINT ( 'NONE',  ( -1.510000000000000231, 0.3749999999999999445, -0.05000000000000000278 ) ) ;
#4582 = ORIENTED_EDGE ( 'NONE', *, *, #3507, .T. ) ;
#4583 =( NAMED_UNIT ( * ) SI_UNIT ( $, .STERADIAN. ) SOLID_ANGLE_UNIT ( ) );
#4584 = AXIS2_PLACEMENT_3D ( 'NONE', #2035, #5757, #2056 ) ;
#4585 = ORIENTED_EDGE ( 'NONE', *, *, #6355, .T. ) ;
#4586 = DIRECTION ( 'NONE',  ( -0.000000000000000000, -0.000000000000000000, -1.000000000000000000 ) ) ;
#4587 = ORIENTED_EDGE ( 'NONE', *, *, #5405, .T. ) ;
#4588 = DIRECTION ( 'NONE',  ( 0.000000000000000000, 0.000000000000000000, 1.000000000000000000 ) ) ;
#4589 = EDGE_LOOP ( 'NONE', ( #5312, #1387, #6264, #2674, #4103, #3285 ) ) ;
#4590 = EDGE_LOOP ( 'NONE', ( #2541, #2580, #5194, #4582 ) ) ;
#4591 = CARTESIAN_POINT ( 'NONE',  ( 1.268046698086685797, 1.278083687133608981, 0.000000000000000000 ) ) ;
#4592 = FILL_AREA_STYLE ('',( #6245 ) ) ;
#4593 = CARTESIAN_POINT ( 'NONE',  ( 1.292401983671864762, 1.403294979762051309, 0.001000000000000000021 ) ) ;
#4594 =( GEOMETRIC_REPRESENTATION_CONTEXT ( 3 ) GLOBAL_UNCERTAINTY_ASSIGNED_CONTEXT ( ( #5230 ) ) GLOBAL_UNIT_ASSIGNED_CONTEXT ( ( #5473, #4952, #3892 ) ) REPRESENTATION_CONTEXT ( 'NONE', 'WORKASPACE' ) );
#4595 = COLOUR_RGB ( '',1.000000000000000000, 1.000000000000000000, 0.000000000000000000 ) ;
#4596 = ADVANCED_FACE ( 'NONE', ( #2880 ), #1211, .T. ) ;
#4597 =( LENGTH_UNIT ( ) NAMED_UNIT ( * ) SI_UNIT ( .MILLI., .METRE. ) );
#4598 = SURFACE_SIDE_STYLE ('',( #3832 ) ) ;
#4599 = ORIENTED_EDGE ( 'NONE', *, *, #4963, .F. ) ;
#4600 = CARTESIAN_POINT ( 'NONE',  ( 1.282717691851730235, 1.303078998695904600, 0.000000000000000000 ) ) ;
#4601 = CARTESIAN_POINT ( 'NONE',  ( 0.9236891835060386802, 1.437485446324686889, 0.000000000000000000 ) ) ;
#4602 = ADVANCED_FACE ( 'NONE', ( #4533, #438 ), #1775, .F. ) ;
#4603 = CARTESIAN_POINT ( 'NONE',  ( -0.000000000000000000, 1.125000000000000000, 0.000000000000000000 ) ) ;
#4604 = LINE ( 'NONE', #5398, #6781 ) ;
#4605 = ORIENTED_EDGE ( 'NONE', *, *, #3877, .F. ) ;
#4606 = AXIS2_PLACEMENT_3D ( 'NONE', #5504, #3382, #6617 ) ;
#4607 = EDGE_CURVE ( 'NONE', #3181, #2682, #6271, .T. ) ;
#4608 = DIRECTION ( 'NONE',  ( 0.000000000000000000, 1.000000000000000000, 0.000000000000000000 ) ) ;
#4609 = CARTESIAN_POINT ( 'NONE',  ( 0.8471340422152862093, 1.321662481182560134, 0.000000000000000000 ) ) ;
#4610 = SURFACE_SIDE_STYLE ('',( #6223 ) ) ;
#4611 = DIRECTION ( 'NONE',  ( -0.000000000000000000, -0.000000000000000000, 1.000000000000000000 ) ) ;
#4612 = LINE ( 'NONE', #290, #2021 ) ;
#4613 = EDGE_LOOP ( 'NONE', ( #5841, #5725, #3514, #4353 ) ) ;
#4614 = DIRECTION ( 'NONE',  ( 1.000000000000000000, 0.000000000000000000, -0.000000000000000000 ) ) ;
#4615 = STYLED_ITEM ( 'NONE', ( #2538 ), #4596 ) ;
#4616 = EDGE_CURVE ( 'NONE', #4351, #3353, #431, .T. ) ;
#4617 = CARTESIAN_POINT ( 'NONE',  ( 1.024032171310916839, 1.437485446324686889, 0.001000000000000000021 ) ) ;
#4618 = PLANE ( 'NONE',  #5172 ) ;
#4619 = EDGE_LOOP ( 'NONE', ( #268, #2094, #2951, #6674 ) ) ;
#4620 = CARTESIAN_POINT ( 'NONE',  ( 1.243537954925542532, 1.435991184460772674, 0.000000000000000000 ) ) ;
#4621 = CARTESIAN_POINT ( 'NONE',  ( 1.214414343295326493, 1.257029349556122222, 0.001000000000000000021 ) ) ;
#4622 = DIRECTION ( 'NONE',  ( 1.000000000000000000, 0.000000000000000000, 0.000000000000000000 ) ) ;
#4623 = FACE_OUTER_BOUND ( 'NONE', #5845, .T. ) ;
#4624 = SURFACE_SIDE_STYLE ('',( #6850 ) ) ;
#4625 = DIRECTION ( 'NONE',  ( 0.000000000000000000, 1.000000000000000000, 0.000000000000000000 ) ) ;
#4626 = CARTESIAN_POINT ( 'NONE',  ( 1.193779032107921356, 1.416266709532370438, 0.000000000000000000 ) ) ;
#4627 = STYLED_ITEM ( 'NONE', ( #2924 ), #6101 ) ;
#4628 = PRESENTATION_LAYER_ASSIGNMENT (  '', '', ( #1765 ) ) ;
#4629 = CARTESIAN_POINT ( 'NONE',  ( -1.510000000000000453, 0.8749999999999998890, 0.2000000000000000111 ) ) ;
#4630 =( NAMED_UNIT ( * ) SI_UNIT ( $, .STERADIAN. ) SOLID_ANGLE_UNIT ( ) );
#4631 = COLOUR_RGB ( '',1.000000000000000000, 1.000000000000000000, 0.000000000000000000 ) ;
#4632 = CARTESIAN_POINT ( 'NONE',  ( 0.8575753015271019297, 1.292004139550564590, 0.000000000000000000 ) ) ;
#4633 = DIRECTION ( 'NONE',  ( 1.000000000000000000, 0.000000000000000000, 0.000000000000000000 ) ) ;
#4634 = LINE ( 'NONE', #6548, #220 ) ;
#4635 = FACE_OUTER_BOUND ( 'NONE', #173, .T. ) ;
#4636 = CARTESIAN_POINT ( 'NONE',  ( 1.215042348561867769, 1.417914983985539834, 0.001000000000000000021 ) ) ;
#4637 = MANIFOLD_SOLID_BREP ( 'ÇÐ³ý-À­Éì2', #5666 ) ;
#4638 = MECHANICAL_DESIGN_GEOMETRIC_PRESENTATION_REPRESENTATION (  '', ( #1287 ), #2451 ) ;
#4639 = FACE_OUTER_BOUND ( 'NONE', #222, .T. ) ;
#4640 = CARTESIAN_POINT ( 'NONE',  ( 1.231807158792402213, 1.258203372036656553, 0.000000000000000000 ) ) ;
#4641 = CARTESIAN_POINT ( 'NONE',  ( 1.216829427408477660, 1.256997641446638170, 0.000000000000000000 ) ) ;
#4642 = UNCERTAINTY_MEASURE_WITH_UNIT (LENGTH_MEASURE( 1.000000000000000082E-05 ), #227, 'distance_accuracy_value', 'NONE');
#4643 = FILL_AREA_STYLE_COLOUR ( '', #6608 ) ;
#4644 = ORIENTED_EDGE ( 'NONE', *, *, #629, .T. ) ;
#4645 = CARTESIAN_POINT ( 'NONE',  ( 0.7157242444816485083, 1.413095202422247842, 0.001000000000000000021 ) ) ;
#4646 = CARTESIAN_POINT ( 'NONE',  ( 0.9533004639938436053, 1.415534226812491747, 0.001000000000000000021 ) ) ;
#4647 = LINE ( 'NONE', #4034, #6057 ) ;
#4648 = CARTESIAN_POINT ( 'NONE',  ( -0.8199999999999999512, -1.189999999999999947, -0.05000000000000000278 ) ) ;
#4649 = FILL_AREA_STYLE ('',( #860 ) ) ;
#4650 = LINE ( 'NONE', #2270, #4896 ) ;
#4651 = CARTESIAN_POINT ( 'NONE',  ( 1.308082777657451734, 1.293567267218154848, 0.001000000000000000021 ) ) ;
#4652 = MECHANICAL_DESIGN_GEOMETRIC_PRESENTATION_REPRESENTATION (  '', ( #3953 ), #2367 ) ;
#4653 = DIRECTION ( 'NONE',  ( 0.000000000000000000, -1.000000000000000000, -0.000000000000000000 ) ) ;
#4654 = LINE ( 'NONE', #2130, #1393 ) ;
#4655 = LINE ( 'NONE', #1501, #3566 ) ;
#4656 = SURFACE_SIDE_STYLE ('',( #6801 ) ) ;
#4657 = CARTESIAN_POINT ( 'NONE',  ( 0.7163721103353070108, 1.413095202422247842, 0.001000000000000000021 ) ) ;
#4658 =( GEOMETRIC_REPRESENTATION_CONTEXT ( 3 ) GLOBAL_UNCERTAINTY_ASSIGNED_CONTEXT ( ( #78 ) ) GLOBAL_UNIT_ASSIGNED_CONTEXT ( ( #5805, #6338, #2651 ) ) REPRESENTATION_CONTEXT ( 'NONE', 'WORKASPACE' ) );
#4659 = EDGE_CURVE ( 'NONE', #5282, #114, #3036, .T. ) ;
#4660 = FACE_OUTER_BOUND ( 'NONE', #4286, .T. ) ;
#4661 = CARTESIAN_POINT ( 'NONE',  ( 1.242543737154283123, 1.412543412081044725, 0.001000000000000000021 ) ) ;
#4662 = ORIENTED_EDGE ( 'NONE', *, *, #5184, .F. ) ;
#4663 = CARTESIAN_POINT ( 'NONE',  ( 1.250089152722355434, 1.238675492615672447, 0.001000000000000000021 ) ) ;
#4664 = FACE_OUTER_BOUND ( 'NONE', #203, .T. ) ;
#4665 = DIRECTION ( 'NONE',  ( -0.000000000000000000, 0.000000000000000000, -1.000000000000000000 ) ) ;
#4666 = EDGE_LOOP ( 'NONE', ( #1057, #4499, #2577, #3682, #4339 ) ) ;
#4667 = DIRECTION ( 'NONE',  ( -0.000000000000000000, -0.000000000000000000, -1.000000000000000000 ) ) ;
#4668 = PRESENTATION_LAYER_ASSIGNMENT (  '', '', ( #4805 ) ) ;
#4669 = EDGE_CURVE ( 'NONE', #6692, #1340, #4612, .T. ) ;
#4670 = CARTESIAN_POINT ( 'NONE',  ( 1.286350409039927145, 1.318380549300756543, 0.000000000000000000 ) ) ;
#4671 = PLANE ( 'NONE',  #5727 ) ;
#4672 = CARTESIAN_POINT ( 'NONE',  ( 0.9074490843690673492, 1.260638047044752019, 0.001000000000000000021 ) ) ;
#4673 = ADVANCED_FACE ( 'NONE', ( #1434 ), #4014, .T. ) ;
#4674 = LINE ( 'NONE', #6023, #2855 ) ;
#4675 = CARTESIAN_POINT ( 'NONE',  ( 1.500000000000000000, 0.6249999999999998890, 0.1999999999999999833 ) ) ;
#4676 = LINE ( 'NONE', #6369, #3941 ) ;
#4677 = ORIENTED_EDGE ( 'NONE', *, *, #2123, .T. ) ;
#4678 = FILL_AREA_STYLE_COLOUR ( '', #537 ) ;
#4679 = EDGE_LOOP ( 'NONE', ( #773, #3417, #2264, #1543, #4110, #5409 ) ) ;
#4680 = CARTESIAN_POINT ( 'NONE',  ( -7.885106708985486569E-17, 0.5000000000000000000, 0.2000000000000000111 ) ) ;
#4681 = PRESENTATION_LAYER_ASSIGNMENT (  '', '', ( #3258 ) ) ;
#4682 = CARTESIAN_POINT ( 'NONE',  ( -1.099999999999999867, -0.8750000000000001110, -0.05000000000000000278 ) ) ;
#4683 = FACE_OUTER_BOUND ( 'NONE', #3491, .T. ) ;
#4684 = ORIENTED_EDGE ( 'NONE', *, *, #1884, .F. ) ;
#4685 = MECHANICAL_DESIGN_GEOMETRIC_PRESENTATION_REPRESENTATION (  '', ( #6462 ), #5970 ) ;
#4686 = CARTESIAN_POINT ( 'NONE',  ( 1.193779032107921356, 1.416266709532370438, 0.001000000000000000021 ) ) ;
#4687 = CARTESIAN_POINT ( 'NONE',  ( 1.220356996711903896, 1.417800709320366614, 0.000000000000000000 ) ) ;
#4688 = LINE ( 'NONE', #6191, #4849 ) ;
#4689 = VERTEX_POINT ( 'NONE', #3525 ) ;
#4690 = CARTESIAN_POINT ( 'NONE',  ( 1.433788268871892591, 1.437485446324686889, 0.001000000000000000021 ) ) ;
#4691 = ORIENTED_EDGE ( 'NONE', *, *, #6294, .T. ) ;
#4692 = MECHANICAL_DESIGN_GEOMETRIC_PRESENTATION_REPRESENTATION (  '', ( #535 ), #274 ) ;
#4693 = VECTOR ( 'NONE', #3501, 1000.000000000000000 ) ;
#4694 = CARTESIAN_POINT ( 'NONE',  ( 1.028910220091404648, 1.327729348763711181, 0.000000000000000000 ) ) ;
#4695 = ORIENTED_EDGE ( 'NONE', *, *, #3495, .T. ) ;
#4696 = CARTESIAN_POINT ( 'NONE',  ( 1.202630051228305241, 1.257733464664141376, 0.000000000000000000 ) ) ;
#4697 = CARTESIAN_POINT ( 'NONE',  ( -1.100000000000000533, 1.125000000000000000, 0.2000000000000000111 ) ) ;
#4698 = DIRECTION ( 'NONE',  ( 0.000000000000000000, -1.000000000000000000, 0.000000000000000000 ) ) ;
#4699 = DIRECTION ( 'NONE',  ( 0.000000000000000000, 0.000000000000000000, -1.000000000000000000 ) ) ;
#4700 = PRESENTATION_STYLE_ASSIGNMENT (( #6530 ) ) ;
#4701 =( GEOMETRIC_REPRESENTATION_CONTEXT ( 3 ) GLOBAL_UNCERTAINTY_ASSIGNED_CONTEXT ( ( #6296 ) ) GLOBAL_UNIT_ASSIGNED_CONTEXT ( ( #3840, #6908, #1934 ) ) REPRESENTATION_CONTEXT ( 'NONE', 'WORKASPACE' ) );
#4702 = PRESENTATION_LAYER_ASSIGNMENT (  '', '', ( #4357 ) ) ;
#4703 = EDGE_CURVE ( 'NONE', #327, #575, #1856, .T. ) ;
#4704 = ORIENTED_EDGE ( 'NONE', *, *, #4521, .T. ) ;
#4705 = CARTESIAN_POINT ( 'NONE',  ( 0.8305958556868024978, 1.388706522254193665, 0.001000000000000000021 ) ) ;
#4706 = CARTESIAN_POINT ( 'NONE',  ( 0.9219189669395054798, 1.237554707399918019, 0.000000000000000000 ) ) ;
#4707 = CARTESIAN_POINT ( 'NONE',  ( 1.028910220091404648, 1.349680568275906323, 0.001000000000000000021 ) ) ;
#4708 = COLOUR_RGB ( '',1.000000000000000000, 1.000000000000000000, 0.000000000000000000 ) ;
#4709 = VECTOR ( 'NONE', #2321, 1000.000000000000114 ) ;
#4710 = ADVANCED_FACE ( 'NONE', ( #5770 ), #5147, .T. ) ;
#4711 = CARTESIAN_POINT ( 'NONE',  ( 1.024032171310916839, 1.415534226812491747, 0.001000000000000000021 ) ) ;
#4712 = VERTEX_POINT ( 'NONE', #5106 ) ;
#4713 = PRESENTATION_LAYER_ASSIGNMENT (  '', '', ( #4578 ) ) ;
#4714 = EDGE_CURVE ( 'NONE', #5188, #4240, #5510, .T. ) ;
#4715 = CARTESIAN_POINT ( 'NONE',  ( 1.240705897366340071, 1.236548989636322871, 0.001000000000000000021 ) ) ;
#4716 = SURFACE_STYLE_FILL_AREA ( #1300 ) ;
#4717 = VECTOR ( 'NONE', #6762, 1000.000000000000000 ) ;
#4718 = CARTESIAN_POINT ( 'NONE',  ( 0.8418894919363659746, 1.404271237907384728, 0.000000000000000000 ) ) ;
#4719 =( NAMED_UNIT ( * ) PLANE_ANGLE_UNIT ( ) SI_UNIT ( $, .RADIAN. ) );
#4720 = CARTESIAN_POINT ( 'NONE',  ( 1.240705897366340071, 1.236548989636322871, 0.001000000000000000021 ) ) ;
#4721 = VECTOR ( 'NONE', #1987, 1000.000000000000000 ) ;
#4722 = STYLED_ITEM ( 'NONE', ( #1639 ), #6339 ) ;
#4723 = DIRECTION ( 'NONE',  ( 0.000000000000000000, -1.000000000000000000, 0.000000000000000000 ) ) ;
#4724 = VECTOR ( 'NONE', #1069, 1000.000000000000000 ) ;
#4725 = PLANE ( 'NONE',  #5745 ) ;
#4726 = CARTESIAN_POINT ( 'NONE',  ( 1.499999999999999778, 1.500000000000000000, 0.1999999999999999833 ) ) ;
#4727 = DIRECTION ( 'NONE',  ( 0.000000000000000000, 1.000000000000000000, 0.000000000000000000 ) ) ;
#4728 = UNCERTAINTY_MEASURE_WITH_UNIT (LENGTH_MEASURE( 1.000000000000000082E-05 ), #4437, 'distance_accuracy_value', 'NONE');
#4729 = ORIENTED_EDGE ( 'NONE', *, *, #1649, .F. ) ;
#4730 = VECTOR ( 'NONE', #2431, 1000.000000000000000 ) ;
#4731 = CARTESIAN_POINT ( 'NONE',  ( 1.212332476188965558, 1.417973251202735652, 0.000000000000000000 ) ) ;
#4732 = SURFACE_SIDE_STYLE ('',( #758 ) ) ;
#4733 = AXIS2_PLACEMENT_3D ( 'NONE', #1621, #2102, #2051 ) ;
#4734 = SURFACE_SIDE_STYLE ('',( #1745 ) ) ;
#4735 = SURFACE_STYLE_FILL_AREA ( #5622 ) ;
#4736 = ORIENTED_EDGE ( 'NONE', *, *, #3094, .F. ) ;
#4737 = VERTEX_POINT ( 'NONE', #5195 ) ;
#4738 = ADVANCED_FACE ( 'NONE', ( #2522 ), #3064, .T. ) ;
#4739 = CARTESIAN_POINT ( 'NONE',  ( -0.000000000000000000, -0.8750000000000001110, 0.000000000000000000 ) ) ;
#4740 = CARTESIAN_POINT ( 'NONE',  ( -0.8199999999999998401, 0.9399999999999998357, 0.000000000000000000 ) ) ;
#4741 = CARTESIAN_POINT ( 'NONE',  ( 0.8358050677545354468, 1.396760303174782614, 0.000000000000000000 ) ) ;
#4742 = LINE ( 'NONE', #453, #5982 ) ;
#4743 = CARTESIAN_POINT ( 'NONE',  ( 1.212332476188965558, 1.417973251202735652, 0.001000000000000000021 ) ) ;
#4744 = ADVANCED_FACE ( 'NONE', ( #1089 ), #5962, .F. ) ;
#4745 = CARTESIAN_POINT ( 'NONE',  ( 1.310872504341219935, 1.302834690336651891, 0.001000000000000000021 ) ) ;
#4746 = AXIS2_PLACEMENT_3D ( 'NONE', #609, #5945, #6458 ) ;
#4747 = EDGE_CURVE ( 'NONE', #513, #2195, #670, .T. ) ;
#4748 = ORIENTED_EDGE ( 'NONE', *, *, #5191, .F. ) ;
#4749 = SURFACE_SIDE_STYLE ('',( #2047 ) ) ;
#4750 = LINE ( 'NONE', #5749, #326 ) ;
#4751 = CARTESIAN_POINT ( 'NONE',  ( 0.9034445321371753490, 1.239086136707224783, 0.001000000000000000021 ) ) ;
#4752 = FILL_AREA_STYLE ('',( #4193 ) ) ;
#4753 = ORIENTED_EDGE ( 'NONE', *, *, #3720, .T. ) ;
#4754 = PLANE ( 'NONE',  #957 ) ;
#4755 = EDGE_CURVE ( 'NONE', #3851, #335, #1179, .T. ) ;
#4756 = SURFACE_STYLE_USAGE ( .BOTH. , #1640 ) ;
#4757 = COLOUR_RGB ( '',1.000000000000000000, 1.000000000000000000, 0.000000000000000000 ) ;
#4758 =( NAMED_UNIT ( * ) PLANE_ANGLE_UNIT ( ) SI_UNIT ( $, .RADIAN. ) );
#4759 = ORIENTED_EDGE ( 'NONE', *, *, #2113, .T. ) ;
#4760 = EDGE_LOOP ( 'NONE', ( #4111, #5922, #2107, #4905 ) ) ;
#4761 = VECTOR ( 'NONE', #697, 1000.000000000000114 ) ;
#4762 = CARTESIAN_POINT ( 'NONE',  ( -0.000000000000000000, -1.125000000000000222, 0.000000000000000000 ) ) ;
#4763 = AXIS2_PLACEMENT_3D ( 'NONE', #4557, #2386, #2911 ) ;
#4764 = EDGE_CURVE ( 'NONE', #5751, #2714, #4604, .T. ) ;
#4765 = EDGE_LOOP ( 'NONE', ( #12, #599, #1150, #6851, #1079, #863, #4037, #835, #6764, #3658, #1016, #6858, #4222, #6776, #5696, #4453, #2833, #5004, #5378, #1838, #6660, #291, #933, #1506, #5031, #418, #94, #897, #5565, #2199, #2644, #2017, #428, #4175, #172, #4929, #890, #3484, #3539, #3015, #259, #4783, #841, #3674 ) ) ;
#4766 = ORIENTED_EDGE ( 'NONE', *, *, #857, .F. ) ;
#4767 = ORIENTED_EDGE ( 'NONE', *, *, #2260, .F. ) ;
#4768 = CARTESIAN_POINT ( 'NONE',  ( 1.182951136505685286, 1.261899652041536202, 0.000000000000000000 ) ) ;
#4769 =( LENGTH_UNIT ( ) NAMED_UNIT ( * ) SI_UNIT ( .MILLI., .METRE. ) );
#4770 = CARTESIAN_POINT ( 'NONE',  ( 1.167372264100061230, 1.246815450049244989, 0.000000000000000000 ) ) ;
#4771 = CARTESIAN_POINT ( 'NONE',  ( 1.292401983671864762, 1.403294979762051309, 0.000000000000000000 ) ) ;
#4772 = SURFACE_STYLE_FILL_AREA ( #2308 ) ;
#4773 = CARTESIAN_POINT ( 'NONE',  ( 1.165495585945063306, 1.405168373153955041, 0.000000000000000000 ) ) ;
#4774 = CARTESIAN_POINT ( 'NONE',  ( 1.100000000000000311, 0.6249999999999998890, 0.2000000000000000111 ) ) ;
#4775 = ORIENTED_EDGE ( 'NONE', *, *, #1220, .F. ) ;
#4776 = UNCERTAINTY_MEASURE_WITH_UNIT (LENGTH_MEASURE( 1.000000000000000082E-05 ), #2165, 'distance_accuracy_value', 'NONE');
#4777 = CARTESIAN_POINT ( 'NONE',  ( 0.7752516835060386802, 1.237485446324686711, 0.001000000000000000021 ) ) ;
#4778 = DIRECTION ( 'NONE',  ( 1.000000000000000000, -0.000000000000000000, -0.000000000000000000 ) ) ;
#4779 = CARTESIAN_POINT ( 'NONE',  ( 0.8358050677545354468, 1.396760303174782614, 2.117582368135750848E-19 ) ) ;
#4780 = AXIS2_PLACEMENT_3D ( 'NONE', #6621, #3989, #1788 ) ;
#4781 = DIRECTION ( 'NONE',  ( 0.000000000000000000, 0.000000000000000000, -1.000000000000000000 ) ) ;
#4782 = ORIENTED_EDGE ( 'NONE', *, *, #6677, .F. ) ;
#4783 = ORIENTED_EDGE ( 'NONE', *, *, #6440, .F. ) ;
#4784 = CARTESIAN_POINT ( 'NONE',  ( 1.284652735058817274, 1.361543276896464816, 0.001000000000000000021 ) ) ;
#4785 = CARTESIAN_POINT ( 'NONE',  ( -1.100000000000000311, 0.6249999999999998890, 0.2000000000000000111 ) ) ;
#4786 = CARTESIAN_POINT ( 'NONE',  ( 1.261236720258799293, 1.400936674074674482, 0.000000000000000000 ) ) ;
#4787 = ORIENTED_EDGE ( 'NONE', *, *, #1714, .T. ) ;
#4788 = AXIS2_PLACEMENT_3D ( 'NONE', #4054, #923, #3506 ) ;
#4789 = PRESENTATION_STYLE_ASSIGNMENT (( #6878 ) ) ;
#4790 = DIRECTION ( 'NONE',  ( 0.000000000000000000, -0.000000000000000000, 1.000000000000000000 ) ) ;
#4791 = LINE ( 'NONE', #5535, #4291 ) ;
#4792 = DIRECTION ( 'NONE',  ( -0.000000000000000000, -0.000000000000000000, -1.000000000000000000 ) ) ;
#4793 = CARTESIAN_POINT ( 'NONE',  ( 1.245419056665099111, 1.262158219104640322, 0.001000000000000000021 ) ) ;
#4794 = EDGE_LOOP ( 'NONE', ( #2886, #828, #1590, #6425 ) ) ;
#4795 = CARTESIAN_POINT ( 'NONE',  ( 1.233647532169345418, 1.438265964758305149, 0.000000000000000000 ) ) ;
#4796 = FILL_AREA_STYLE ('',( #4259 ) ) ;
#4797 = LINE ( 'NONE', #6785, #4546 ) ;
#4798 = DIRECTION ( 'NONE',  ( -0.000000000000000000, -0.000000000000000000, -1.000000000000000000 ) ) ;
#4799 = MECHANICAL_DESIGN_GEOMETRIC_PRESENTATION_REPRESENTATION (  '', ( #4438 ), #6217 ) ;
#4800 = EDGE_CURVE ( 'NONE', #994, #6774, #3599, .T. ) ;
#4801 = CARTESIAN_POINT ( 'NONE',  ( 1.499999999999999778, 1.500000000000000000, 0.000000000000000000 ) ) ;
#4802 = CARTESIAN_POINT ( 'NONE',  ( 0.8789385826073159436, 1.404907881513281387, 0.000000000000000000 ) ) ;
#4803 = SURFACE_STYLE_FILL_AREA ( #979 ) ;
#4804 = CARTESIAN_POINT ( 'NONE',  ( 0.7163721103353070108, 1.413095202422247842, 0.001000000000000000021 ) ) ;
#4805 = STYLED_ITEM ( 'NONE', ( #3934 ), #5488 ) ;
#4806 = EDGE_CURVE ( 'NONE', #654, #1266, #3683, .T. ) ;
#4807 = CARTESIAN_POINT ( 'NONE',  ( 1.204778259901588156, 1.235774713246243550, 0.000000000000000000 ) ) ;
#4808 = COLOUR_RGB ( '',1.000000000000000000, 1.000000000000000000, 0.000000000000000000 ) ;
#4809 = DIRECTION ( 'NONE',  ( -0.000000000000000000, 0.000000000000000000, 1.000000000000000000 ) ) ;
#4810 = SURFACE_STYLE_FILL_AREA ( #2223 ) ;
#4811 = CARTESIAN_POINT ( 'NONE',  ( -0.000000000000000000, -0.6250000000000001110, 0.000000000000000000 ) ) ;
#4812 = DIRECTION ( 'NONE',  ( -1.000000000000000000, 0.000000000000000000, 0.000000000000000000 ) ) ;
#4813 = CARTESIAN_POINT ( 'NONE',  ( 1.190293880791923442, 1.238162037073414101, 0.001000000000000000021 ) ) ;
#4814 = DIRECTION ( 'NONE',  ( -1.000000000000000000, 1.366641393889291687E-16, 0.000000000000000000 ) ) ;
#4815 = CARTESIAN_POINT ( 'NONE',  ( 0.7289102200914046037, 1.437485446324686889, 0.001000000000000000021 ) ) ;
#4816 = UNCERTAINTY_MEASURE_WITH_UNIT (LENGTH_MEASURE( 1.000000000000000082E-05 ), #1558, 'distance_accuracy_value', 'NONE');
#4817 = CARTESIAN_POINT ( 'NONE',  ( 1.228121292254204189, 1.416678743383278150, 0.001000000000000000021 ) ) ;
#4818 = CARTESIAN_POINT ( 'NONE',  ( 0.8921664001293274637, 1.433906443181512946, 0.001000000000000000021 ) ) ;
#4819 = DIRECTION ( 'NONE',  ( 1.000000000000000000, 0.000000000000000000, 0.000000000000000000 ) ) ;
#4820 = LINE ( 'NONE', #417, #6657 ) ;
#4821 = CARTESIAN_POINT ( 'NONE',  ( 1.279447239625169930, 1.376715267716938307, 0.000000000000000000 ) ) ;
#4822 = SURFACE_STYLE_FILL_AREA ( #1756 ) ;
#4823 = CARTESIAN_POINT ( 'NONE',  ( 1.499999999999999778, 0.8749999999999998890, 0.8499999999999999778 ) ) ;
#4824 = PRESENTATION_LAYER_ASSIGNMENT (  '', '', ( #6118 ) ) ;
#4825 = PLANE ( 'NONE',  #6143 ) ;
#4826 = EDGE_LOOP ( 'NONE', ( #3049, #3346, #3779, #235 ) ) ;
#4827 = ORIENTED_EDGE ( 'NONE', *, *, #2078, .T. ) ;
#4828 =( NAMED_UNIT ( * ) PLANE_ANGLE_UNIT ( ) SI_UNIT ( $, .RADIAN. ) );
#4829 = FILL_AREA_STYLE ('',( #1064 ) ) ;
#4830 = DIRECTION ( 'NONE',  ( 0.000000000000000000, -1.000000000000000000, 0.000000000000000000 ) ) ;
#4831 = SURFACE_STYLE_FILL_AREA ( #3317 ) ;
#4832 = SURFACE_SIDE_STYLE ('',( #3730 ) ) ;
#4833 = EDGE_CURVE ( 'NONE', #317, #2241, #17, .T. ) ;
#4834 = CARTESIAN_POINT ( 'NONE',  ( 1.509999999999999343, -0.6250000000000001110, -0.05000000000000000278 ) ) ;
#4835 = CARTESIAN_POINT ( 'NONE',  ( 0.8848003314183219281, 1.267537789055004582, 0.001000000000000000021 ) ) ;
#4836 = SURFACE_STYLE_USAGE ( .BOTH. , #494 ) ;
#4837 = ORIENTED_EDGE ( 'NONE', *, *, #113, .T. ) ;
#4838 =( NAMED_UNIT ( * ) PLANE_ANGLE_UNIT ( ) SI_UNIT ( $, .RADIAN. ) );
#4839 = VECTOR ( 'NONE', #2657, 1000.000000000000000 ) ;
#4840 = FILL_AREA_STYLE_COLOUR ( '', #5983 ) ;
#4841 = VERTEX_POINT ( 'NONE', #2237 ) ;
#4842 = VERTEX_POINT ( 'NONE', #3278 ) ;
#4843 = EDGE_CURVE ( 'NONE', #4183, #1902, #1348, .T. ) ;
#4844 = CARTESIAN_POINT ( 'NONE',  ( 1.266637615558718455, 1.395698466623853884, 0.001000000000000000021 ) ) ;
#4845 = VECTOR ( 'NONE', #936, 1000.000000000000000 ) ;
#4846 = DIRECTION ( 'NONE',  ( -1.000000000000000000, 0.000000000000000000, -0.000000000000000000 ) ) ;
#4847 = LINE ( 'NONE', #332, #6601 ) ;
#4848 = ORIENTED_EDGE ( 'NONE', *, *, #3624, .T. ) ;
#4849 = VECTOR ( 'NONE', #4633, 1000.000000000000000 ) ;
#4850 = DIRECTION ( 'NONE',  ( -1.000000000000000000, 0.000000000000000000, 0.000000000000000000 ) ) ;
#4851 = MECHANICAL_DESIGN_GEOMETRIC_PRESENTATION_REPRESENTATION (  '', ( #3246 ), #3306 ) ;
#4852 = FACE_OUTER_BOUND ( 'NONE', #2306, .T. ) ;
#4853 = ORIENTED_EDGE ( 'NONE', *, *, #4124, .F. ) ;
#4854 = CARTESIAN_POINT ( 'NONE',  ( 0.7289102200914046037, 1.437485446324686889, 0.001000000000000000021 ) ) ;
#4855 = CARTESIAN_POINT ( 'NONE',  ( 0.7149351670263043301, 1.408720823696960833, 0.001000000000000000021 ) ) ;
#4856 = UNCERTAINTY_MEASURE_WITH_UNIT (LENGTH_MEASURE( 1.000000000000000082E-05 ), #827, 'distance_accuracy_value', 'NONE');
#4857 = DIRECTION ( 'NONE',  ( -0.000000000000000000, 0.000000000000000000, 1.000000000000000000 ) ) ;
#4858 = ORIENTED_EDGE ( 'NONE', *, *, #561, .T. ) ;
#4859 = DIRECTION ( 'NONE',  ( 0.000000000000000000, -0.000000000000000000, 1.000000000000000000 ) ) ;
#4860 = CARTESIAN_POINT ( 'NONE',  ( 0.8618797747000271903, 1.285929370878940325, 0.000000000000000000 ) ) ;
#4861 = DIRECTION ( 'NONE',  ( 0.000000000000000000, -1.000000000000000000, 0.000000000000000000 ) ) ;
#4862 = VECTOR ( 'NONE', #2320, 1000.000000000000000 ) ;
#4863 = CARTESIAN_POINT ( 'NONE',  ( 1.500000000000000000, 0.1249999999999998890, 0.8499999999999999778 ) ) ;
#4864 = VERTEX_POINT ( 'NONE', #3349 ) ;
#4865 = CARTESIAN_POINT ( 'NONE',  ( -1.499999999999999556, -1.125000000000000222, 0.2000000000000000111 ) ) ;
#4866 = CARTESIAN_POINT ( 'NONE',  ( 0.8488691470480581591, 1.411138868804953317, 2.117582368135750848E-19 ) ) ;
#4867 = B_SPLINE_CURVE_WITH_KNOTS ( 'NONE', 3,
 ( #5039, #2407, #2872, #6068, #788, #4466, #3445, #2938, #6117, #6139, #204, #2314, #6659, #770, #5555, #2344, #719, #3463, #271 ),
 .UNSPECIFIED., .F., .F.,
 ( 4, 1, 1, 1, 1, 1, 1, 1, 1, 1, 1, 1, 1, 1, 1, 1, 4 ),
 ( 0.000000000000000000, 0.06806869584499457282, 0.1334274328189550829, 0.1961460338131570114, 0.2570485924493124963, 0.3168826631591622478, 0.3761872086663219372, 0.4359603353635462253, 0.4965352368627262147, 0.5574653434807335106, 0.6176868634101474465, 0.6779436406969060469, 0.7388052848060403521, 0.8009493367665840857, 0.8648146674702263947, 0.9310247810786568268, 1.000000000000000000 ),
 .UNSPECIFIED. ) ;
#4868 =( NAMED_UNIT ( * ) SI_UNIT ( $, .STERADIAN. ) SOLID_ANGLE_UNIT ( ) );
#4869 = AXIS2_PLACEMENT_3D ( 'NONE', #1774, #2267, #6059 ) ;
#4870 = VECTOR ( 'NONE', #764, 1000.000000000000000 ) ;
#4871 = DIRECTION ( 'NONE',  ( 0.000000000000000000, 1.000000000000000000, 0.000000000000000000 ) ) ;
#4872 = ORIENTED_EDGE ( 'NONE', *, *, #5766, .F. ) ;
#4873 = CARTESIAN_POINT ( 'NONE',  ( 0.7020809517987216530, 1.437485446324686889, 0.001000000000000000021 ) ) ;
#4874 =( NAMED_UNIT ( * ) PLANE_ANGLE_UNIT ( ) SI_UNIT ( $, .RADIAN. ) );
#4875 = VECTOR ( 'NONE', #1973, 1000.000000000000000 ) ;
#4876 = AXIS2_PLACEMENT_3D ( 'NONE', #4463, #293, #4513 ) ;
#4877 = EDGE_CURVE ( 'NONE', #6774, #6258, #2440, .T. ) ;
#4878 = CARTESIAN_POINT ( 'NONE',  ( 1.433788268871892591, 1.237485446324686711, 0.001000000000000000021 ) ) ;
#4879 = CARTESIAN_POINT ( 'NONE',  ( 0.7142032102368268687, 1.404834093301119413, 0.001000000000000000021 ) ) ;
#4880 = FILL_AREA_STYLE ('',( #85 ) ) ;
#4881 = COLOUR_RGB ( '',1.000000000000000000, 1.000000000000000000, 0.000000000000000000 ) ;
#4882 = FILL_AREA_STYLE_COLOUR ( '', #3472 ) ;
#4883 = CARTESIAN_POINT ( 'NONE',  ( 0.8510375014523401394, 1.305795056517792041, 0.000000000000000000 ) ) ;
#4884 = CARTESIAN_POINT ( 'NONE',  ( -1.499999999999999778, -0.6250000000000001110, 0.8499999999999999778 ) ) ;
#4885 = SURFACE_SIDE_STYLE ('',( #3927 ) ) ;
#4886 = MECHANICAL_DESIGN_GEOMETRIC_PRESENTATION_REPRESENTATION (  '', ( #4527 ), #3106 ) ;
#4887 = EDGE_CURVE ( 'NONE', #6512, #4918, #5264, .T. ) ;
#4888 = CARTESIAN_POINT ( 'NONE',  ( 1.167087610647193907, 1.432643879372812679, 0.001000000000000000021 ) ) ;
#4889 = VECTOR ( 'NONE', #547, 1000.000000000000000 ) ;
#4890 = CARTESIAN_POINT ( 'NONE',  ( 0.8460489469395943152, 1.342493220913169027, -0.000000000000000000 ) ) ;
#4891 = VECTOR ( 'NONE', #2909, 1000.000000000000000 ) ;
#4892 = ORIENTED_EDGE ( 'NONE', *, *, #973, .F. ) ;
#4893 = PRESENTATION_LAYER_ASSIGNMENT (  '', '', ( #5505 ) ) ;
#4894 = EDGE_CURVE ( 'NONE', #5102, #6753, #111, .T. ) ;
#4895 = CARTESIAN_POINT ( 'NONE',  ( 0.8208403828167714078, 1.318012091451748580, 0.001000000000000000021 ) ) ;
#4896 = VECTOR ( 'NONE', #1192, 1000.000000000000000 ) ;
#4897 = FACE_OUTER_BOUND ( 'NONE', #6597, .T. ) ;
#4898 =( NAMED_UNIT ( * ) PLANE_ANGLE_UNIT ( ) SI_UNIT ( $, .RADIAN. ) );
#4899 = DIRECTION ( 'NONE',  ( -1.000000000000000000, 0.000000000000000000, 0.000000000000000000 ) ) ;
#4900 = DIRECTION ( 'NONE',  ( 0.000000000000000000, 0.000000000000000000, -1.000000000000000000 ) ) ;
#4901 = VERTEX_POINT ( 'NONE', #3882 ) ;
#4902 = CARTESIAN_POINT ( 'NONE',  ( 1.406959000579209640, 1.437485446324686889, 0.001000000000000000021 ) ) ;
#4903 = CARTESIAN_POINT ( 'NONE',  ( 0.8618797747000271903, 1.285929370878940325, 0.001000000000000000021 ) ) ;
#4904 = AXIS2_PLACEMENT_3D ( 'NONE', #5350, #6449, #123 ) ;
#4905 = ORIENTED_EDGE ( 'NONE', *, *, #4887, .T. ) ;
#4906 = CARTESIAN_POINT ( 'NONE',  ( 0.8045199761889655354, 1.237485446324686711, 0.001000000000000000021 ) ) ;
#4907 = DIRECTION ( 'NONE',  ( 0.000000000000000000, -0.000000000000000000, -1.000000000000000000 ) ) ;
#4908 = DIRECTION ( 'NONE',  ( 0.000000000000000000, 0.000000000000000000, -1.000000000000000000 ) ) ;
#4909 = EDGE_LOOP ( 'NONE', ( #1410, #1581, #4413, #6280 ) ) ;
#4910 = FILL_AREA_STYLE ('',( #93 ) ) ;
#4911 = DIRECTION ( 'NONE',  ( -1.000000000000000000, 0.000000000000000000, 0.000000000000000000 ) ) ;
#4912 = COLOUR_RGB ( '',1.000000000000000000, 1.000000000000000000, 1.000000000000000000 ) ;
#4913 =( NAMED_UNIT ( * ) PLANE_ANGLE_UNIT ( ) SI_UNIT ( $, .RADIAN. ) );
#4914 = VERTEX_POINT ( 'NONE', #2739 ) ;
#4915 =( LENGTH_UNIT ( ) NAMED_UNIT ( * ) SI_UNIT ( .MILLI., .METRE. ) );
#4916 = LINE ( 'NONE', #1115, #2677 ) ;
#4917 = ORIENTED_EDGE ( 'NONE', *, *, #5830, .F. ) ;
#4918 = VERTEX_POINT ( 'NONE', #2216 ) ;
#4919 = VERTEX_POINT ( 'NONE', #3804 ) ;
#4920 = DIRECTION ( 'NONE',  ( 0.000000000000000000, 0.000000000000000000, -1.000000000000000000 ) ) ;
#4921 = PRESENTATION_LAYER_ASSIGNMENT (  '', '', ( #3494 ) ) ;
#4922 = EDGE_CURVE ( 'NONE', #6419, #511, #4443, .T. ) ;
#4923 =( LENGTH_UNIT ( ) NAMED_UNIT ( * ) SI_UNIT ( .MILLI., .METRE. ) );
#4924 = FACE_OUTER_BOUND ( 'NONE', #2881, .T. ) ;
#4925 = COLOUR_RGB ( '',1.000000000000000000, 1.000000000000000000, 1.000000000000000000 ) ;
#4926 = CARTESIAN_POINT ( 'NONE',  ( 0.8487744976868977220, 1.313476808538272422, 0.001000000000000000021 ) ) ;
#4927 = B_SPLINE_CURVE_WITH_KNOTS ( 'NONE', 3,
 ( #5329, #3451, #870, #5103, #353, #3548, #6176, #1392, #6701, #4591, #895, #4025, #5126, #3018, #1955, #4640, #4091, #4570, #850 ),
 .UNSPECIFIED., .F., .F.,
 ( 4, 1, 1, 1, 1, 1, 1, 1, 1, 1, 1, 1, 1, 1, 1, 1, 4 ),
 ( 0.000000000000000000, 0.07377411937406354314, 0.1440791147260405414, 0.2113485183089111319, 0.2760768857398832044, 0.3385209158196766377, 0.3998851166931332579, 0.4602540674652132457, 0.5205889643912481324, 0.5802076845630439461, 0.6386329085525460636, 0.6963645494905235100, 0.7540017746600126136, 0.8128056813744971576, 0.8727544255255602623, 0.9351819969782664277, 1.000000000000000000 ),
 .UNSPECIFIED. ) ;
#4928 = VERTEX_POINT ( 'NONE', #604 ) ;
#4929 = ORIENTED_EDGE ( 'NONE', *, *, #102, .T. ) ;
#4930 = SURFACE_STYLE_USAGE ( .BOTH. , #1146 ) ;
#4931 = FILL_AREA_STYLE_COLOUR ( '', #5001 ) ;
#4932 = ORIENTED_EDGE ( 'NONE', *, *, #1518, .T. ) ;
#4933 = FILL_AREA_STYLE_COLOUR ( '', #144 ) ;
#4934 = DIRECTION ( 'NONE',  ( -1.000000000000000000, 0.000000000000000000, 0.000000000000000000 ) ) ;
#4935 = PLANE ( 'NONE',  #6031 ) ;
#4936 = LINE ( 'NONE', #6575, #4108 ) ;
#4937 =( GEOMETRIC_REPRESENTATION_CONTEXT ( 3 ) GLOBAL_UNCERTAINTY_ASSIGNED_CONTEXT ( ( #4057 ) ) GLOBAL_UNIT_ASSIGNED_CONTEXT ( ( #2859, #183, #3932 ) ) REPRESENTATION_CONTEXT ( 'NONE', 'WORKASPACE' ) );
#4938 = EDGE_CURVE ( 'NONE', #5698, #1813, #3797, .T. ) ;
#4939 = ORIENTED_EDGE ( 'NONE', *, *, #2377, .T. ) ;
#4940 = CARTESIAN_POINT ( 'NONE',  ( 0.9153984224322002650, 1.415361279646831560, 0.000000000000000000 ) ) ;
#4941 = UNCERTAINTY_MEASURE_WITH_UNIT (LENGTH_MEASURE( 1.000000000000000082E-05 ), #6289, 'distance_accuracy_value', 'NONE');
#4942 = CARTESIAN_POINT ( 'NONE',  ( -1.099999999999999867, -0.8750000000000001110, 0.2000000000000000111 ) ) ;
#4943 = PRESENTATION_STYLE_ASSIGNMENT (( #5169 ) ) ;
#4944 = ORIENTED_EDGE ( 'NONE', *, *, #987, .T. ) ;
#4945 = AXIS2_PLACEMENT_3D ( 'NONE', #6193, #4588, #2495 ) ;
#4946 = VECTOR ( 'NONE', #5592, 1000.000000000000000 ) ;
#4947 = DIRECTION ( 'NONE',  ( 0.000000000000000000, 1.000000000000000000, -0.000000000000000000 ) ) ;
#4948 = PRESENTATION_STYLE_ASSIGNMENT (( #3881 ) ) ;
#4949 = EDGE_LOOP ( 'NONE', ( #4892, #585, #4251, #4331, #3426, #723 ) ) ;
#4950 = CARTESIAN_POINT ( 'NONE',  ( 1.433788268871892591, 1.437485446324686889, 0.001000000000000000021 ) ) ;
#4951 =( NAMED_UNIT ( * ) PLANE_ANGLE_UNIT ( ) SI_UNIT ( $, .RADIAN. ) );
#4952 =( NAMED_UNIT ( * ) PLANE_ANGLE_UNIT ( ) SI_UNIT ( $, .RADIAN. ) );
#4953 = FILL_AREA_STYLE ('',( #6536 ) ) ;
#4954 = EDGE_LOOP ( 'NONE', ( #6634, #2627, #2574, #1411 ) ) ;
#4955 = DIRECTION ( 'NONE',  ( 0.000000000000000000, 0.000000000000000000, -1.000000000000000000 ) ) ;
#4956 = ADVANCED_FACE ( 'NONE', ( #2698 ), #3899, .T. ) ;
#4957 = FILL_AREA_STYLE ('',( #177 ) ) ;
#4958 = AXIS2_PLACEMENT_3D ( 'NONE', #3769, #3264, #6580 ) ;
#4959 = CARTESIAN_POINT ( 'NONE',  ( 0.9209556575330435368, 1.415475627978673101, 0.000000000000000000 ) ) ;
#4960 = VECTOR ( 'NONE', #6733, 1000.000000000000000 ) ;
#4961 = CARTESIAN_POINT ( 'NONE',  ( 0.6825306469206727789, 1.315534226812491658, 0.000000000000000000 ) ) ;
#4962 = CARTESIAN_POINT ( 'NONE',  ( 0.9257471103353070996, 1.237485446324686711, 0.001000000000000000021 ) ) ;
#4963 = EDGE_CURVE ( 'NONE', #6336, #2415, #3279, .T. ) ;
#4964 =( LENGTH_UNIT ( ) NAMED_UNIT ( * ) SI_UNIT ( .MILLI., .METRE. ) );
#4965 = DIRECTION ( 'NONE',  ( -0.000000000000000000, -0.000000000000000000, -1.000000000000000000 ) ) ;
#4966 = DIRECTION ( 'NONE',  ( -1.000000000000000000, 0.000000000000000000, 0.000000000000000000 ) ) ;
#4967 = CARTESIAN_POINT ( 'NONE',  ( 1.165495585945063528, 1.269802519495418780, 0.001000000000000000021 ) ) ;
#4968 = PRESENTATION_STYLE_ASSIGNMENT (( #6639 ) ) ;
#4969 = FILL_AREA_STYLE ('',( #3394 ) ) ;
#4970 = ORIENTED_EDGE ( 'NONE', *, *, #1840, .T. ) ;
#4971 = B_SPLINE_CURVE_WITH_KNOTS ( 'NONE', 3,
 ( #4457, #1791, #2330, #3409, #218, #3958, #4304 ),
 .UNSPECIFIED., .F., .F.,
 ( 4, 1, 1, 1, 4 ),
 ( 0.000000000000000000, 0.1744817153170560020, 0.3982857591281081522, 0.6738978473986653173, 1.000000000000000000 ),
 .UNSPECIFIED. ) ;
#4972 = CARTESIAN_POINT ( 'NONE',  ( 0.9533004639938436053, 1.259436665836882074, 0.001000000000000000021 ) ) ;
#4973 = MECHANICAL_DESIGN_GEOMETRIC_PRESENTATION_REPRESENTATION (  '', ( #2471 ), #3455 ) ;
#4974 = EDGE_CURVE ( 'NONE', #732, #3654, #2429, .T. ) ;
#4975 = VECTOR ( 'NONE', #6383, 1000.000000000000000 ) ;
#4976 = FILL_AREA_STYLE_COLOUR ( '', #4561 ) ;
#4977 = FILL_AREA_STYLE_COLOUR ( '', #167 ) ;
#4978 = ADVANCED_FACE ( 'NONE', ( #6516 ), #6009, .F. ) ;
#4979 = VERTEX_POINT ( 'NONE', #1135 ) ;
#4980 = CARTESIAN_POINT ( 'NONE',  ( 0.8418692136480953048, 1.272620372401458422, 0.001000000000000000021 ) ) ;
#4981 = UNCERTAINTY_MEASURE_WITH_UNIT (LENGTH_MEASURE( 1.000000000000000082E-05 ), #2534, 'distance_accuracy_value', 'NONE');
#4982 = LINE ( 'NONE', #6663, #5557 ) ;
#4983 = FACE_OUTER_BOUND ( 'NONE', #502, .T. ) ;
#4984 = FILL_AREA_STYLE ('',( #1644 ) ) ;
#4985 = PLANE ( 'NONE',  #3843 ) ;
#4986 = CARTESIAN_POINT ( 'NONE',  ( 0.8648244211314355390, 1.253061585666137789, 0.001000000000000000021 ) ) ;
#4987 = ORIENTED_EDGE ( 'NONE', *, *, #2628, .F. ) ;
#4988 = LINE ( 'NONE', #3, #3833 ) ;
#4989 = ORIENTED_EDGE ( 'NONE', *, *, #2572, .T. ) ;
#4990 = DIRECTION ( 'NONE',  ( -1.000000000000000000, 0.000000000000000000, 0.000000000000000000 ) ) ;
#4991 = PLANE ( 'NONE',  #1565 ) ;
#4992 = CARTESIAN_POINT ( 'NONE',  ( 0.9533004639938436053, 1.415534226812491747, 0.001000000000000000021 ) ) ;
#4993 = VECTOR ( 'NONE', #980, 1000.000000000000000 ) ;
#4994 = CARTESIAN_POINT ( 'NONE',  ( 1.099999999999999423, -0.6250000000000001110, 0.2000000000000000111 ) ) ;
#4995 =( NAMED_UNIT ( * ) PLANE_ANGLE_UNIT ( ) SI_UNIT ( $, .RADIAN. ) );
#4996 = ORIENTED_EDGE ( 'NONE', *, *, #4162, .T. ) ;
#4997 = AXIS2_PLACEMENT_3D ( 'NONE', #3224, #4294, #6399 ) ;
#4998 = CARTESIAN_POINT ( 'NONE',  ( 1.024032171310916839, 1.437485446324686889, 0.001000000000000000021 ) ) ;
#4999 = PLANE ( 'NONE',  #1366 ) ;
#5000 = DIRECTION ( 'NONE',  ( 0.000000000000000000, -0.000000000000000000, 1.000000000000000000 ) ) ;
#5001 = COLOUR_RGB ( '',1.000000000000000000, 1.000000000000000000, 0.000000000000000000 ) ;
#5002 = LINE ( 'NONE', #4811, #6411 ) ;
#5003 = CARTESIAN_POINT ( 'NONE',  ( 1.176369150167910549, 1.410823848447366524, 0.000000000000000000 ) ) ;
#5004 = ORIENTED_EDGE ( 'NONE', *, *, #1086, .F. ) ;
#5005 =( NAMED_UNIT ( * ) PLANE_ANGLE_UNIT ( ) SI_UNIT ( $, .RADIAN. ) );
#5006 = FILL_AREA_STYLE ('',( #1271 ) ) ;
#5007 = STYLED_ITEM ( 'NONE', ( #641 ), #2967 ) ;
#5008 = CARTESIAN_POINT ( 'NONE',  ( 1.099999999999998535, 0.000000000000000000, 0.000000000000000000 ) ) ;
#5009 = VERTEX_POINT ( 'NONE', #6671 ) ;
#5010 = CARTESIAN_POINT ( 'NONE',  ( 0.8231505220334693895, 1.307772684863294455, 0.001000000000000000021 ) ) ;
#5011 = VERTEX_POINT ( 'NONE', #5070 ) ;
#5012 = VERTEX_POINT ( 'NONE', #5938 ) ;
#5013 = ORIENTED_EDGE ( 'NONE', *, *, #3547, .T. ) ;
#5014 = DIRECTION ( 'NONE',  ( 0.000000000000000000, 0.000000000000000000, 1.000000000000000000 ) ) ;
#5015 =( GEOMETRIC_REPRESENTATION_CONTEXT ( 3 ) GLOBAL_UNCERTAINTY_ASSIGNED_CONTEXT ( ( #4516 ) ) GLOBAL_UNIT_ASSIGNED_CONTEXT ( ( #2284, #5517, #6549 ) ) REPRESENTATION_CONTEXT ( 'NONE', 'WORKASPACE' ) );
#5016 = EDGE_CURVE ( 'NONE', #3654, #3794, #598, .T. ) ;
#5017 = SURFACE_STYLE_USAGE ( .BOTH. , #5035 ) ;
#5018 = SURFACE_STYLE_USAGE ( .BOTH. , #3415 ) ;
#5019 = VECTOR ( 'NONE', #6500, 1000.000000000000000 ) ;
#5020 = VECTOR ( 'NONE', #6719, 1000.000000000000000 ) ;
#5021 =( LENGTH_UNIT ( ) NAMED_UNIT ( * ) SI_UNIT ( .MILLI., .METRE. ) );
#5022 = ORIENTED_EDGE ( 'NONE', *, *, #6301, .T. ) ;
#5023 = DIRECTION ( 'NONE',  ( 0.000000000000000000, 0.000000000000000000, -1.000000000000000000 ) ) ;
#5024 = ADVANCED_FACE ( 'NONE', ( #6861 ), #5582, .F. ) ;
#5025 = DIRECTION ( 'NONE',  ( 0.000000000000000000, 0.000000000000000000, 1.000000000000000000 ) ) ;
#5026 = UNCERTAINTY_MEASURE_WITH_UNIT (LENGTH_MEASURE( 1.000000000000000082E-05 ), #149, 'distance_accuracy_value', 'NONE');
#5027 = EDGE_CURVE ( 'NONE', #4511, #3305, #5671, .T. ) ;
#5028 = ORIENTED_EDGE ( 'NONE', *, *, #672, .T. ) ;
#5029 = SURFACE_STYLE_USAGE ( .BOTH. , #1295 ) ;
#5030 =( NAMED_UNIT ( * ) SI_UNIT ( $, .STERADIAN. ) SOLID_ANGLE_UNIT ( ) );
#5031 = ORIENTED_EDGE ( 'NONE', *, *, #2628, .T. ) ;
#5032 = DIRECTION ( 'NONE',  ( 0.000000000000000000, -1.000000000000000000, -0.000000000000000000 ) ) ;
#5033 = VECTOR ( 'NONE', #1539, 1000.000000000000000 ) ;
#5034 = DIRECTION ( 'NONE',  ( 0.000000000000000000, -1.000000000000000000, 0.000000000000000000 ) ) ;
#5035 = SURFACE_SIDE_STYLE ('',( #5422 ) ) ;
#5036 = EDGE_LOOP ( 'NONE', ( #4455, #6295, #5689, #3003 ) ) ;
#5037 = CARTESIAN_POINT ( 'NONE',  ( 0.000000000000000000, -0.6250000000000001110, 0.000000000000000000 ) ) ;
#5038 = CARTESIAN_POINT ( 'NONE',  ( -1.100000000000000311, 0.6249999999999998890, -0.05000000000000000278 ) ) ;
#5039 = CARTESIAN_POINT ( 'NONE',  ( 0.8191541225304289631, 1.340000690227125979, 0.000000000000000000 ) ) ;
#5040 = FACE_OUTER_BOUND ( 'NONE', #2100, .T. ) ;
#5041 = CARTESIAN_POINT ( 'NONE',  ( 0.000000000000000000, -0.1250000000000000555, 0.000000000000000000 ) ) ;
#5042 = STYLED_ITEM ( 'NONE', ( #1652 ), #2327 ) ;
#5043 = EDGE_LOOP ( 'NONE', ( #2347, #4517, #1656, #4704, #1674, #158, #5614, #4401, #1667, #344, #6434, #2026 ) ) ;
#5044 = COLOUR_RGB ( '',0.5019607843137254832, 0.2509803921568627416, 0.2509803921568627416 ) ;
#5045 = DIRECTION ( 'NONE',  ( 1.000000000000000000, 0.000000000000000000, 0.000000000000000000 ) ) ;
#5046 = CARTESIAN_POINT ( 'NONE',  ( 1.199036181037453241, 1.439467179961714249, 0.001000000000000000021 ) ) ;
#5047 = STYLED_ITEM ( 'NONE', ( #4064 ), #506 ) ;
#5048 = LINE ( 'NONE', #1561, #2466 ) ;
#5049 = EDGE_CURVE ( 'NONE', #2586, #4979, #1422, .T. ) ;
#5050 = LINE ( 'NONE', #2436, #231 ) ;
#5051 = CARTESIAN_POINT ( 'NONE',  ( 1.099641927408477882, 1.327729348763711181, 0.001000000000000000021 ) ) ;
#5052 =( LENGTH_UNIT ( ) NAMED_UNIT ( * ) SI_UNIT ( .MILLI., .METRE. ) );
#5053 = VERTEX_POINT ( 'NONE', #5625 ) ;
#5054 = DIRECTION ( 'NONE',  ( 0.000000000000000000, -0.000000000000000000, -1.000000000000000000 ) ) ;
#5055 = CARTESIAN_POINT ( 'NONE',  ( -1.499999999999999778, -0.3750000000000001110, 0.8499999999999999778 ) ) ;
#5056 = UNCERTAINTY_MEASURE_WITH_UNIT (LENGTH_MEASURE( 1.000000000000000082E-05 ), #5021, 'distance_accuracy_value', 'NONE');
#5057 = FILL_AREA_STYLE_COLOUR ( '', #387 ) ;
#5058 = MECHANICAL_DESIGN_GEOMETRIC_PRESENTATION_REPRESENTATION (  '', ( #4578 ), #2341 ) ;
#5059 = EDGE_CURVE ( 'NONE', #2799, #3835, #4688, .T. ) ;
#5060 = VECTOR ( 'NONE', #486, 1000.000000000000000 ) ;
#5061 = FILL_AREA_STYLE_COLOUR ( '', #6474 ) ;
#5062 = DIRECTION ( 'NONE',  ( -0.000000000000000000, -0.000000000000000000, -1.000000000000000000 ) ) ;
#5063 = ORIENTED_EDGE ( 'NONE', *, *, #6440, .T. ) ;
#5064 = FILL_AREA_STYLE_COLOUR ( '', #4564 ) ;
#5065 = LINE ( 'NONE', #5780, #6149 ) ;
#5066 = SURFACE_STYLE_USAGE ( .BOTH. , #2349 ) ;
#5067 = VERTEX_POINT ( 'NONE', #6759 ) ;
#5068 = ORIENTED_EDGE ( 'NONE', *, *, #6535, .F. ) ;
#5069 = MECHANICAL_DESIGN_GEOMETRIC_PRESENTATION_REPRESENTATION (  '', ( #4722 ), #5426 ) ;
#5070 = CARTESIAN_POINT ( 'NONE',  ( 1.165495585945063528, 1.269802519495418780, 0.000000000000000000 ) ) ;
#5071 = ADVANCED_FACE ( 'NONE', ( #3440 ), #5095, .T. ) ;
#5072 = ORIENTED_EDGE ( 'NONE', *, *, #1131, .T. ) ;
#5073 = DIRECTION ( 'NONE',  ( 1.000000000000000000, 0.000000000000000000, 0.000000000000000000 ) ) ;
#5074 = FACE_OUTER_BOUND ( 'NONE', #1727, .T. ) ;
#5075 = LINE ( 'NONE', #614, #3664 ) ;
#5076 = CARTESIAN_POINT ( 'NONE',  ( 1.223259672544473098, 1.439675550436566809, 0.001000000000000000021 ) ) ;
#5077 = VECTOR ( 'NONE', #562, 1000.000000000000000 ) ;
#5078 = ORIENTED_EDGE ( 'NONE', *, *, #973, .T. ) ;
#5079 = STYLED_ITEM ( 'NONE', ( #3519 ), #1841 ) ;
#5080 = VERTEX_POINT ( 'NONE', #2416 ) ;
#5081 = ORIENTED_EDGE ( 'NONE', *, *, #3298, .T. ) ;
#5082 = PLANE ( 'NONE',  #2829 ) ;
#5083 = DIRECTION ( 'NONE',  ( -1.000000000000000000, 0.000000000000000000, 0.000000000000000000 ) ) ;
#5084 = SURFACE_SIDE_STYLE ('',( #1136 ) ) ;
#5085 = SURFACE_STYLE_USAGE ( .BOTH. , #4624 ) ;
#5086 = DIRECTION ( 'NONE',  ( 1.000000000000000000, 0.000000000000000000, 0.000000000000000000 ) ) ;
#5087 = ADVANCED_FACE ( 'NONE', ( #6509 ), #346, .T. ) ;
#5088 = VECTOR ( 'NONE', #3650, 1000.000000000000000 ) ;
#5089 = CARTESIAN_POINT ( 'NONE',  ( 1.210222050247081294, 1.417941343083468198, 0.000000000000000000 ) ) ;
#5090 = ORIENTED_EDGE ( 'NONE', *, *, #6346, .T. ) ;
#5091 = VERTEX_POINT ( 'NONE', #793 ) ;
#5092 = STYLED_ITEM ( 'NONE', ( #468 ), #272 ) ;
#5093 = AXIS2_PLACEMENT_3D ( 'NONE', #519, #4255, #4857 ) ;
#5094 = EDGE_CURVE ( 'NONE', #3594, #2860, #1164, .T. ) ;
#5095 = PLANE ( 'NONE',  #766 ) ;
#5096 = EDGE_LOOP ( 'NONE', ( #2570, #2002, #51, #4853, #3587, #4260 ) ) ;
#5097 = PRESENTATION_STYLE_ASSIGNMENT (( #922 ) ) ;
#5098 = PRESENTATION_STYLE_ASSIGNMENT (( #245 ) ) ;
#5099 = CARTESIAN_POINT ( 'NONE',  ( 0.7157242444816485083, 1.413095202422247842, 0.001000000000000000021 ) ) ;
#5100 = PRESENTATION_LAYER_ASSIGNMENT (  '', '', ( #2471 ) ) ;
#5101 = EDGE_CURVE ( 'NONE', #513, #4841, #3948, .T. ) ;
#5102 = VERTEX_POINT ( 'NONE', #3492 ) ;
#5103 = CARTESIAN_POINT ( 'NONE',  ( 1.286350409039927145, 1.318380549300756543, 0.000000000000000000 ) ) ;
#5104 = EDGE_LOOP ( 'NONE', ( #2588, #4, #1184, #249, #5427 ) ) ;
#5105 = CARTESIAN_POINT ( 'NONE',  ( 0.9153984224322002650, 1.415361279646831560, 0.001000000000000000021 ) ) ;
#5106 = CARTESIAN_POINT ( 'NONE',  ( 1.100000000000000311, 0.3749999999999999445, 0.000000000000000000 ) ) ;
#5107 = COLOUR_RGB ( '',1.000000000000000000, 1.000000000000000000, 0.000000000000000000 ) ;
#5108 = CARTESIAN_POINT ( 'NONE',  ( 0.9533004639938436053, 1.259436665836882074, 0.001000000000000000021 ) ) ;
#5109 = EDGE_LOOP ( 'NONE', ( #3827, #2449, #1921, #6690 ) ) ;
#5110 = CARTESIAN_POINT ( 'NONE',  ( -1.230321495603551973, 1.206650258449453395, 0.8499999999999999778 ) ) ;
#5111 =( NAMED_UNIT ( * ) PLANE_ANGLE_UNIT ( ) SI_UNIT ( $, .RADIAN. ) );
#5112 = MECHANICAL_DESIGN_GEOMETRIC_PRESENTATION_REPRESENTATION (  '', ( #1273 ), #2944 ) ;
#5113 = MECHANICAL_DESIGN_GEOMETRIC_PRESENTATION_REPRESENTATION (  '', ( #4408 ), #2351 ) ;
#5114 = LINE ( 'NONE', #5686, #529 ) ;
#5115 = VERTEX_POINT ( 'NONE', #6238 ) ;
#5116 = PLANE ( 'NONE',  #3360 ) ;
#5117 = CARTESIAN_POINT ( 'NONE',  ( 0.8673463787485988785, 1.396541374124951940, 0.000000000000000000 ) ) ;
#5118 = ORIENTED_EDGE ( 'NONE', *, *, #3374, .T. ) ;
#5119 = SURFACE_STYLE_USAGE ( .BOTH. , #5138 ) ;
#5120 = LINE ( 'NONE', #869, #2285 ) ;
#5121 = VECTOR ( 'NONE', #3540, 1000.000000000000000 ) ;
#5122 = ADVANCED_FACE ( 'NONE', ( #2517 ), #383, .T. ) ;
#5123 =( NAMED_UNIT ( * ) PLANE_ANGLE_UNIT ( ) SI_UNIT ( $, .RADIAN. ) );
#5124 = STYLED_ITEM ( 'NONE', ( #32 ), #1197 ) ;
#5125 = DIRECTION ( 'NONE',  ( 0.000000000000000000, 0.000000000000000000, -1.000000000000000000 ) ) ;
#5126 = CARTESIAN_POINT ( 'NONE',  ( 1.251645340800362272, 1.265165399280920644, 0.000000000000000000 ) ) ;
#5127 = CARTESIAN_POINT ( 'NONE',  ( 0.7163721103353070108, 1.413095202422247842, 0.001000000000000000021 ) ) ;
#5128 = PRESENTATION_STYLE_ASSIGNMENT (( #242 ) ) ;
#5129 = CARTESIAN_POINT ( 'NONE',  ( 1.292401983671864762, 1.403294979762051309, 0.000000000000000000 ) ) ;
#5130 = LINE ( 'NONE', #2980, #5377 ) ;
#5131 = FILL_AREA_STYLE ('',( #5196 ) ) ;
#5132 = CARTESIAN_POINT ( 'NONE',  ( 1.251645340800362272, 1.265165399280920644, 0.001000000000000000021 ) ) ;
#5133 = CARTESIAN_POINT ( 'NONE',  ( 1.126471195701160832, 1.237485446324686711, 0.000000000000000000 ) ) ;
#5134 = CARTESIAN_POINT ( 'NONE',  ( 1.099641927408477882, 1.415534226812491747, 0.000000000000000000 ) ) ;
#5135 = AXIS2_PLACEMENT_3D ( 'NONE', #356, #5726, #1961 ) ;
#5136 = FILL_AREA_STYLE_COLOUR ( '', #940 ) ;
#5137 = CARTESIAN_POINT ( 'NONE',  ( 0.8579170156525053326, 1.385774516292366698, 0.000000000000000000 ) ) ;
#5138 = SURFACE_SIDE_STYLE ('',( #1175 ) ) ;
#5139 = MECHANICAL_DESIGN_GEOMETRIC_PRESENTATION_REPRESENTATION (  '', ( #1346 ), #4658 ) ;
#5140 = EDGE_CURVE ( 'NONE', #5012, #6528, #6599, .T. ) ;
#5141 = FACE_OUTER_BOUND ( 'NONE', #185, .T. ) ;
#5142 =( LENGTH_UNIT ( ) NAMED_UNIT ( * ) SI_UNIT ( .MILLI., .METRE. ) );
#5143 = UNCERTAINTY_MEASURE_WITH_UNIT (LENGTH_MEASURE( 1.000000000000000082E-05 ), #1888, 'distance_accuracy_value', 'NONE');
#5144 = DIRECTION ( 'NONE',  ( 0.000000000000000000, -1.000000000000000000, 0.000000000000000000 ) ) ;
#5145 = VECTOR ( 'NONE', #6370, 1000.000000000000000 ) ;
#5146 = CARTESIAN_POINT ( 'NONE',  ( 0.9533004639938436053, 1.415534226812491747, 0.000000000000000000 ) ) ;
#5147 = PLANE ( 'NONE',  #6267 ) ;
#5148 = ORIENTED_EDGE ( 'NONE', *, *, #6914, .F. ) ;
#5149 = FILL_AREA_STYLE_COLOUR ( '', #396 ) ;
#5150 = AXIS2_PLACEMENT_3D ( 'NONE', #1875, #3399, #5000 ) ;
#5151 = EDGE_CURVE ( 'NONE', #1266, #2695, #3509, .T. ) ;
#5152 = CARTESIAN_POINT ( 'NONE',  ( 1.276606881596794141, 1.289624129309864697, 0.001000000000000000021 ) ) ;
#5153 =( NAMED_UNIT ( * ) PLANE_ANGLE_UNIT ( ) SI_UNIT ( $, .RADIAN. ) );
#5154 = LINE ( 'NONE', #4003, #6672 ) ;
#5155 = CARTESIAN_POINT ( 'NONE',  ( 0.9249086957011607435, 1.259436665836882074, 0.001000000000000000021 ) ) ;
#5156 = CARTESIAN_POINT ( 'NONE',  ( 1.193779032107921356, 1.416266709532370438, 0.001000000000000000021 ) ) ;
#5157 = ORIENTED_EDGE ( 'NONE', *, *, #113, .F. ) ;
#5158 = VERTEX_POINT ( 'NONE', #2020 ) ;
#5159 = CARTESIAN_POINT ( 'NONE',  ( 0.7494132688718924129, 1.315534226812491658, 0.000000000000000000 ) ) ;
#5160 = COLOUR_RGB ( '',1.000000000000000000, 1.000000000000000000, 1.000000000000000000 ) ;
#5161 = PLANE ( 'NONE',  #4069 ) ;
#5162 = CARTESIAN_POINT ( 'NONE',  ( 0.8231505220334693895, 1.307772684863294455, 0.001000000000000000021 ) ) ;
#5163 = CARTESIAN_POINT ( 'NONE',  ( -1.100000000000000311, 0.1249999999999999445, 0.2000000000000000111 ) ) ;
#5164 = VERTEX_POINT ( 'NONE', #4682 ) ;
#5165 = CARTESIAN_POINT ( 'NONE',  ( 1.235526770890558623, 1.415000155536823678, 0.000000000000000000 ) ) ;
#5166 = ORIENTED_EDGE ( 'NONE', *, *, #2034, .F. ) ;
#5167 = ORIENTED_EDGE ( 'NONE', *, *, #6095, .F. ) ;
#5168 = EDGE_LOOP ( 'NONE', ( #558, #742, #1753, #5090 ) ) ;
#5169 = SURFACE_STYLE_USAGE ( .BOTH. , #5654 ) ;
#5170 = CARTESIAN_POINT ( 'NONE',  ( 0.7186176179343702897, 1.401952874731250853, 0.001000000000000000021 ) ) ;
#5171 =( NAMED_UNIT ( * ) PLANE_ANGLE_UNIT ( ) SI_UNIT ( $, .RADIAN. ) );
#5172 = AXIS2_PLACEMENT_3D ( 'NONE', #1420, #896, #6222 ) ;
#5173 = FACE_OUTER_BOUND ( 'NONE', #3880, .T. ) ;
#5174 = CARTESIAN_POINT ( 'NONE',  ( -1.500000000000000222, 1.500000000000000000, 0.8499999999999999778 ) ) ;
#5175 = ORIENTED_EDGE ( 'NONE', *, *, #1173, .F. ) ;
#5176 = CARTESIAN_POINT ( 'NONE',  ( 1.165495585945063306, 1.431997641446637992, 0.001000000000000000021 ) ) ;
#5177 = FILL_AREA_STYLE ('',( #2979 ) ) ;
#5178 = DIRECTION ( 'NONE',  ( 1.000000000000000000, 0.000000000000000000, -0.000000000000000000 ) ) ;
#5179 = CARTESIAN_POINT ( 'NONE',  ( 1.314091239166307323, 1.322995928000269883, 0.001000000000000000021 ) ) ;
#5180 = SURFACE_SIDE_STYLE ('',( #6629 ) ) ;
#5181 = ORIENTED_EDGE ( 'NONE', *, *, #1532, .F. ) ;
#5182 =( GEOMETRIC_REPRESENTATION_CONTEXT ( 3 ) GLOBAL_UNCERTAINTY_ASSIGNED_CONTEXT ( ( #6609 ) ) GLOBAL_UNIT_ASSIGNED_CONTEXT ( ( #4360, #3311, #4381 ) ) REPRESENTATION_CONTEXT ( 'NONE', 'WORKASPACE' ) );
#5183 = PRESENTATION_LAYER_ASSIGNMENT (  '', '', ( #5007 ) ) ;
#5184 = EDGE_CURVE ( 'NONE', #525, #4268, #589, .T. ) ;
#5185 = DIRECTION ( 'NONE',  ( -1.000000000000000000, 0.000000000000000000, 0.000000000000000000 ) ) ;
#5186 =( LENGTH_UNIT ( ) NAMED_UNIT ( * ) SI_UNIT ( .MILLI., .METRE. ) );
#5187 = PRESENTATION_STYLE_ASSIGNMENT (( #1396 ) ) ;
#5188 = VERTEX_POINT ( 'NONE', #6262 ) ;
#5189 = ADVANCED_FACE ( 'NONE', ( #4924 ), #5769, .T. ) ;
#5190 = CARTESIAN_POINT ( 'NONE',  ( 1.249164223247643202, 1.409372606012005757, 0.000000000000000000 ) ) ;
#5191 = EDGE_CURVE ( 'NONE', #1397, #6860, #5503, .T. ) ;
#5192 = CARTESIAN_POINT ( 'NONE',  ( 1.509999999999998455, -1.125000000000000222, 0.2000000000000000111 ) ) ;
#5193 = LINE ( 'NONE', #1716, #3878 ) ;
#5194 = ORIENTED_EDGE ( 'NONE', *, *, #3676, .T. ) ;
#5195 = CARTESIAN_POINT ( 'NONE',  ( -1.510000000000000231, 0.6249999999999998890, -0.05000000000000000278 ) ) ;
#5196 = FILL_AREA_STYLE_COLOUR ( '', #2907 ) ;
#5197 = CARTESIAN_POINT ( 'NONE',  ( 1.279950070813942631, 1.296126797480598558, 0.000000000000000000 ) ) ;
#5198 = SURFACE_STYLE_USAGE ( .BOTH. , #1470 ) ;
#5199 = CARTESIAN_POINT ( 'NONE',  ( 0.8782544088327990384, 1.271148908750263207, 0.001000000000000000021 ) ) ;
#5200 = DIRECTION ( 'NONE',  ( -0.000000000000000000, -0.000000000000000000, -1.000000000000000000 ) ) ;
#5201 = SURFACE_STYLE_FILL_AREA ( #63 ) ;
#5202 = STYLED_ITEM ( 'NONE', ( #163 ), #6111 ) ;
#5203 = CARTESIAN_POINT ( 'NONE',  ( 0.7494132688718924129, 1.315534226812491658, 0.001000000000000000021 ) ) ;
#5204 = VECTOR ( 'NONE', #6079, 1000.000000000000000 ) ;
#5205 = CARTESIAN_POINT ( 'NONE',  ( 0.8231488131387183493, 1.370826042199335904, 0.001000000000000000021 ) ) ;
#5206 = LINE ( 'NONE', #1593, #943 ) ;
#5207 = DIRECTION ( 'NONE',  ( 1.445602896647339163E-16, -1.000000000000000000, 0.000000000000000000 ) ) ;
#5208 = CARTESIAN_POINT ( 'NONE',  ( -1.500000000000000000, 0.8749999999999998890, 0.2000000000000000111 ) ) ;
#5209 = ORIENTED_EDGE ( 'NONE', *, *, #6164, .T. ) ;
#5210 = PRESENTATION_STYLE_ASSIGNMENT (( #3217 ) ) ;
#5211 = LINE ( 'NONE', #686, #3629 ) ;
#5212 = PRESENTATION_LAYER_ASSIGNMENT (  '', '', ( #5436 ) ) ;
#5213 = CARTESIAN_POINT ( 'NONE',  ( 1.282241781652168955, 1.255700418172936761, 0.000000000000000000 ) ) ;
#5214 = PRESENTATION_STYLE_ASSIGNMENT (( #6485 ) ) ;
#5215 = LINE ( 'NONE', #1826, #4891 ) ;
#5216 = DIRECTION ( 'NONE',  ( -0.000000000000000000, 0.000000000000000000, -1.000000000000000000 ) ) ;
#5217 = CARTESIAN_POINT ( 'NONE',  ( 0.8305958556868024978, 1.388706522254193665, 0.000000000000000000 ) ) ;
#5218 = AXIS2_PLACEMENT_3D ( 'NONE', #3021, #855, #1890 ) ;
#5219 = CARTESIAN_POINT ( 'NONE',  ( -0.8199999999999998401, 0.9399999999999998357, -0.05000000000000000278 ) ) ;
#5220 = FACE_OUTER_BOUND ( 'NONE', #5243, .T. ) ;
#5221 = DIRECTION ( 'NONE',  ( 0.000000000000000000, 0.000000000000000000, 1.000000000000000000 ) ) ;
#5222 = STYLED_ITEM ( 'NONE', ( #2072 ), #2548 ) ;
#5223 = EDGE_CURVE ( 'NONE', #3170, #3120, #748, .T. ) ;
#5224 = CARTESIAN_POINT ( 'NONE',  ( -0.000000000000000000, 0.6249999999999998890, 0.000000000000000000 ) ) ;
#5225 = FACE_OUTER_BOUND ( 'NONE', #29, .T. ) ;
#5226 = LINE ( 'NONE', #5345, #2664 ) ;
#5227 = CARTESIAN_POINT ( 'NONE',  ( 1.500000000000000000, -0.1250000000000001110, 0.000000000000000000 ) ) ;
#5228 = CARTESIAN_POINT ( 'NONE',  ( 0.8929822605906170274, 1.241209132398439996, 0.001000000000000000021 ) ) ;
#5229 = ORIENTED_EDGE ( 'NONE', *, *, #2971, .T. ) ;
#5230 = UNCERTAINTY_MEASURE_WITH_UNIT (LENGTH_MEASURE( 1.000000000000000082E-05 ), #5473, 'distance_accuracy_value', 'NONE');
#5231 = PRESENTATION_LAYER_ASSIGNMENT (  '', '', ( #329 ) ) ;
#5232 = EDGE_CURVE ( 'NONE', #46, #4914, #1670, .T. ) ;
#5233 = LINE ( 'NONE', #4998, #4410 ) ;
#5234 = PRESENTATION_LAYER_ASSIGNMENT (  '', '', ( #4172 ) ) ;
#5235 = DIRECTION ( 'NONE',  ( 0.000000000000000000, 1.000000000000000000, 0.000000000000000000 ) ) ;
#5236 = FACE_OUTER_BOUND ( 'NONE', #1389, .T. ) ;
#5237 = ORIENTED_EDGE ( 'NONE', *, *, #1757, .F. ) ;
#5238 = CARTESIAN_POINT ( 'NONE',  ( 1.294876447577504086, 1.269043937791713761, 0.001000000000000000021 ) ) ;
#5239 = EDGE_LOOP ( 'NONE', ( #1781, #420, #495, #1418 ) ) ;
#5240 = LINE ( 'NONE', #6183, #1735 ) ;
#5241 = SURFACE_STYLE_FILL_AREA ( #3608 ) ;
#5242 = ORIENTED_EDGE ( 'NONE', *, *, #2462, .T. ) ;
#5243 = EDGE_LOOP ( 'NONE', ( #4293, #2363, #3884, #2247 ) ) ;
#5244 = PRESENTATION_LAYER_ASSIGNMENT (  '', '', ( #1803 ) ) ;
#5245 = EDGE_CURVE ( 'NONE', #1169, #5527, #6261, .T. ) ;
#5246 = DIRECTION ( 'NONE',  ( -1.000000000000000000, 0.000000000000000000, 0.000000000000000000 ) ) ;
#5247 = SURFACE_STYLE_USAGE ( .BOTH. , #1514 ) ;
#5248 = CARTESIAN_POINT ( 'NONE',  ( -1.100000000000000089, -0.6250000000000001110, 0.000000000000000000 ) ) ;
#5249 = CARTESIAN_POINT ( 'NONE',  ( 1.288918777250512848, 1.261997916379497431, 0.001000000000000000021 ) ) ;
#5250 = ORIENTED_EDGE ( 'NONE', *, *, #1265, .T. ) ;
#5251 = CARTESIAN_POINT ( 'NONE',  ( 1.314276073749941043, 1.333712580471028364, 0.000000000000000000 ) ) ;
#5252 = ORIENTED_EDGE ( 'NONE', *, *, #6042, .F. ) ;
#5253 = FILL_AREA_STYLE_COLOUR ( '', #1611 ) ;
#5254 = DIRECTION ( 'NONE',  ( -0.000000000000000000, -0.000000000000000000, -1.000000000000000000 ) ) ;
#5255 = CARTESIAN_POINT ( 'NONE',  ( 1.510000000000000231, 0.6249999999999998890, -0.05000000000000000278 ) ) ;
#5256 = COLOUR_RGB ( '',1.000000000000000000, 1.000000000000000000, 0.000000000000000000 ) ;
#5257 = ORIENTED_EDGE ( 'NONE', *, *, #5602, .F. ) ;
#5258 = CARTESIAN_POINT ( 'NONE',  ( 1.182037798798101003, 1.413051876082184410, 0.001000000000000000021 ) ) ;
#5259 = ORIENTED_EDGE ( 'NONE', *, *, #3247, .T. ) ;
#5260 =( NAMED_UNIT ( * ) SI_UNIT ( $, .STERADIAN. ) SOLID_ANGLE_UNIT ( ) );
#5261 = SURFACE_STYLE_FILL_AREA ( #646 ) ;
#5262 = EDGE_LOOP ( 'NONE', ( #6587, #4496, #96, #2824, #5485 ) ) ;
#5263 = CARTESIAN_POINT ( 'NONE',  ( 1.183560558296051557, 1.239933006985688646, 0.000000000000000000 ) ) ;
#5264 = LINE ( 'NONE', #1740, #3871 ) ;
#5265 = FILL_AREA_STYLE ('',( #6309 ) ) ;
#5266 = DIRECTION ( 'NONE',  ( 5.090151044532884716E-17, 1.000000000000000000, -0.000000000000000000 ) ) ;
#5267 = ORIENTED_EDGE ( 'NONE', *, *, #3287, .F. ) ;
#5268 =( NAMED_UNIT ( * ) PLANE_ANGLE_UNIT ( ) SI_UNIT ( $, .RADIAN. ) );
#5269 = CARTESIAN_POINT ( 'NONE',  ( -1.100000000000000311, 0.3749999999999999445, 0.2000000000000000111 ) ) ;
#5270 = CARTESIAN_POINT ( 'NONE',  ( 1.287446805457258314, 1.335351299983223328, 0.001000000000000000021 ) ) ;
#5271 = DIRECTION ( 'NONE',  ( 0.000000000000000000, 1.000000000000000000, 0.000000000000000000 ) ) ;
#5272 = CARTESIAN_POINT ( 'NONE',  ( 0.9238035127743313701, 1.415534226812491747, 0.000000000000000000 ) ) ;
#5273 = VECTOR ( 'NONE', #2806, 1000.000000000000000 ) ;
#5274 = UNCERTAINTY_MEASURE_WITH_UNIT (LENGTH_MEASURE( 1.000000000000000082E-05 ), #2206, 'distance_accuracy_value', 'NONE');
#5275 = MECHANICAL_DESIGN_GEOMETRIC_PRESENTATION_REPRESENTATION (  '', ( #3494 ), #6123 ) ;
#5276 = EDGE_CURVE ( 'NONE', #1582, #6765, #6771, .T. ) ;
#5277 = VERTEX_POINT ( 'NONE', #1480 ) ;
#5278 = FILL_AREA_STYLE_COLOUR ( '', #4490 ) ;
#5279 = CARTESIAN_POINT ( 'NONE',  ( 0.8418894919363659746, 1.404271237907384728, 0.001000000000000000021 ) ) ;
#5280 = FILL_AREA_STYLE_COLOUR ( '', #2305 ) ;
#5281 = CARTESIAN_POINT ( 'NONE',  ( 0.8579170156525053326, 1.385774516292366698, 0.001000000000000000021 ) ) ;
#5282 = VERTEX_POINT ( 'NONE', #5208 ) ;
#5283 = STYLED_ITEM ( 'NONE', ( #3516 ), #5024 ) ;
#5284 = EDGE_CURVE ( 'NONE', #2562, #4268, #1662, .T. ) ;
#5285 = CARTESIAN_POINT ( 'NONE',  ( 1.182037798798101003, 1.413051876082184410, 0.000000000000000000 ) ) ;
#5286 = SURFACE_STYLE_USAGE ( .BOTH. , #2085 ) ;
#5287 = LINE ( 'NONE', #3355, #2729 ) ;
#5288 = CARTESIAN_POINT ( 'NONE',  ( 1.167334051970830844, 1.268767008659811069, 0.001000000000000000021 ) ) ;
#5289 = CARTESIAN_POINT ( 'NONE',  ( 0.8722324024491211469, 1.275446072592777647, 0.001000000000000000021 ) ) ;
#5290 = ADVANCED_FACE ( 'NONE', ( #260, #5754 ), #597, .T. ) ;
#5291 =( NAMED_UNIT ( * ) PLANE_ANGLE_UNIT ( ) SI_UNIT ( $, .RADIAN. ) );
#5292 = DIRECTION ( 'NONE',  ( 0.000000000000000000, 1.000000000000000000, 0.000000000000000000 ) ) ;
#5293 = FILL_AREA_STYLE ('',( #6317 ) ) ;
#5294 = DIRECTION ( 'NONE',  ( 0.000000000000000000, 0.000000000000000000, -1.000000000000000000 ) ) ;
#5295 = CARTESIAN_POINT ( 'NONE',  ( 1.099641927408477882, 1.327729348763711181, 0.000000000000000000 ) ) ;
#5296 = VECTOR ( 'NONE', #5023, 1000.000000000000000 ) ;
#5297 =( LENGTH_UNIT ( ) NAMED_UNIT ( * ) SI_UNIT ( .MILLI., .METRE. ) );
#5298 =( LENGTH_UNIT ( ) NAMED_UNIT ( * ) SI_UNIT ( .MILLI., .METRE. ) );
#5299 = CARTESIAN_POINT ( 'NONE',  ( 0.8471675841364655346, 1.357083998228073796, 0.001000000000000000021 ) ) ;
#5300 = MECHANICAL_DESIGN_GEOMETRIC_PRESENTATION_REPRESENTATION (  '', ( #178 ), #4594 ) ;
#5301 = ORIENTED_EDGE ( 'NONE', *, *, #4358, .F. ) ;
#5302 = CARTESIAN_POINT ( 'NONE',  ( 1.249164223247643202, 1.409372606012005757, 0.000000000000000000 ) ) ;
#5303 = VECTOR ( 'NONE', #6410, 1000.000000000000000 ) ;
#5304 = PRESENTATION_STYLE_ASSIGNMENT (( #6088 ) ) ;
#5305 = CARTESIAN_POINT ( 'NONE',  ( 1.165495585945063528, 1.247851299983223639, 0.001000000000000000021 ) ) ;
#5306 = LINE ( 'NONE', #2649, #3824 ) ;
#5307 = SURFACE_STYLE_FILL_AREA ( #3220 ) ;
#5308 = CARTESIAN_POINT ( 'NONE',  ( -0.8199999999999998401, 0.9399999999999999467, 0.000000000000000000 ) ) ;
#5309 = CARTESIAN_POINT ( 'NONE',  ( 1.171152838814549124, 1.244728726730185420, 0.001000000000000000021 ) ) ;
#5310 = PRESENTATION_LAYER_ASSIGNMENT (  '', '', ( #885 ) ) ;
#5311 = EDGE_CURVE ( 'NONE', #5698, #6553, #255, .T. ) ;
#5312 = ORIENTED_EDGE ( 'NONE', *, *, #894, .F. ) ;
#5313 = FILL_AREA_STYLE_COLOUR ( '', #4808 ) ;
#5314 = PLANE ( 'NONE',  #800 ) ;
#5315 =( LENGTH_UNIT ( ) NAMED_UNIT ( * ) SI_UNIT ( .MILLI., .METRE. ) );
#5316 = UNCERTAINTY_MEASURE_WITH_UNIT (LENGTH_MEASURE( 1.000000000000000082E-05 ), #3477, 'distance_accuracy_value', 'NONE');
#5317 = FILL_AREA_STYLE_COLOUR ( '', #3500 ) ;
#5318 = COLOUR_RGB ( '',1.000000000000000000, 1.000000000000000000, 1.000000000000000000 ) ;
#5319 = VECTOR ( 'NONE', #1599, 1000.000000000000000 ) ;
#5320 = CARTESIAN_POINT ( 'NONE',  ( 0.7163721103353070108, 1.413095202422247842, 0.001000000000000000021 ) ) ;
#5321 = CARTESIAN_POINT ( 'NONE',  ( 0.8305958556868024978, 1.388706522254193665, 0.001000000000000000021 ) ) ;
#5322 = ORIENTED_EDGE ( 'NONE', *, *, #5506, .F. ) ;
#5323 = ORIENTED_EDGE ( 'NONE', *, *, #1795, .T. ) ;
#5324 = PLANE ( 'NONE',  #6830 ) ;
#5325 =( GEOMETRIC_REPRESENTATION_CONTEXT ( 3 ) GLOBAL_UNCERTAINTY_ASSIGNED_CONTEXT ( ( #6614 ) ) GLOBAL_UNIT_ASSIGNED_CONTEXT ( ( #2016, #427, #3644 ) ) REPRESENTATION_CONTEXT ( 'NONE', 'WORKASPACE' ) );
#5326 = EDGE_CURVE ( 'NONE', #6478, #1413, #6083, .T. ) ;
#5327 = CARTESIAN_POINT ( 'NONE',  ( 1.287242664401207826, 1.344456265279422080, 0.000000000000000000 ) ) ;
#5328 = VECTOR ( 'NONE', #512, 1000.000000000000000 ) ;
#5329 = CARTESIAN_POINT ( 'NONE',  ( 1.287446805457258314, 1.335351299983223328, 0.000000000000000000 ) ) ;
#5330 = ORIENTED_EDGE ( 'NONE', *, *, #5728, .F. ) ;
#5331 = CARTESIAN_POINT ( 'NONE',  ( 1.266637615558718455, 1.395698466623853884, 0.000000000000000000 ) ) ;
#5332 = ADVANCED_FACE ( 'NONE', ( #6254 ), #3910, .T. ) ;
#5333 = VECTOR ( 'NONE', #192, 1000.000000000000000 ) ;
#5334 = AXIS2_PLACEMENT_3D ( 'NONE', #4680, #6856, #1454 ) ;
#5335 = EDGE_CURVE ( 'NONE', #1321, #6152, #2508, .T. ) ;
#5336 = ORIENTED_EDGE ( 'NONE', *, *, #672, .F. ) ;
#5337 = VERTEX_POINT ( 'NONE', #2819 ) ;
#5338 = CARTESIAN_POINT ( 'NONE',  ( 1.167334051970830844, 1.268767008659811069, -0.000000000000000000 ) ) ;
#5339 = FILL_AREA_STYLE ('',( #2727 ) ) ;
#5340 = VECTOR ( 'NONE', #6857, 1000.000000000000000 ) ;
#5341 =( LENGTH_UNIT ( ) NAMED_UNIT ( * ) SI_UNIT ( .MILLI., .METRE. ) );
#5342 = DIRECTION ( 'NONE',  ( 1.000000000000000000, 0.000000000000000000, 0.000000000000000000 ) ) ;
#5343 = ORIENTED_EDGE ( 'NONE', *, *, #6767, .T. ) ;
#5344 = DIRECTION ( 'NONE',  ( 0.3393303772748790248, 0.9406672605435399959, 0.000000000000000000 ) ) ;
#5345 = CARTESIAN_POINT ( 'NONE',  ( 0.9533004639938436053, 1.259436665836882074, 0.001000000000000000021 ) ) ;
#5346 = CARTESIAN_POINT ( 'NONE',  ( 0.8921664001293274637, 1.433906443181512946, 2.117582368135750848E-19 ) ) ;
#5347 = FILL_AREA_STYLE ('',( #2144 ) ) ;
#5348 = COLOUR_RGB ( '',1.000000000000000000, 1.000000000000000000, 0.000000000000000000 ) ;
#5349 = EDGE_LOOP ( 'NONE', ( #1989, #1666, #2427, #1521, #5984 ) ) ;
#5350 = CARTESIAN_POINT ( 'NONE',  ( 0.000000000000000000, 0.5000000000000000000, 0.2000000000000000111 ) ) ;
#5351 = CARTESIAN_POINT ( 'NONE',  ( 1.171152838814549124, 1.244728726730185420, 0.000000000000000000 ) ) ;
#5352 = ORIENTED_EDGE ( 'NONE', *, *, #3633, .T. ) ;
#5353 = UNCERTAINTY_MEASURE_WITH_UNIT (LENGTH_MEASURE( 1.000000000000000082E-05 ), #5901, 'distance_accuracy_value', 'NONE');
#5354 = SURFACE_STYLE_FILL_AREA ( #6607 ) ;
#5355 = CARTESIAN_POINT ( 'NONE',  ( -1.510000000000000009, -0.3750000000000000555, 0.2000000000000000111 ) ) ;
#5356 = FACE_OUTER_BOUND ( 'NONE', #6087, .T. ) ;
#5357 = DIRECTION ( 'NONE',  ( 0.000000000000000000, 1.000000000000000000, 0.000000000000000000 ) ) ;
#5358 = UNCERTAINTY_MEASURE_WITH_UNIT (LENGTH_MEASURE( 1.000000000000000082E-05 ), #4465, 'distance_accuracy_value', 'NONE');
#5359 = SURFACE_STYLE_USAGE ( .BOTH. , #4832 ) ;
#5360 = ORIENTED_EDGE ( 'NONE', *, *, #4747, .F. ) ;
#5361 = DIRECTION ( 'NONE',  ( -0.000000000000000000, -0.000000000000000000, -1.000000000000000000 ) ) ;
#5362 = CARTESIAN_POINT ( 'NONE',  ( 0.8782544088327990384, 1.271148908750263207, 0.000000000000000000 ) ) ;
#5363 = DIRECTION ( 'NONE',  ( 0.000000000000000000, -0.000000000000000000, 1.000000000000000000 ) ) ;
#5364 = LINE ( 'NONE', #6195, #6715 ) ;
#5365 = CARTESIAN_POINT ( 'NONE',  ( 0.6533004639938435609, 1.237485446324686711, 0.000000000000000000 ) ) ;
#5366 = AXIS2_PLACEMENT_3D ( 'NONE', #3356, #2424, #5073 ) ;
#5367 = EDGE_CURVE ( 'NONE', #6753, #5425, #4674, .T. ) ;
#5368 = CARTESIAN_POINT ( 'NONE',  ( 1.286292567864716796, 1.353243553963252577, 0.001000000000000000021 ) ) ;
#5369 = CARTESIAN_POINT ( 'NONE',  ( 0.8647295503525349591, 1.422708400181510013, 0.001000000000000000021 ) ) ;
#5370 = VERTEX_POINT ( 'NONE', #157 ) ;
#5371 = DIRECTION ( 'NONE',  ( 0.000000000000000000, -1.000000000000000000, -0.000000000000000000 ) ) ;
#5372 = CARTESIAN_POINT ( 'NONE',  ( 1.287446805457258314, 1.335351299983223328, 0.000000000000000000 ) ) ;
#5373 = PLANE ( 'NONE',  #5933 ) ;
#5374 = EDGE_CURVE ( 'NONE', #6152, #6744, #3428, .T. ) ;
#5375 = CARTESIAN_POINT ( 'NONE',  ( 0.8200000000000000622, 1.189999999999999947, -0.05000000000000000278 ) ) ;
#5376 = VECTOR ( 'NONE', #1747, 1000.000000000000000 ) ;
#5377 = VECTOR ( 'NONE', #3533, 1000.000000000000000 ) ;
#5378 = ORIENTED_EDGE ( 'NONE', *, *, #2671, .F. ) ;
#5379 = CARTESIAN_POINT ( 'NONE',  ( -1.230321495603551973, 1.206650258449453395, 0.8499999999999999778 ) ) ;
#5380 = SURFACE_STYLE_FILL_AREA ( #5947 ) ;
#5381 = CARTESIAN_POINT ( 'NONE',  ( 1.204778259901588156, 1.235774713246243550, 0.001000000000000000021 ) ) ;
#5382 = PRESENTATION_LAYER_ASSIGNMENT (  '', '', ( #1721 ) ) ;
#5383 = CARTESIAN_POINT ( 'NONE',  ( 0.8575753015271019297, 1.292004139550564590, 0.001000000000000000021 ) ) ;
#5384 =( NAMED_UNIT ( * ) SI_UNIT ( $, .STERADIAN. ) SOLID_ANGLE_UNIT ( ) );
#5385 = PRESENTATION_LAYER_ASSIGNMENT (  '', '', ( #6462 ) ) ;
#5386 = PRESENTATION_STYLE_ASSIGNMENT (( #2957 ) ) ;
#5387 = DIRECTION ( 'NONE',  ( 0.000000000000000000, -1.000000000000000000, -0.000000000000000000 ) ) ;
#5388 =( GEOMETRIC_REPRESENTATION_CONTEXT ( 3 ) GLOBAL_UNCERTAINTY_ASSIGNED_CONTEXT ( ( #3836 ) ) GLOBAL_UNIT_ASSIGNED_CONTEXT ( ( #549, #471, #3743 ) ) REPRESENTATION_CONTEXT ( 'NONE', 'WORKASPACE' ) );
#5389 = CARTESIAN_POINT ( 'NONE',  ( 0.8200000000000000622, 1.189999999999999947, -0.05000000000000000278 ) ) ;
#5390 = VECTOR ( 'NONE', #1124, 1000.000000000000000 ) ;
#5391 = DIRECTION ( 'NONE',  ( 0.9466707760722533616, 0.3222024856061130316, -0.000000000000000000 ) ) ;
#5392 = DIRECTION ( 'NONE',  ( 0.000000000000000000, -0.000000000000000000, 1.000000000000000000 ) ) ;
#5393 = PLANE ( 'NONE',  #3556 ) ;
#5394 = PRESENTATION_STYLE_ASSIGNMENT (( #749 ) ) ;
#5395 = VERTEX_POINT ( 'NONE', #4384 ) ;
#5396 = CARTESIAN_POINT ( 'NONE',  ( 0.7142032102368268687, 1.404834093301119413, 0.001000000000000000021 ) ) ;
#5397 = PRESENTATION_LAYER_ASSIGNMENT (  '', '', ( #750 ) ) ;
#5398 = CARTESIAN_POINT ( 'NONE',  ( -1.500000000000000222, 1.500000000000000000, 0.000000000000000000 ) ) ;
#5399 = ORIENTED_EDGE ( 'NONE', *, *, #199, .F. ) ;
#5400 = VECTOR ( 'NONE', #4115, 1000.000000000000000 ) ;
#5401 = ORIENTED_EDGE ( 'NONE', *, *, #3118, .F. ) ;
#5402 = STYLED_ITEM ( 'NONE', ( #2211 ), #797 ) ;
#5403 = DIRECTION ( 'NONE',  ( -1.000000000000000000, 0.000000000000000000, 0.000000000000000000 ) ) ;
#5404 =( LENGTH_UNIT ( ) NAMED_UNIT ( * ) SI_UNIT ( .MILLI., .METRE. ) );
#5405 = EDGE_CURVE ( 'NONE', #2397, #6898, #500, .T. ) ;
#5406 = LINE ( 'NONE', #6241, #2839 ) ;
#5407 = DIRECTION ( 'NONE',  ( 0.000000000000000000, -1.000000000000000000, 0.000000000000000000 ) ) ;
#5408 = CARTESIAN_POINT ( 'NONE',  ( 0.8471340422152862093, 1.321662481182560134, 0.001000000000000000021 ) ) ;
#5409 = ORIENTED_EDGE ( 'NONE', *, *, #5942, .F. ) ;
#5410 = DIRECTION ( 'NONE',  ( 0.3363908276654493101, -0.9417224702971433992, 0.000000000000000000 ) ) ;
#5411 = PLANE ( 'NONE',  #6782 ) ;
#5412 = PRESENTATION_STYLE_ASSIGNMENT (( #3478 ) ) ;
#5413 = PRESENTATION_STYLE_ASSIGNMENT (( #5085 ) ) ;
#5414 =( NAMED_UNIT ( * ) PLANE_ANGLE_UNIT ( ) SI_UNIT ( $, .RADIAN. ) );
#5415 = ORIENTED_EDGE ( 'NONE', *, *, #2894, .T. ) ;
#5416 = VERTEX_POINT ( 'NONE', #5476 ) ;
#5417 = AXIS2_PLACEMENT_3D ( 'NONE', #3955, #4477, #864 ) ;
#5418 = EDGE_CURVE ( 'NONE', #6860, #5853, #2185, .T. ) ;
#5419 = CARTESIAN_POINT ( 'NONE',  ( 0.8918252088146212397, 1.264528664913179501, 0.000000000000000000 ) ) ;
#5420 = COLOUR_RGB ( '',1.000000000000000000, 1.000000000000000000, 0.000000000000000000 ) ;
#5421 = CARTESIAN_POINT ( 'NONE',  ( 0.7142032102368268687, 1.404834093301119413, 0.000000000000000000 ) ) ;
#5422 = SURFACE_STYLE_FILL_AREA ( #832 ) ;
#5423 = ORIENTED_EDGE ( 'NONE', *, *, #60, .F. ) ;
#5424 = CARTESIAN_POINT ( 'NONE',  ( -1.230321495603551973, 1.206650258449453395, 0.8489999999999999769 ) ) ;
#5425 = VERTEX_POINT ( 'NONE', #3923 ) ;
#5426 =( GEOMETRIC_REPRESENTATION_CONTEXT ( 3 ) GLOBAL_UNCERTAINTY_ASSIGNED_CONTEXT ( ( #1771 ) ) GLOBAL_UNIT_ASSIGNED_CONTEXT ( ( #5768, #3603, #935 ) ) REPRESENTATION_CONTEXT ( 'NONE', 'WORKASPACE' ) );
#5427 = ORIENTED_EDGE ( 'NONE', *, *, #6227, .T. ) ;
#5428 = CARTESIAN_POINT ( 'NONE',  ( -1.099999999999999867, -0.8750000000000001110, -0.05000000000000000278 ) ) ;
#5429 = DIRECTION ( 'NONE',  ( -1.000000000000000000, 0.000000000000000000, 0.000000000000000000 ) ) ;
#5430 = SURFACE_STYLE_USAGE ( .BOTH. , #5926 ) ;
#5431 = FILL_AREA_STYLE ('',( #3378 ) ) ;
#5432 = ORIENTED_EDGE ( 'NONE', *, *, #2564, .F. ) ;
#5433 = SURFACE_SIDE_STYLE ('',( #5812 ) ) ;
#5434 = CARTESIAN_POINT ( 'NONE',  ( 1.499999999999999778, 1.125000000000000000, 0.1999999999999999833 ) ) ;
#5435 = CARTESIAN_POINT ( 'NONE',  ( -1.100000000000000533, 0.8749999999999998890, -0.05000000000000000278 ) ) ;
#5436 = STYLED_ITEM ( 'NONE', ( #999 ), #1849 ) ;
#5437 = CARTESIAN_POINT ( 'NONE',  ( 0.9238035127743313701, 1.415534226812491747, 0.001000000000000000021 ) ) ;
#5438 = VERTEX_POINT ( 'NONE', #6371 ) ;
#5439 = DIRECTION ( 'NONE',  ( 0.000000000000000000, 1.000000000000000000, -0.000000000000000000 ) ) ;
#5440 = UNCERTAINTY_MEASURE_WITH_UNIT (LENGTH_MEASURE( 1.000000000000000082E-05 ), #2316, 'distance_accuracy_value', 'NONE');
#5441 = CARTESIAN_POINT ( 'NONE',  ( -1.509999999999999787, -0.8750000000000001110, 0.2000000000000000111 ) ) ;
#5442 = LINE ( 'NONE', #2041, #6358 ) ;
#5443 = VECTOR ( 'NONE', #429, 1000.000000000000000 ) ;
#5444 = ORIENTED_EDGE ( 'NONE', *, *, #498, .T. ) ;
#5445 =( GEOMETRIC_REPRESENTATION_CONTEXT ( 3 ) GLOBAL_UNCERTAINTY_ASSIGNED_CONTEXT ( ( #6048 ) ) GLOBAL_UNIT_ASSIGNED_CONTEXT ( ( #5642, #1877, #5600 ) ) REPRESENTATION_CONTEXT ( 'NONE', 'WORKASPACE' ) );
#5446 = EDGE_CURVE ( 'NONE', #3834, #6572, #5575, .T. ) ;
#5447 = VERTEX_POINT ( 'NONE', #1663 ) ;
#5448 = CARTESIAN_POINT ( 'NONE',  ( -1.105173908670702643, 1.206650258449453395, 0.8489999999999999769 ) ) ;
#5449 = CARTESIAN_POINT ( 'NONE',  ( 1.165495585945063306, 1.405168373153955041, 0.001000000000000000021 ) ) ;
#5450 = FACE_OUTER_BOUND ( 'NONE', #384, .T. ) ;
#5451 = CARTESIAN_POINT ( 'NONE',  ( 1.509999999999998455, -0.8750000000000001110, 0.2000000000000000111 ) ) ;
#5452 = CARTESIAN_POINT ( 'NONE',  ( 0.8461865286041413414, 1.330374768908447525, 0.001000000000000000021 ) ) ;
#5453 = B_SPLINE_CURVE_WITH_KNOTS ( 'NONE', 3,
 ( #5270, #2039, #445, #968, #3048, #2013, #6780, #3574, #379, #6823, #902, #3618, #1025, #4793, #5875, #58, #2705, #3784, #1585 ),
 .UNSPECIFIED., .F., .F.,
 ( 4, 1, 1, 1, 1, 1, 1, 1, 1, 1, 1, 1, 1, 1, 1, 1, 4 ),
 ( 0.000000000000000000, 0.07377411937406354314, 0.1440791147260405414, 0.2113485183089111319, 0.2760768857398832044, 0.3385209158196766377, 0.3998851166931332579, 0.4602540674652132457, 0.5205889643912481324, 0.5802076845630439461, 0.6386329085525460636, 0.6963645494905235100, 0.7540017746600126136, 0.8128056813744971576, 0.8727544255255602623, 0.9351819969782664277, 1.000000000000000000 ),
 .UNSPECIFIED. ) ;
#5454 =( LENGTH_UNIT ( ) NAMED_UNIT ( * ) SI_UNIT ( .MILLI., .METRE. ) );
#5455 = AXIS2_PLACEMENT_3D ( 'NONE', #740, #2887, #3914 ) ;
#5456 = EDGE_CURVE ( 'NONE', #1168, #5447, #5838, .T. ) ;
#5457 =( LENGTH_UNIT ( ) NAMED_UNIT ( * ) SI_UNIT ( .MILLI., .METRE. ) );
#5458 = VECTOR ( 'NONE', #6035, 1000.000000000000000 ) ;
#5459 = ADVANCED_FACE ( 'NONE', ( #1918 ), #3822, .T. ) ;
#5460 = SURFACE_STYLE_USAGE ( .BOTH. , #3823 ) ;
#5461 = SURFACE_STYLE_FILL_AREA ( #3810 ) ;
#5462 = CARTESIAN_POINT ( 'NONE',  ( 1.100000000000000311, 0.6249999999999998890, 0.000000000000000000 ) ) ;
#5463 = DIRECTION ( 'NONE',  ( 0.000000000000000000, -0.000000000000000000, 1.000000000000000000 ) ) ;
#5464 = STYLED_ITEM ( 'NONE', ( #6568 ), #6559 ) ;
#5465 = PRESENTATION_LAYER_ASSIGNMENT (  '', '', ( #4408 ) ) ;
#5466 = DIRECTION ( 'NONE',  ( -1.000000000000000000, 0.000000000000000000, 0.000000000000000000 ) ) ;
#5467 = DIRECTION ( 'NONE',  ( 0.000000000000000000, -1.000000000000000000, 0.000000000000000000 ) ) ;
#5468 = SURFACE_STYLE_USAGE ( .BOTH. , #3308 ) ;
#5469 =( LENGTH_UNIT ( ) NAMED_UNIT ( * ) SI_UNIT ( .MILLI., .METRE. ) );
#5470 = AXIS2_PLACEMENT_3D ( 'NONE', #6367, #3148, #5342 ) ;
#5471 = SURFACE_SIDE_STYLE ('',( #5687 ) ) ;
#5472 = PRESENTATION_LAYER_ASSIGNMENT (  '', '', ( #5124 ) ) ;
#5473 =( LENGTH_UNIT ( ) NAMED_UNIT ( * ) SI_UNIT ( .MILLI., .METRE. ) );
#5474 = LINE ( 'NONE', #499, #4323 ) ;
#5475 = DIRECTION ( 'NONE',  ( -1.000000000000000000, 0.000000000000000000, 0.000000000000000000 ) ) ;
#5476 = CARTESIAN_POINT ( 'NONE',  ( -1.100000000000000311, 0.6249999999999998890, 0.000000000000000000 ) ) ;
#5477 = ORIENTED_EDGE ( 'NONE', *, *, #5668, .T. ) ;
#5478 = DIRECTION ( 'NONE',  ( 1.000000000000000000, 0.000000000000000000, 0.000000000000000000 ) ) ;
#5479 = ORIENTED_EDGE ( 'NONE', *, *, #3993, .T. ) ;
#5480 = DIRECTION ( 'NONE',  ( -0.000000000000000000, 0.000000000000000000, -1.000000000000000000 ) ) ;
#5481 = UNCERTAINTY_MEASURE_WITH_UNIT (LENGTH_MEASURE( 1.000000000000000082E-05 ), #4121, 'distance_accuracy_value', 'NONE');
#5482 = LINE ( 'NONE', #3585, #1904 ) ;
#5483 = CARTESIAN_POINT ( 'NONE',  ( -1.510000000000000231, -0.1250000000000000555, -0.05000000000000000278 ) ) ;
#5484 =( GEOMETRIC_REPRESENTATION_CONTEXT ( 3 ) GLOBAL_UNCERTAINTY_ASSIGNED_CONTEXT ( ( #195 ) ) GLOBAL_UNIT_ASSIGNED_CONTEXT ( ( #6817, #2575, #3661 ) ) REPRESENTATION_CONTEXT ( 'NONE', 'WORKASPACE' ) );
#5485 = ORIENTED_EDGE ( 'NONE', *, *, #5506, .T. ) ;
#5486 = FILL_AREA_STYLE ('',( #1275 ) ) ;
#5487 = FACE_OUTER_BOUND ( 'NONE', #1761, .T. ) ;
#5488 = ADVANCED_FACE ( 'NONE', ( #3846 ), #2850, .T. ) ;
#5489 = ORIENTED_EDGE ( 'NONE', *, *, #4521, .F. ) ;
#5490 = VERTEX_POINT ( 'NONE', #1687 ) ;
#5491 = CARTESIAN_POINT ( 'NONE',  ( -1.499999999999999778, -0.3750000000000000555, 0.2000000000000000111 ) ) ;
#5492 = DIRECTION ( 'NONE',  ( -0.000000000000000000, 0.000000000000000000, -1.000000000000000000 ) ) ;
#5493 = AXIS2_PLACEMENT_3D ( 'NONE', #4697, #2557, #6846 ) ;
#5494 = EDGE_CURVE ( 'NONE', #6441, #1858, #6754, .T. ) ;
#5495 = CARTESIAN_POINT ( 'NONE',  ( -1.500000000000000222, 1.500000000000000000, 0.8499999999999999778 ) ) ;
#5496 = SURFACE_STYLE_USAGE ( .BOTH. , #1163 ) ;
#5497 = ORIENTED_EDGE ( 'NONE', *, *, #4180, .T. ) ;
#5498 = ORIENTED_EDGE ( 'NONE', *, *, #4084, .T. ) ;
#5499 = CARTESIAN_POINT ( 'NONE',  ( 1.180891741447563925, 1.436920561992521828, 0.000000000000000000 ) ) ;
#5500 = CARTESIAN_POINT ( 'NONE',  ( 0.000000000000000000, 0.000000000000000000, 0.2000000000000000111 ) ) ;
#5501 = CARTESIAN_POINT ( 'NONE',  ( 0.7163721103353070108, 1.413095202422247842, 0.000000000000000000 ) ) ;
#5502 =( NAMED_UNIT ( * ) PLANE_ANGLE_UNIT ( ) SI_UNIT ( $, .RADIAN. ) );
#5503 = LINE ( 'NONE', #4657, #3590 ) ;
#5504 = CARTESIAN_POINT ( 'NONE',  ( 0.000000000000000000, 0.000000000000000000, 0.000000000000000000 ) ) ;
#5505 = STYLED_ITEM ( 'NONE', ( #2921 ), #5599 ) ;
#5506 = EDGE_CURVE ( 'NONE', #6553, #5641, #4867, .T. ) ;
#5507 = ORIENTED_EDGE ( 'NONE', *, *, #463, .T. ) ;
#5508 = CARTESIAN_POINT ( 'NONE',  ( 0.8045199761889655354, 1.237485446324686711, 0.000000000000000000 ) ) ;
#5509 = CARTESIAN_POINT ( 'NONE',  ( -0.5699999999999998401, 1.189999999999999947, -0.05000000000000000278 ) ) ;
#5510 = LINE ( 'NONE', #2996, #3030 ) ;
#5511 = CARTESIAN_POINT ( 'NONE',  ( 1.205696030031187194, 1.439875259814872521, 0.000000000000000000 ) ) ;
#5512 = COLOUR_RGB ( '',1.000000000000000000, 1.000000000000000000, 1.000000000000000000 ) ;
#5513 = ADVANCED_FACE ( 'NONE', ( #5996 ), #5571, .T. ) ;
#5514 = VERTEX_POINT ( 'NONE', #5434 ) ;
#5515 = CARTESIAN_POINT ( 'NONE',  ( 0.7289102200914046037, 1.437485446324686889, 0.001000000000000000021 ) ) ;
#5516 = LINE ( 'NONE', #459, #1098 ) ;
#5517 =( NAMED_UNIT ( * ) PLANE_ANGLE_UNIT ( ) SI_UNIT ( $, .RADIAN. ) );
#5518 = ORIENTED_EDGE ( 'NONE', *, *, #3583, .F. ) ;
#5519 = CARTESIAN_POINT ( 'NONE',  ( 1.212561134725551160, 1.439924470714930793, 0.001000000000000000021 ) ) ;
#5520 = CARTESIAN_POINT ( 'NONE',  ( 0.8045199761889655354, 1.237485446324686711, 0.001000000000000000021 ) ) ;
#5521 = CARTESIAN_POINT ( 'NONE',  ( 1.509999999999998455, -0.8750000000000001110, -0.05000000000000000278 ) ) ;
#5522 = PRESENTATION_STYLE_ASSIGNMENT (( #194 ) ) ;
#5523 = SURFACE_STYLE_USAGE ( .BOTH. , #1799 ) ;
#5524 = DIRECTION ( 'NONE',  ( -0.000000000000000000, 1.000000000000000000, 0.000000000000000000 ) ) ;
#5525 = VECTOR ( 'NONE', #3468, 1000.000000000000000 ) ;
#5526 = DIRECTION ( 'NONE',  ( 0.000000000000000000, -1.000000000000000000, 0.000000000000000000 ) ) ;
#5527 = VERTEX_POINT ( 'NONE', #3947 ) ;
#5528 = CARTESIAN_POINT ( 'NONE',  ( 1.176369150167910549, 1.410823848447366524, 0.001000000000000000021 ) ) ;
#5529 =( GEOMETRIC_REPRESENTATION_CONTEXT ( 3 ) GLOBAL_UNCERTAINTY_ASSIGNED_CONTEXT ( ( #6171 ) ) GLOBAL_UNIT_ASSIGNED_CONTEXT ( ( #306, #3980, #1303 ) ) REPRESENTATION_CONTEXT ( 'NONE', 'WORKASPACE' ) );
#5530 = UNCERTAINTY_MEASURE_WITH_UNIT (LENGTH_MEASURE( 1.000000000000000082E-05 ), #5958, 'distance_accuracy_value', 'NONE');
#5531 = CARTESIAN_POINT ( 'NONE',  ( 0.8471675841364655346, 1.357083998228073796, 0.000000000000000000 ) ) ;
#5532 = LINE ( 'NONE', #861, #1367 ) ;
#5533 = CARTESIAN_POINT ( 'NONE',  ( 1.331349244481648597, 1.237485446324686711, 0.001000000000000000021 ) ) ;
#5534 = COLOUR_RGB ( '',1.000000000000000000, 1.000000000000000000, 1.000000000000000000 ) ;
#5535 = CARTESIAN_POINT ( 'NONE',  ( -1.100000000000000311, 0.1249999999999999445, -0.05000000000000000278 ) ) ;
#5536 = CARTESIAN_POINT ( 'NONE',  ( 1.212561134725551160, 1.439924470714930793, 0.000000000000000000 ) ) ;
#5537 = MECHANICAL_DESIGN_GEOMETRIC_PRESENTATION_REPRESENTATION (  '', ( #1605 ), #1839 ) ;
#5538 = EDGE_CURVE ( 'NONE', #3962, #4435, #2412, .T. ) ;
#5539 = VECTOR ( 'NONE', #6373, 1000.000000000000000 ) ;
#5540 = ORIENTED_EDGE ( 'NONE', *, *, #1804, .F. ) ;
#5541 = ADVANCED_FACE ( 'NONE', ( #1066 ), #2890, .T. ) ;
#5542 = CARTESIAN_POINT ( 'NONE',  ( -1.100000000000000089, -0.6250000000000001110, 0.2000000000000000111 ) ) ;
#5543 = VECTOR ( 'NONE', #2836, 1000.000000000000000 ) ;
#5544 = DIRECTION ( 'NONE',  ( -1.000000000000000000, 0.000000000000000000, 0.000000000000000000 ) ) ;
#5545 = DIRECTION ( 'NONE',  ( -0.000000000000000000, -0.000000000000000000, -1.000000000000000000 ) ) ;
#5546 = FILL_AREA_STYLE_COLOUR ( '', #1276 ) ;
#5547 = VECTOR ( 'NONE', #4792, 1000.000000000000000 ) ;
#5548 = ADVANCED_FACE ( 'NONE', ( #5074 ), #6685, .T. ) ;
#5549 =( LENGTH_UNIT ( ) NAMED_UNIT ( * ) SI_UNIT ( .MILLI., .METRE. ) );
#5550 = CARTESIAN_POINT ( 'NONE',  ( -1.099999999999999867, -1.125000000000000222, 0.000000000000000000 ) ) ;
#5551 = PRESENTATION_LAYER_ASSIGNMENT (  '', '', ( #6136 ) ) ;
#5552 = EDGE_CURVE ( 'NONE', #2612, #1842, #5916, .T. ) ;
#5553 = PRESENTATION_STYLE_ASSIGNMENT (( #6229 ) ) ;
#5554 = FILL_AREA_STYLE ('',( #5061 ) ) ;
#5555 = CARTESIAN_POINT ( 'NONE',  ( 0.8929822605906170274, 1.241209132398439996, 0.000000000000000000 ) ) ;
#5556 =( NAMED_UNIT ( * ) PLANE_ANGLE_UNIT ( ) SI_UNIT ( $, .RADIAN. ) );
#5557 = VECTOR ( 'NONE', #1337, 1000.000000000000000 ) ;
#5558 = CARTESIAN_POINT ( 'NONE',  ( 1.170333312788450986, 1.433961381430375326, 0.001000000000000000021 ) ) ;
#5559 = DIRECTION ( 'NONE',  ( 1.000000000000000000, 0.000000000000000000, 0.000000000000000000 ) ) ;
#5560 = ORIENTED_EDGE ( 'NONE', *, *, #1463, .T. ) ;
#5561 = CARTESIAN_POINT ( 'NONE',  ( 1.314188969058908363, 1.337603682692987572, 0.001000000000000000021 ) ) ;
#5562 = LINE ( 'NONE', #3369, #892 ) ;
#5563 = CARTESIAN_POINT ( 'NONE',  ( 0.9238035127743313701, 1.415534226812491747, 0.001000000000000000021 ) ) ;
#5564 = CARTESIAN_POINT ( 'NONE',  ( 0.8459833908231119137, 1.339429043885662418, 0.001000000000000000021 ) ) ;
#5565 = ORIENTED_EDGE ( 'NONE', *, *, #147, .T. ) ;
#5566 = UNCERTAINTY_MEASURE_WITH_UNIT (LENGTH_MEASURE( 1.000000000000000082E-05 ), #2790, 'distance_accuracy_value', 'NONE');
#5567 = MECHANICAL_DESIGN_GEOMETRIC_PRESENTATION_REPRESENTATION (  '', ( #2143 ), #2498 ) ;
#5568 = DIRECTION ( 'NONE',  ( -0.000000000000000000, -0.000000000000000000, -1.000000000000000000 ) ) ;
#5569 = DIRECTION ( 'NONE',  ( -0.000000000000000000, 0.000000000000000000, -1.000000000000000000 ) ) ;
#5570 = VECTOR ( 'NONE', #6313, 1000.000000000000000 ) ;
#5571 = PLANE ( 'NONE',  #4763 ) ;
#5572 = FACE_OUTER_BOUND ( 'NONE', #3669, .T. ) ;
#5573 = CARTESIAN_POINT ( 'NONE',  ( 1.500000000000000000, -0.3750000000000001110, 0.8499999999999999778 ) ) ;
#5574 = VERTEX_POINT ( 'NONE', #6092 ) ;
#5575 = LINE ( 'NONE', #4402, #6006 ) ;
#5576 = STYLED_ITEM ( 'NONE', ( #3083 ), #2623 ) ;
#5577 = EDGE_CURVE ( 'NONE', #5514, #1510, #6495, .T. ) ;
#5578 = DIRECTION ( 'NONE',  ( 0.000000000000000000, 0.000000000000000000, -1.000000000000000000 ) ) ;
#5579 = VECTOR ( 'NONE', #6769, 1000.000000000000000 ) ;
#5580 = SURFACE_STYLE_FILL_AREA ( #5177 ) ;
#5581 = VERTEX_POINT ( 'NONE', #3596 ) ;
#5582 = PLANE ( 'NONE',  #4133 ) ;
#5583 = ORIENTED_EDGE ( 'NONE', *, *, #3633, .F. ) ;
#5584 = ORIENTED_EDGE ( 'NONE', *, *, #3456, .F. ) ;
#5585 = DIRECTION ( 'NONE',  ( -0.000000000000000000, -0.000000000000000000, -1.000000000000000000 ) ) ;
#5586 = ORIENTED_EDGE ( 'NONE', *, *, #5311, .F. ) ;
#5587 = ORIENTED_EDGE ( 'NONE', *, *, #3162, .T. ) ;
#5588 =( GEOMETRIC_REPRESENTATION_CONTEXT ( 3 ) GLOBAL_UNCERTAINTY_ASSIGNED_CONTEXT ( ( #3328 ) ) GLOBAL_UNIT_ASSIGNED_CONTEXT ( ( #2973, #873, #2953 ) ) REPRESENTATION_CONTEXT ( 'NONE', 'WORKASPACE' ) );
#5589 = EDGE_CURVE ( 'NONE', #4374, #343, #1664, .T. ) ;
#5590 = CARTESIAN_POINT ( 'NONE',  ( 1.278287677829215152, 1.417670046266362727, 0.001000000000000000021 ) ) ;
#5591 = CARTESIAN_POINT ( 'NONE',  ( 0.9072663542651308033, 1.414470425691307431, 0.001000000000000000021 ) ) ;
#5592 = DIRECTION ( 'NONE',  ( -2.168404344971008868E-16, 1.000000000000000000, 0.000000000000000000 ) ) ;
#5593 = VECTOR ( 'NONE', #4586, 1000.000000000000000 ) ;
#5594 =( NAMED_UNIT ( * ) SI_UNIT ( $, .STERADIAN. ) SOLID_ANGLE_UNIT ( ) );
#5595 = CARTESIAN_POINT ( 'NONE',  ( -1.500000000000000222, 1.500000000000000000, 0.8499999999999999778 ) ) ;
#5596 = VERTEX_POINT ( 'NONE', #1426 ) ;
#5597 = ORIENTED_EDGE ( 'NONE', *, *, #6716, .F. ) ;
#5598 = FILL_AREA_STYLE ('',( #3984 ) ) ;
#5599 = ADVANCED_FACE ( 'NONE', ( #3493 ), #5662, .T. ) ;
#5600 =( NAMED_UNIT ( * ) SI_UNIT ( $, .STERADIAN. ) SOLID_ANGLE_UNIT ( ) );
#5601 =( GEOMETRIC_REPRESENTATION_CONTEXT ( 3 ) GLOBAL_UNCERTAINTY_ASSIGNED_CONTEXT ( ( #3114 ) ) GLOBAL_UNIT_ASSIGNED_CONTEXT ( ( #6252, #5153, #1964 ) ) REPRESENTATION_CONTEXT ( 'NONE', 'WORKASPACE' ) );
#5602 = EDGE_CURVE ( 'NONE', #1907, #673, #4007, .T. ) ;
#5603 = ORIENTED_EDGE ( 'NONE', *, *, #886, .F. ) ;
#5604 = FILL_AREA_STYLE_COLOUR ( '', #288 ) ;
#5605 =( NAMED_UNIT ( * ) PLANE_ANGLE_UNIT ( ) SI_UNIT ( $, .RADIAN. ) );
#5606 = LINE ( 'NONE', #130, #4376 ) ;
#5607 = PRESENTATION_STYLE_ASSIGNMENT (( #1738 ) ) ;
#5608 = ORIENTED_EDGE ( 'NONE', *, *, #244, .F. ) ;
#5609 = MECHANICAL_DESIGN_GEOMETRIC_PRESENTATION_REPRESENTATION (  '', ( #262 ), #6518 ) ;
#5610 = CARTESIAN_POINT ( 'NONE',  ( -1.499999999999999556, -1.500000000000000000, 0.000000000000000000 ) ) ;
#5611 = SURFACE_STYLE_USAGE ( .BOTH. , #1886 ) ;
#5612 = PRESENTATION_STYLE_ASSIGNMENT (( #6592 ) ) ;
#5613 = CARTESIAN_POINT ( 'NONE',  ( 1.500000000000000222, -1.125000000000000222, 0.1999999999999999833 ) ) ;
#5614 = ORIENTED_EDGE ( 'NONE', *, *, #3201, .T. ) ;
#5615 = CARTESIAN_POINT ( 'NONE',  ( 1.252965003192492821, 1.432823731887828300, 0.000000000000000000 ) ) ;
#5616 = CARTESIAN_POINT ( 'NONE',  ( 0.000000000000000000, -1.125000000000000222, 0.000000000000000000 ) ) ;
#5617 = CARTESIAN_POINT ( 'NONE',  ( 0.6825306469206727789, 1.315534226812491658, 0.001000000000000000021 ) ) ;
#5618 = PRESENTATION_STYLE_ASSIGNMENT (( #882 ) ) ;
#5619 = DIRECTION ( 'NONE',  ( 0.000000000000000000, 0.000000000000000000, -1.000000000000000000 ) ) ;
#5620 = FACE_OUTER_BOUND ( 'NONE', #5104, .T. ) ;
#5621 = FILL_AREA_STYLE ('',( #314 ) ) ;
#5622 = FILL_AREA_STYLE ('',( #5064 ) ) ;
#5623 = AXIS2_PLACEMENT_3D ( 'NONE', #4950, #1749, #2840 ) ;
#5624 = FILL_AREA_STYLE_COLOUR ( '', #4297 ) ;
#5625 = CARTESIAN_POINT ( 'NONE',  ( 1.100000000000000311, 0.8749999999999998890, 0.000000000000000000 ) ) ;
#5626 = FACE_OUTER_BOUND ( 'NONE', #6836, .T. ) ;
#5627 = AXIS2_PLACEMENT_3D ( 'NONE', #5542, #5032, #1369 ) ;
#5628 = EDGE_CURVE ( 'NONE', #1813, #2586, #2765, .T. ) ;
#5629 = CARTESIAN_POINT ( 'NONE',  ( 1.331349244481648597, 1.259436665836882074, 0.000000000000000000 ) ) ;
#5630 =( NAMED_UNIT ( * ) SI_UNIT ( $, .STERADIAN. ) SOLID_ANGLE_UNIT ( ) );
#5631 = LINE ( 'NONE', #4553, #6732 ) ;
#5632 = FILL_AREA_STYLE_COLOUR ( '', #142 ) ;
#5633 = PLANE ( 'NONE',  #4788 ) ;
#5634 = STYLED_ITEM ( 'NONE', ( #5846 ), #5087 ) ;
#5635 = EDGE_CURVE ( 'NONE', #732, #165, #3096, .T. ) ;
#5636 = LINE ( 'NONE', #4740, #4236 ) ;
#5637 = CARTESIAN_POINT ( 'NONE',  ( 1.238810452854627542, 1.259833254066017982, 0.001000000000000000021 ) ) ;
#5638 = LINE ( 'NONE', #397, #2823 ) ;
#5639 = DIRECTION ( 'NONE',  ( -1.000000000000000000, 0.000000000000000000, 0.000000000000000000 ) ) ;
#5640 = DIRECTION ( 'NONE',  ( 0.000000000000000000, 0.000000000000000000, 1.000000000000000000 ) ) ;
#5641 = VERTEX_POINT ( 'NONE', #1916 ) ;
#5642 =( LENGTH_UNIT ( ) NAMED_UNIT ( * ) SI_UNIT ( .MILLI., .METRE. ) );
#5643 = SURFACE_STYLE_FILL_AREA ( #3078 ) ;
#5644 = PRESENTATION_STYLE_ASSIGNMENT (( #1105 ) ) ;
#5645 = SURFACE_STYLE_USAGE ( .BOTH. , #4656 ) ;
#5646 = CARTESIAN_POINT ( 'NONE',  ( 0.8193932270903653281, 1.328818530467493764, 0.000000000000000000 ) ) ;
#5647 = ORIENTED_EDGE ( 'NONE', *, *, #595, .T. ) ;
#5648 = MECHANICAL_DESIGN_GEOMETRIC_PRESENTATION_REPRESENTATION (  '', ( #1721 ), #5844 ) ;
#5649 =( NAMED_UNIT ( * ) SI_UNIT ( $, .STERADIAN. ) SOLID_ANGLE_UNIT ( ) );
#5650 = SURFACE_STYLE_FILL_AREA ( #5431 ) ;
#5651 = CARTESIAN_POINT ( 'NONE',  ( 0.000000000000000000, 0.1249999999999999445, 0.000000000000000000 ) ) ;
#5652 = VERTEX_POINT ( 'NONE', #2455 ) ;
#5653 = DIRECTION ( 'NONE',  ( 0.000000000000000000, -1.000000000000000000, 0.000000000000000000 ) ) ;
#5654 = SURFACE_SIDE_STYLE ('',( #2441 ) ) ;
#5655 = CARTESIAN_POINT ( 'NONE',  ( 0.6825306469206727789, 1.315534226812491658, 0.001000000000000000021 ) ) ;
#5656 = CARTESIAN_POINT ( 'NONE',  ( 1.310440101781073841, 1.366913143773170303, 0.000000000000000000 ) ) ;
#5657 = VECTOR ( 'NONE', #2177, 1000.000000000000000 ) ;
#5658 = ORIENTED_EDGE ( 'NONE', *, *, #3728, .T. ) ;
#5659 = SURFACE_STYLE_USAGE ( .BOTH. , #6134 ) ;
#5660 = SURFACE_SIDE_STYLE ('',( #4498 ) ) ;
#5661 = CARTESIAN_POINT ( 'NONE',  ( 1.268046698086685797, 1.278083687133608981, 0.001000000000000000021 ) ) ;
#5662 = PLANE ( 'NONE',  #124 ) ;
#5663 = CARTESIAN_POINT ( 'NONE',  ( 0.9238035127743313701, 1.415534226812491747, 0.001000000000000000021 ) ) ;
#5664 = LINE ( 'NONE', #1031, #582 ) ;
#5665 = ORIENTED_EDGE ( 'NONE', *, *, #1487, .T. ) ;
#5666 = CLOSED_SHELL ( 'NONE', ( #2327, #5821, #4744, #714, #2892, #3248, #5747, #272, #2372, #6169, #5459, #5087, #3908, #3177, #4710, #2656, #4114, #5928, #4346, #2834, #3933, #4010, #2548, #699, #4503, #3361, #2403, #6332, #467, #2297, #368, #6339, #2623, #1802, #1675, #5548, #3692, #1239, #301, #2355, #4220, #6740, #5707, #1933, #188, #4424, #815, #1197, #1849, #4060, #5189, #797, #40, #578, #2438, #2967, #1976, #1249, #915, #1450, #1317, #3985, #704, #4978, #5024, #1865, #1023, #2396, #4566, #1099, #6627, #2903, #435, #2960, #5599, #5513, #731, #2048, #3395, #5488, #6847, #5071, #4596, #4602, #1942, #675, #6559, #950, #1278, #6661, #205, #6610, #4468, #5332, #6239, #5290, #876, #6125, #4545, #2364, #1841, #6207, #1548, #6598, #4738, #1720, #5122, #339, #4086, #3473, #5541, #747, #3144, #6585, #6101, #3352, #1693, #4673, #4956, #3584, #3108, #6111, #6779, #5742, #3389, #4186, #1379, #506, #1905, #241, #6647, #2387, #3001, #848 ) ) ;
#5667 = PRESENTATION_LAYER_ASSIGNMENT (  '', '', ( #1605 ) ) ;
#5668 = EDGE_CURVE ( 'NONE', #2800, #769, #5240, .T. ) ;
#5669 = CARTESIAN_POINT ( 'NONE',  ( 0.9238035127743313701, 1.415534226812491747, 0.001000000000000000021 ) ) ;
#5670 = SURFACE_SIDE_STYLE ('',( #3250 ) ) ;
#5671 = LINE ( 'NONE', #3518, #6266 ) ;
#5672 = EDGE_LOOP ( 'NONE', ( #3444, #257, #2597, #5415 ) ) ;
#5673 = FILL_AREA_STYLE_COLOUR ( '', #5044 ) ;
#5674 = PRESENTATION_LAYER_ASSIGNMENT (  '', '', ( #2376 ) ) ;
#5675 = EDGE_CURVE ( 'NONE', #944, #4404, #5750, .T. ) ;
#5676 = ORIENTED_EDGE ( 'NONE', *, *, #6164, .F. ) ;
#5677 = CARTESIAN_POINT ( 'NONE',  ( 0.7192710450615407147, 1.399982387779697968, 0.001000000000000000021 ) ) ;
#5678 = CARTESIAN_POINT ( 'NONE',  ( 1.314276073749941043, 1.333712580471028364, 0.000000000000000000 ) ) ;
#5679 = DIRECTION ( 'NONE',  ( 1.445602896647339163E-16, -1.000000000000000000, 0.000000000000000000 ) ) ;
#5680 = CARTESIAN_POINT ( 'NONE',  ( 1.287282726364587626, 1.326716084885321667, 0.000000000000000000 ) ) ;
#5681 = ORIENTED_EDGE ( 'NONE', *, *, #4439, .T. ) ;
#5682 = CARTESIAN_POINT ( 'NONE',  ( 0.9257471103353070996, 1.237485446324686711, 0.001000000000000000021 ) ) ;
#5683 = DIRECTION ( 'NONE',  ( 0.000000000000000000, -1.000000000000000000, 0.000000000000000000 ) ) ;
#5684 = MECHANICAL_DESIGN_GEOMETRIC_PRESENTATION_REPRESENTATION (  '', ( #6405 ), #3208 ) ;
#5685 = MECHANICAL_DESIGN_GEOMETRIC_PRESENTATION_REPRESENTATION (  '', ( #1765 ), #541 ) ;
#5686 = CARTESIAN_POINT ( 'NONE',  ( 1.510000000000000231, 0.8749999999999998890, 0.2000000000000000111 ) ) ;
#5687 = SURFACE_STYLE_FILL_AREA ( #2772 ) ;
#5688 = FACE_OUTER_BOUND ( 'NONE', #5109, .T. ) ;
#5689 = ORIENTED_EDGE ( 'NONE', *, *, #4877, .F. ) ;
#5690 = SURFACE_STYLE_USAGE ( .BOTH. , #3032 ) ;
#5691 = CARTESIAN_POINT ( 'NONE',  ( 0.8305916916275362105, 1.289019392825649701, 0.001000000000000000021 ) ) ;
#5692 = CARTESIAN_POINT ( 'NONE',  ( -8.673617379884033500E-16, -0.5000000000000000000, -0.05000000000000000278 ) ) ;
#5693 = UNCERTAINTY_MEASURE_WITH_UNIT (LENGTH_MEASURE( 1.000000000000000082E-05 ), #1782, 'distance_accuracy_value', 'NONE');
#5694 = FILL_AREA_STYLE ('',( #411 ) ) ;
#5695 = CARTESIAN_POINT ( 'NONE',  ( 0.7289102200914046037, 1.437485446324686889, 0.000000000000000000 ) ) ;
#5696 = ORIENTED_EDGE ( 'NONE', *, *, #5777, .F. ) ;
#5697 = STYLED_ITEM ( 'NONE', ( #4943 ), #1675 ) ;
#5698 = VERTEX_POINT ( 'NONE', #6205 ) ;
#5699 = CARTESIAN_POINT ( 'NONE',  ( 1.099999999999998535, -0.8750000000000001110, 0.2000000000000000111 ) ) ;
#5700 =( NAMED_UNIT ( * ) SI_UNIT ( $, .STERADIAN. ) SOLID_ANGLE_UNIT ( ) );
#5701 = LINE ( 'NONE', #5099, #1784 ) ;
#5702 =( LENGTH_UNIT ( ) NAMED_UNIT ( * ) SI_UNIT ( .MILLI., .METRE. ) );
#5703 = CARTESIAN_POINT ( 'NONE',  ( 1.499999999999999778, 1.500000000000000000, 0.000000000000000000 ) ) ;
#5704 = FILL_AREA_STYLE_COLOUR ( '', #6219 ) ;
#5705 = DIRECTION ( 'NONE',  ( 0.000000000000000000, 0.000000000000000000, -1.000000000000000000 ) ) ;
#5706 = CARTESIAN_POINT ( 'NONE',  ( -1.509999999999999787, -0.8750000000000001110, -0.05000000000000000278 ) ) ;
#5707 = ADVANCED_FACE ( 'NONE', ( #404 ), #3069, .F. ) ;
#5708 = DIRECTION ( 'NONE',  ( 1.000000000000000000, 0.000000000000000000, 0.000000000000000000 ) ) ;
#5709 =( GEOMETRIC_REPRESENTATION_CONTEXT ( 3 ) GLOBAL_UNCERTAINTY_ASSIGNED_CONTEXT ( ( #1815 ) ) GLOBAL_UNIT_ASSIGNED_CONTEXT ( ( #1982, #2503, #373 ) ) REPRESENTATION_CONTEXT ( 'NONE', 'WORKASPACE' ) );
#5710 = VECTOR ( 'NONE', #949, 1000.000000000000000 ) ;
#5711 = ORIENTED_EDGE ( 'NONE', *, *, #295, .F. ) ;
#5712 = SURFACE_STYLE_FILL_AREA ( #5621 ) ;
#5713 = FACE_OUTER_BOUND ( 'NONE', #5672, .T. ) ;
#5714 = CARTESIAN_POINT ( 'NONE',  ( 0.7157242444816485083, 1.413095202422247842, 0.001000000000000000021 ) ) ;
#5715 = FILL_AREA_STYLE_COLOUR ( '', #4245 ) ;
#5716 = CARTESIAN_POINT ( 'NONE',  ( -1.510000000000000231, 0.3749999999999999445, 0.2000000000000000111 ) ) ;
#5717 =( GEOMETRIC_REPRESENTATION_CONTEXT ( 3 ) GLOBAL_UNCERTAINTY_ASSIGNED_CONTEXT ( ( #2814 ) ) GLOBAL_UNIT_ASSIGNED_CONTEXT ( ( #1260, #4995, #1798 ) ) REPRESENTATION_CONTEXT ( 'NONE', 'WORKASPACE' ) );
#5718 = EDGE_CURVE ( 'NONE', #2426, #6553, #2734, .T. ) ;
#5719 = DIRECTION ( 'NONE',  ( 1.000000000000000000, 0.000000000000000000, 0.000000000000000000 ) ) ;
#5720 = DIRECTION ( 'NONE',  ( -1.000000000000000000, 0.000000000000000000, 0.000000000000000000 ) ) ;
#5721 = CARTESIAN_POINT ( 'NONE',  ( 1.275057583917853732, 1.250105509096871126, 0.001000000000000000021 ) ) ;
#5722 = LINE ( 'NONE', #4739, #4322 ) ;
#5723 = VECTOR ( 'NONE', #5254, 1000.000000000000000 ) ;
#5724 = COLOUR_RGB ( '',1.000000000000000000, 1.000000000000000000, 1.000000000000000000 ) ;
#5725 = ORIENTED_EDGE ( 'NONE', *, *, #3421, .T. ) ;
#5726 = DIRECTION ( 'NONE',  ( -0.000000000000000000, 0.000000000000000000, -1.000000000000000000 ) ) ;
#5727 = AXIS2_PLACEMENT_3D ( 'NONE', #6275, #5759, #6291 ) ;
#5728 = EDGE_CURVE ( 'NONE', #6441, #6258, #2930, .T. ) ;
#5729 = CARTESIAN_POINT ( 'NONE',  ( 1.262980588415814287, 1.273136556711579326, 0.001000000000000000021 ) ) ;
#5730 = FILL_AREA_STYLE ('',( #3713 ) ) ;
#5731 = LINE ( 'NONE', #716, #6240 ) ;
#5732 = DIRECTION ( 'NONE',  ( 1.000000000000000000, 0.000000000000000000, 0.000000000000000000 ) ) ;
#5733 = CARTESIAN_POINT ( 'NONE',  ( 1.314276073749941043, 1.333712580471028364, 0.001000000000000000021 ) ) ;
#5734 = SURFACE_STYLE_FILL_AREA ( #634 ) ;
#5735 = ORIENTED_EDGE ( 'NONE', *, *, #4451, .T. ) ;
#5736 = CARTESIAN_POINT ( 'NONE',  ( 0.9238035127743313701, 1.415534226812491747, 0.000000000000000000 ) ) ;
#5737 = COLOUR_RGB ( '',1.000000000000000000, 1.000000000000000000, 1.000000000000000000 ) ;
#5738 = CARTESIAN_POINT ( 'NONE',  ( -1.099999999999999867, -0.8750000000000001110, -0.05000000000000000278 ) ) ;
#5739 = FACE_OUTER_BOUND ( 'NONE', #4794, .T. ) ;
#5740 = PRESENTATION_STYLE_ASSIGNMENT (( #4756 ) ) ;
#5741 = SURFACE_SIDE_STYLE ('',( #4078 ) ) ;
#5742 = ADVANCED_FACE ( 'NONE', ( #4349 ), #4234, .T. ) ;
#5743 = ORIENTED_EDGE ( 'NONE', *, *, #375, .F. ) ;
#5744 = UNCERTAINTY_MEASURE_WITH_UNIT (LENGTH_MEASURE( 1.000000000000000082E-05 ), #2369, 'distance_accuracy_value', 'NONE');
#5745 = AXIS2_PLACEMENT_3D ( 'NONE', #1477, #1500, #974 ) ;
#5746 = SURFACE_SIDE_STYLE ('',( #4803 ) ) ;
#5747 = ADVANCED_FACE ( 'NONE', ( #1407, #5487 ), #4671, .T. ) ;
#5748 = VECTOR ( 'NONE', #1568, 1000.000000000000000 ) ;
#5749 = CARTESIAN_POINT ( 'NONE',  ( 0.6533004639938435609, 1.237485446324686711, 0.001000000000000000021 ) ) ;
#5750 = LINE ( 'NONE', #1985, #1329 ) ;
#5751 = VERTEX_POINT ( 'NONE', #517 ) ;
#5752 = ORIENTED_EDGE ( 'NONE', *, *, #5538, .T. ) ;
#5753 = CARTESIAN_POINT ( 'NONE',  ( 1.314276073749941043, 1.333712580471028364, 0.000000000000000000 ) ) ;
#5754 = FACE_OUTER_BOUND ( 'NONE', #6027, .T. ) ;
#5755 = CARTESIAN_POINT ( 'NONE',  ( 1.165495585945063306, 1.431997641446637992, 0.001000000000000000021 ) ) ;
#5756 = EDGE_LOOP ( 'NONE', ( #109, #658, #2781, #5603, #3251, #3863, #3362, #2621, #4729, #5423, #6011, #6752 ) ) ;
#5757 = DIRECTION ( 'NONE',  ( 0.000000000000000000, 1.000000000000000000, 0.000000000000000000 ) ) ;
#5758 = VERTEX_POINT ( 'NONE', #3639 ) ;
#5759 = DIRECTION ( 'NONE',  ( -0.000000000000000000, 0.000000000000000000, 1.000000000000000000 ) ) ;
#5760 = FILL_AREA_STYLE_COLOUR ( '', #1880 ) ;
#5761 = CARTESIAN_POINT ( 'NONE',  ( 1.300091263642115358, 1.276665274755224733, 0.001000000000000000021 ) ) ;
#5762 = COLOUR_RGB ( '',1.000000000000000000, 1.000000000000000000, 0.000000000000000000 ) ;
#5763 = DIRECTION ( 'NONE',  ( 0.000000000000000000, 1.000000000000000000, -0.000000000000000000 ) ) ;
#5764 = ORIENTED_EDGE ( 'NONE', *, *, #5668, .F. ) ;
#5765 = STYLED_ITEM ( 'NONE', ( #2732 ), #3985 ) ;
#5766 = EDGE_CURVE ( 'NONE', #5900, #6258, #730, .T. ) ;
#5767 = SURFACE_SIDE_STYLE ('',( #209 ) ) ;
#5768 =( LENGTH_UNIT ( ) NAMED_UNIT ( * ) SI_UNIT ( .MILLI., .METRE. ) );
#5769 = PLANE ( 'NONE',  #1851 ) ;
#5770 = FACE_OUTER_BOUND ( 'NONE', #2418, .T. ) ;
#5771 = FILL_AREA_STYLE ('',( #3176 ) ) ;
#5772 = FACE_OUTER_BOUND ( 'NONE', #3359, .T. ) ;
#5773 = VERTEX_POINT ( 'NONE', #4854 ) ;
#5774 = SURFACE_STYLE_USAGE ( .BOTH. , #3653 ) ;
#5775 = DIRECTION ( 'NONE',  ( 1.000000000000000000, 0.000000000000000000, 0.000000000000000000 ) ) ;
#5776 = MECHANICAL_DESIGN_GEOMETRIC_PRESENTATION_REPRESENTATION (  '', ( #4487 ), #1713 ) ;
#5777 = EDGE_CURVE ( 'NONE', #5447, #3842, #5002, .T. ) ;
#5778 = CARTESIAN_POINT ( 'NONE',  ( 1.308082777657451734, 1.293567267218154848, 0.000000000000000000 ) ) ;
#5779 = ORIENTED_EDGE ( 'NONE', *, *, #367, .T. ) ;
#5780 = CARTESIAN_POINT ( 'NONE',  ( -0.000000000000000000, -0.1250000000000000555, 0.000000000000000000 ) ) ;
#5781 = CARTESIAN_POINT ( 'NONE',  ( 0.8191541225304289631, 1.340000690227125979, 0.000000000000000000 ) ) ;
#5782 = CARTESIAN_POINT ( 'NONE',  ( 0.9160163956779671102, 1.259628886722163443, 0.001000000000000000021 ) ) ;
#5783 = CARTESIAN_POINT ( 'NONE',  ( 1.282241781652168955, 1.255700418172936761, 0.001000000000000000021 ) ) ;
#5784 = ORIENTED_EDGE ( 'NONE', *, *, #5830, .T. ) ;
#5785 = UNCERTAINTY_MEASURE_WITH_UNIT (LENGTH_MEASURE( 1.000000000000000082E-05 ), #2611, 'distance_accuracy_value', 'NONE');
#5786 = PRESENTATION_LAYER_ASSIGNMENT (  '', '', ( #5202 ) ) ;
#5787 = CARTESIAN_POINT ( 'NONE',  ( 1.240705897366340071, 1.236548989636322871, 0.000000000000000000 ) ) ;
#5788 = FILL_AREA_STYLE_COLOUR ( '', #1458 ) ;
#5789 = SURFACE_STYLE_FILL_AREA ( #1323 ) ;
#5790 = DIRECTION ( 'NONE',  ( 0.000000000000000000, -1.000000000000000000, 0.000000000000000000 ) ) ;
#5791 = LINE ( 'NONE', #18, #4467 ) ;
#5792 = DIRECTION ( 'NONE',  ( -1.000000000000000000, 0.000000000000000000, 0.000000000000000000 ) ) ;
#5793 = CARTESIAN_POINT ( 'NONE',  ( -1.100000000000000533, 1.125000000000000000, 0.2000000000000000111 ) ) ;
#5794 = ORIENTED_EDGE ( 'NONE', *, *, #3238, .T. ) ;
#5795 = CARTESIAN_POINT ( 'NONE',  ( 1.176369150167910549, 1.410823848447366524, 0.001000000000000000021 ) ) ;
#5796 = PRESENTATION_STYLE_ASSIGNMENT (( #3662 ) ) ;
#5797 = PRESENTATION_STYLE_ASSIGNMENT (( #3714 ) ) ;
#5798 = DIRECTION ( 'NONE',  ( 0.3393303772748790248, 0.9406672605435399959, 0.000000000000000000 ) ) ;
#5799 = CARTESIAN_POINT ( 'NONE',  ( -1.500000000000000000, 0.1249999999999999445, 0.2000000000000000111 ) ) ;
#5800 = PRESENTATION_LAYER_ASSIGNMENT (  '', '', ( #2954 ) ) ;
#5801 = DIRECTION ( 'NONE',  ( 0.000000000000000000, 0.000000000000000000, -1.000000000000000000 ) ) ;
#5802 = CARTESIAN_POINT ( 'NONE',  ( 0.7163721103353070108, 1.413095202422247842, 0.000000000000000000 ) ) ;
#5803 = LINE ( 'NONE', #5155, #4400 ) ;
#5804 = CARTESIAN_POINT ( 'NONE',  ( 0.8193900607680996151, 1.350715090392519802, 0.000000000000000000 ) ) ;
#5805 =( LENGTH_UNIT ( ) NAMED_UNIT ( * ) SI_UNIT ( .MILLI., .METRE. ) );
#5806 = COLOUR_RGB ( '',0.5019607843137254832, 0.5019607843137254832, 0.5019607843137254832 ) ;
#5807 = CARTESIAN_POINT ( 'NONE',  ( 1.294876447577504086, 1.269043937791713761, 0.001000000000000000021 ) ) ;
#5808 = PRESENTATION_LAYER_ASSIGNMENT (  '', '', ( #4390 ) ) ;
#5809 = EDGE_CURVE ( 'NONE', #4163, #2214, #2254, .T. ) ;
#5810 = CARTESIAN_POINT ( 'NONE',  ( 1.223997886060241402, 1.235123853351413281, -0.000000000000000000 ) ) ;
#5811 = CARTESIAN_POINT ( 'NONE',  ( -1.500000000000000222, 1.500000000000000000, 0.8499999999999999778 ) ) ;
#5812 = SURFACE_STYLE_FILL_AREA ( #3894 ) ;
#5813 = FACE_OUTER_BOUND ( 'NONE', #1108, .T. ) ;
#5814 = VERTEX_POINT ( 'NONE', #5355 ) ;
#5815 = CARTESIAN_POINT ( 'NONE',  ( 0.8488691470480581591, 1.411138868804953317, 0.001000000000000000021 ) ) ;
#5816 = SURFACE_STYLE_USAGE ( .BOTH. , #1052 ) ;
#5817 =( GEOMETRIC_REPRESENTATION_CONTEXT ( 3 ) GLOBAL_UNCERTAINTY_ASSIGNED_CONTEXT ( ( #1641 ) ) GLOBAL_UNIT_ASSIGNED_CONTEXT ( ( #6039, #171, #1822 ) ) REPRESENTATION_CONTEXT ( 'NONE', 'WORKASPACE' ) );
#5818 = EDGE_CURVE ( 'NONE', #2214, #1582, #491, .T. ) ;
#5819 = VECTOR ( 'NONE', #5679, 1000.000000000000000 ) ;
#5820 = LINE ( 'NONE', #1522, #5723 ) ;
#5821 = ADVANCED_FACE ( 'NONE', ( #2851, #334, #3580, #6931, #1995, #3665, #2326 ), #1626, .F. ) ;
#5822 = CARTESIAN_POINT ( 'NONE',  ( 1.279447239625169930, 1.376715267716938307, 0.001000000000000000021 ) ) ;
#5823 = ORIENTED_EDGE ( 'NONE', *, *, #2434, .T. ) ;
#5824 = CARTESIAN_POINT ( 'NONE',  ( 0.8199999999999997291, -1.189999999999999947, -0.000000000000000000 ) ) ;
#5825 = CARTESIAN_POINT ( 'NONE',  ( 1.255382488047387390, 1.405475844549583853, 0.000000000000000000 ) ) ;
#5826 = COLOUR_RGB ( '',1.000000000000000000, 1.000000000000000000, 0.000000000000000000 ) ;
#5827 = SURFACE_STYLE_FILL_AREA ( #2340 ) ;
#5828 = LINE ( 'NONE', #6400, #3659 ) ;
#5829 = ORIENTED_EDGE ( 'NONE', *, *, #2572, .F. ) ;
#5830 = EDGE_CURVE ( 'NONE', #4426, #261, #3267, .T. ) ;
#5831 = CARTESIAN_POINT ( 'NONE',  ( 1.214414343295326493, 1.257029349556122222, 0.001000000000000000021 ) ) ;
#5832 = CARTESIAN_POINT ( 'NONE',  ( 1.287446805457258314, 1.335351299983223328, 0.001000000000000000021 ) ) ;
#5833 = CYLINDRICAL_SURFACE ( 'NONE', #4958, 0.1251475869328494694 ) ;
#5834 = SURFACE_STYLE_USAGE ( .BOTH. , #4282 ) ;
#5835 = CARTESIAN_POINT ( 'NONE',  ( 0.7195733298475021078, 1.399070812178345280, 0.001000000000000000021 ) ) ;
#5836 = ORIENTED_EDGE ( 'NONE', *, *, #4579, .T. ) ;
#5837 = CARTESIAN_POINT ( 'NONE',  ( 0.9533004639938436053, 1.415534226812491747, 0.001000000000000000021 ) ) ;
#5838 = LINE ( 'NONE', #633, #4428 ) ;
#5839 = CARTESIAN_POINT ( 'NONE',  ( 0.8231488131387183493, 1.370826042199335904, 0.001000000000000000021 ) ) ;
#5840 = VECTOR ( 'NONE', #5905, 1000.000000000000000 ) ;
#5841 = ORIENTED_EDGE ( 'NONE', *, *, #2472, .T. ) ;
#5842 =( GEOMETRIC_REPRESENTATION_CONTEXT ( 3 ) GLOBAL_UNCERTAINTY_ASSIGNED_CONTEXT ( ( #4350 ) ) GLOBAL_UNIT_ASSIGNED_CONTEXT ( ( #5298, #2640, #6349 ) ) REPRESENTATION_CONTEXT ( 'NONE', 'WORKASPACE' ) );
#5843 = CARTESIAN_POINT ( 'NONE',  ( 1.187853293109085051, 1.414830476248121416, 0.001000000000000000021 ) ) ;
#5844 =( GEOMETRIC_REPRESENTATION_CONTEXT ( 3 ) GLOBAL_UNCERTAINTY_ASSIGNED_CONTEXT ( ( #1133 ) ) GLOBAL_UNIT_ASSIGNED_CONTEXT ( ( #5142, #5123, #349 ) ) REPRESENTATION_CONTEXT ( 'NONE', 'WORKASPACE' ) );
#5845 = EDGE_LOOP ( 'NONE', ( #6014, #2550, #212, #2356, #5167, #4369 ) ) ;
#5846 = PRESENTATION_STYLE_ASSIGNMENT (( #6693 ) ) ;
#5847 = VECTOR ( 'NONE', #6018, 1000.000000000000000 ) ;
#5848 = ORIENTED_EDGE ( 'NONE', *, *, #3808, .T. ) ;
#5849 = CARTESIAN_POINT ( 'NONE',  ( 1.099999999999998535, -1.125000000000000222, 0.2000000000000000111 ) ) ;
#5850 = STYLED_ITEM ( 'NONE', ( #3085 ), #2903 ) ;
#5851 = DIRECTION ( 'NONE',  ( -1.000000000000000000, 0.000000000000000000, -0.000000000000000000 ) ) ;
#5852 = LINE ( 'NONE', #3039, #2353 ) ;
#5853 = VERTEX_POINT ( 'NONE', #3230 ) ;
#5854 =( NAMED_UNIT ( * ) SI_UNIT ( $, .STERADIAN. ) SOLID_ANGLE_UNIT ( ) );
#5855 =( NAMED_UNIT ( * ) SI_UNIT ( $, .STERADIAN. ) SOLID_ANGLE_UNIT ( ) );
#5856 =( LENGTH_UNIT ( ) NAMED_UNIT ( * ) SI_UNIT ( .MILLI., .METRE. ) );
#5857 =( NAMED_UNIT ( * ) SI_UNIT ( $, .STERADIAN. ) SOLID_ANGLE_UNIT ( ) );
#5858 = LINE ( 'NONE', #3180, #1769 ) ;
#5859 = AXIS2_PLACEMENT_3D ( 'NONE', #3886, #5492, #1187 ) ;
#5860 = EDGE_CURVE ( 'NONE', #4435, #2029, #1104, .T. ) ;
#5861 = ORIENTED_EDGE ( 'NONE', *, *, #801, .F. ) ;
#5862 = DIRECTION ( 'NONE',  ( -1.000000000000000000, 0.000000000000000000, 0.000000000000000000 ) ) ;
#5863 = CARTESIAN_POINT ( 'NONE',  ( 0.8192339561091838140, 1.343626083541322735, 2.117582368135750848E-19 ) ) ;
#5864 = SURFACE_SIDE_STYLE ('',( #2891 ) ) ;
#5865 = CARTESIAN_POINT ( 'NONE',  ( 0.8542050493524661059, 1.379492010606547803, 0.000000000000000000 ) ) ;
#5866 = ORIENTED_EDGE ( 'NONE', *, *, #6574, .F. ) ;
#5867 = DIRECTION ( 'NONE',  ( -1.000000000000000000, 0.000000000000000000, 0.000000000000000000 ) ) ;
#5868 = PRESENTATION_LAYER_ASSIGNMENT (  '', '', ( #2171 ) ) ;
#5869 = EDGE_CURVE ( 'NONE', #3202, #2166, #1159, .T. ) ;
#5870 = LINE ( 'NONE', #4774, #1787 ) ;
#5871 = DIRECTION ( 'NONE',  ( -1.000000000000000000, 0.000000000000000000, -0.000000000000000000 ) ) ;
#5872 = UNCERTAINTY_MEASURE_WITH_UNIT (LENGTH_MEASURE( 1.000000000000000082E-05 ), #2779, 'distance_accuracy_value', 'NONE');
#5873 =( NAMED_UNIT ( * ) PLANE_ANGLE_UNIT ( ) SI_UNIT ( $, .RADIAN. ) );
#5874 = UNCERTAINTY_MEASURE_WITH_UNIT (LENGTH_MEASURE( 1.000000000000000082E-05 ), #5457, 'distance_accuracy_value', 'NONE');
#5875 = CARTESIAN_POINT ( 'NONE',  ( 1.238810452854627542, 1.259833254066017982, 0.001000000000000000021 ) ) ;
#5876 = VECTOR ( 'NONE', #3130, 1000.000000000000000 ) ;
#5877 = FILL_AREA_STYLE_COLOUR ( '', #2647 ) ;
#5878 = MECHANICAL_DESIGN_GEOMETRIC_PRESENTATION_REPRESENTATION (  '', ( #3258 ), #3517 ) ;
#5879 = FILL_AREA_STYLE ('',( #470 ) ) ;
#5880 = COLOUR_RGB ( '',1.000000000000000000, 1.000000000000000000, 0.000000000000000000 ) ;
#5881 = CARTESIAN_POINT ( 'NONE',  ( 1.500000000000000000, 0.1250000000000001110, 0.1999999999999999833 ) ) ;
#5882 =( LENGTH_UNIT ( ) NAMED_UNIT ( * ) SI_UNIT ( .MILLI., .METRE. ) );
#5883 = CARTESIAN_POINT ( 'NONE',  ( 0.8733707479134967810, 1.427329738526557756, 0.001000000000000000021 ) ) ;
#5884 = ORIENTED_EDGE ( 'NONE', *, *, #214, .T. ) ;
#5885 = LINE ( 'NONE', #6253, #55 ) ;
#5886 = CYLINDRICAL_SURFACE ( 'NONE', #5218, 0.1251475869328494694 ) ;
#5887 = CARTESIAN_POINT ( 'NONE',  ( 1.271559333513887946, 1.389905845868543377, 0.001000000000000000021 ) ) ;
#5888 = PRESENTATION_LAYER_ASSIGNMENT (  '', '', ( #3753 ) ) ;
#5889 = EDGE_LOOP ( 'NONE', ( #3944, #4089, #3775, #3186 ) ) ;
#5890 = SURFACE_STYLE_USAGE ( .BOTH. , #3302 ) ;
#5891 = LINE ( 'NONE', #2871, #6388 ) ;
#5892 = CARTESIAN_POINT ( 'NONE',  ( -1.499999999999999778, -0.6250000000000001110, 0.2000000000000000111 ) ) ;
#5893 = DIRECTION ( 'NONE',  ( -0.000000000000000000, 0.000000000000000000, 1.000000000000000000 ) ) ;
#5894 = VECTOR ( 'NONE', #6381, 1000.000000000000000 ) ;
#5895 = ORIENTED_EDGE ( 'NONE', *, *, #3495, .F. ) ;
#5896 = VECTOR ( 'NONE', #5207, 1000.000000000000000 ) ;
#5897 = MECHANICAL_DESIGN_GEOMETRIC_PRESENTATION_REPRESENTATION (  '', ( #6755 ), #2324 ) ;
#5898 = EDGE_CURVE ( 'NONE', #4689, #982, #4916, .T. ) ;
#5899 = VECTOR ( 'NONE', #1290, 1000.000000000000227 ) ;
#5900 = VERTEX_POINT ( 'NONE', #3681 ) ;
#5901 =( LENGTH_UNIT ( ) NAMED_UNIT ( * ) SI_UNIT ( .MILLI., .METRE. ) );
#5902 = CARTESIAN_POINT ( 'NONE',  ( 1.126471195701160832, 1.237485446324686711, 0.000000000000000000 ) ) ;
#5903 = FILL_AREA_STYLE_COLOUR ( '', #5534 ) ;
#5904 = ORIENTED_EDGE ( 'NONE', *, *, #6310, .T. ) ;
#5905 = DIRECTION ( 'NONE',  ( 1.000000000000000000, -0.000000000000000000, -0.000000000000000000 ) ) ;
#5906 = LINE ( 'NONE', #5108, #5400 ) ;
#5907 = LINE ( 'NONE', #6901, #804 ) ;
#5908 = CARTESIAN_POINT ( 'NONE',  ( 1.287242664401207826, 1.344456265279422080, 0.001000000000000000021 ) ) ;
#5909 = PRESENTATION_STYLE_ASSIGNMENT (( #1063 ) ) ;
#5910 = CARTESIAN_POINT ( 'NONE',  ( 0.8495738147659768202, 1.411545586410557940, 0.001000000000000000021 ) ) ;
#5911 = ORIENTED_EDGE ( 'NONE', *, *, #3557, .T. ) ;
#5912 = ORIENTED_EDGE ( 'NONE', *, *, #6854, .F. ) ;
#5913 = CARTESIAN_POINT ( 'NONE',  ( 1.126471195701160832, 1.437485446324686889, 0.000000000000000000 ) ) ;
#5914 = STYLED_ITEM ( 'NONE', ( #6686 ), #5189 ) ;
#5915 = EDGE_CURVE ( 'NONE', #3293, #4032, #1635, .T. ) ;
#5916 = LINE ( 'NONE', #6800, #92 ) ;
#5917 = CARTESIAN_POINT ( 'NONE',  ( 1.220526073749941265, 1.235046421934443028, 0.001000000000000000021 ) ) ;
#5918 = COLOUR_RGB ( '',0.5019607843137254832, 0.5019607843137254832, 0.5019607843137254832 ) ;
#5919 = CARTESIAN_POINT ( 'NONE',  ( 0.7149351670263043301, 1.408720823696960833, 0.001000000000000000021 ) ) ;
#5920 = ORIENTED_EDGE ( 'NONE', *, *, #722, .F. ) ;
#5921 = MECHANICAL_DESIGN_GEOMETRIC_PRESENTATION_REPRESENTATION (  '', ( #1404 ), #1990 ) ;
#5922 = ORIENTED_EDGE ( 'NONE', *, *, #792, .F. ) ;
#5923 = ORIENTED_EDGE ( 'NONE', *, *, #3557, .F. ) ;
#5924 = CARTESIAN_POINT ( 'NONE',  ( 1.212537313687817919, 1.235140116643961283, 0.000000000000000000 ) ) ;
#5925 = VECTOR ( 'NONE', #5967, 1000.000000000000000 ) ;
#5926 = SURFACE_SIDE_STYLE ('',( #3790 ) ) ;
#5927 = ORIENTED_EDGE ( 'NONE', *, *, #5094, .T. ) ;
#5928 = ADVANCED_FACE ( 'NONE', ( #3936 ), #4825, .T. ) ;
#5929 = EDGE_LOOP ( 'NONE', ( #1733, #919, #6108, #5911 ) ) ;
#5930 = CARTESIAN_POINT ( 'NONE',  ( -1.100000000000000311, 0.000000000000000000, 0.000000000000000000 ) ) ;
#5931 = B_SPLINE_CURVE_WITH_KNOTS ( 'NONE', 3,
 ( #6409, #6480, #3254, #4879, #4855, #3736, #542 ),
 .UNSPECIFIED., .F., .F.,
 ( 4, 1, 1, 1, 4 ),
 ( 0.000000000000000000, 0.1744817153170560020, 0.3982857591281081522, 0.6738978473986653173, 1.000000000000000000 ),
 .UNSPECIFIED. ) ;
#5932 = VECTOR ( 'NONE', #4611, 1000.000000000000000 ) ;
#5933 = AXIS2_PLACEMENT_3D ( 'NONE', #2878, #3386, #6050 ) ;
#5934 = SURFACE_STYLE_FILL_AREA ( #6606 ) ;
#5935 = ORIENTED_EDGE ( 'NONE', *, *, #1523, .T. ) ;
#5936 = DIRECTION ( 'NONE',  ( 1.000000000000000000, 0.000000000000000000, 0.000000000000000000 ) ) ;
#5937 = PRESENTATION_STYLE_ASSIGNMENT (( #713 ) ) ;
#5938 = CARTESIAN_POINT ( 'NONE',  ( 1.406959000579209640, 1.259436665836882074, 0.001000000000000000021 ) ) ;
#5939 = PRESENTATION_STYLE_ASSIGNMENT (( #3133 ) ) ;
#5940 = ORIENTED_EDGE ( 'NONE', *, *, #6783, .F. ) ;
#5941 =( GEOMETRIC_REPRESENTATION_CONTEXT ( 3 ) GLOBAL_UNCERTAINTY_ASSIGNED_CONTEXT ( ( #4941 ) ) GLOBAL_UNIT_ASSIGNED_CONTEXT ( ( #6289, #6911, #1579 ) ) REPRESENTATION_CONTEXT ( 'NONE', 'WORKASPACE' ) );
#5942 = EDGE_CURVE ( 'NONE', #5652, #440, #5828, .T. ) ;
#5943 = LINE ( 'NONE', #5521, #4870 ) ;
#5944 = FILL_AREA_STYLE ('',( #2743 ) ) ;
#5945 = DIRECTION ( 'NONE',  ( 0.000000000000000000, 0.000000000000000000, -1.000000000000000000 ) ) ;
#5946 = ORIENTED_EDGE ( 'NONE', *, *, #1301, .T. ) ;
#5947 = FILL_AREA_STYLE ('',( #4882 ) ) ;
#5948 = DIRECTION ( 'NONE',  ( 0.000000000000000000, 1.000000000000000000, 0.000000000000000000 ) ) ;
#5949 =( GEOMETRIC_REPRESENTATION_CONTEXT ( 3 ) GLOBAL_UNCERTAINTY_ASSIGNED_CONTEXT ( ( #5481 ) ) GLOBAL_UNIT_ASSIGNED_CONTEXT ( ( #4121, #1992, #451 ) ) REPRESENTATION_CONTEXT ( 'NONE', 'WORKASPACE' ) );
#5950 = EDGE_CURVE ( 'NONE', #1959, #4183, #4085, .T. ) ;
#5951 = COLOUR_RGB ( '',1.000000000000000000, 1.000000000000000000, 0.000000000000000000 ) ;
#5952 = SURFACE_STYLE_USAGE ( .BOTH. , #4365 ) ;
#5953 = ORIENTED_EDGE ( 'NONE', *, *, #3593, .T. ) ;
#5954 = ORIENTED_EDGE ( 'NONE', *, *, #5223, .F. ) ;
#5955 = FILL_AREA_STYLE_COLOUR ( '', #1750 ) ;
#5956 = DIRECTION ( 'NONE',  ( -0.000000000000000000, -0.000000000000000000, 1.000000000000000000 ) ) ;
#5957 = ORIENTED_EDGE ( 'NONE', *, *, #636, .T. ) ;
#5958 =( LENGTH_UNIT ( ) NAMED_UNIT ( * ) SI_UNIT ( .MILLI., .METRE. ) );
#5959 = UNCERTAINTY_MEASURE_WITH_UNIT (LENGTH_MEASURE( 1.000000000000000082E-05 ), #814, 'distance_accuracy_value', 'NONE');
#5960 =( GEOMETRIC_REPRESENTATION_CONTEXT ( 3 ) GLOBAL_UNCERTAINTY_ASSIGNED_CONTEXT ( ( #1040 ) ) GLOBAL_UNIT_ASSIGNED_CONTEXT ( ( #1309, #1855, #812 ) ) REPRESENTATION_CONTEXT ( 'NONE', 'WORKASPACE' ) );
#5961 = EDGE_CURVE ( 'NONE', #2029, #335, #385, .T. ) ;
#5962 = PLANE ( 'NONE',  #6637 ) ;
#5963 = FACE_OUTER_BOUND ( 'NONE', #168, .T. ) ;
#5964 = SURFACE_STYLE_FILL_AREA ( #5944 ) ;
#5965 = ORIENTED_EDGE ( 'NONE', *, *, #3772, .F. ) ;
#5966 =( NAMED_UNIT ( * ) SI_UNIT ( $, .STERADIAN. ) SOLID_ANGLE_UNIT ( ) );
#5967 = DIRECTION ( 'NONE',  ( 0.000000000000000000, -1.000000000000000000, 0.000000000000000000 ) ) ;
#5968 = CARTESIAN_POINT ( 'NONE',  ( 1.099641927408477882, 1.327729348763711181, 0.001000000000000000021 ) ) ;
#5969 = FILL_AREA_STYLE ('',( #2728 ) ) ;
#5970 =( GEOMETRIC_REPRESENTATION_CONTEXT ( 3 ) GLOBAL_UNCERTAINTY_ASSIGNED_CONTEXT ( ( #5530 ) ) GLOBAL_UNIT_ASSIGNED_CONTEXT ( ( #5958, #4913, #2783 ) ) REPRESENTATION_CONTEXT ( 'NONE', 'WORKASPACE' ) );
#5971 = FILL_AREA_STYLE ('',( #4445 ) ) ;
#5972 = VECTOR ( 'NONE', #3028, 1000.000000000000000 ) ;
#5973 = PLANE ( 'NONE',  #1777 ) ;
#5974 = VECTOR ( 'NONE', #5720, 1000.000000000000000 ) ;
#5975 = CARTESIAN_POINT ( 'NONE',  ( 0.7020809517987216530, 1.437485446324686889, 0.001000000000000000021 ) ) ;
#5976 = CARTESIAN_POINT ( 'NONE',  ( -1.100000000000000311, 0.000000000000000000, 0.000000000000000000 ) ) ;
#5977 = COLOUR_RGB ( '',1.000000000000000000, 1.000000000000000000, 1.000000000000000000 ) ;
#5978 = LINE ( 'NONE', #4603, #2900 ) ;
#5979 = ORIENTED_EDGE ( 'NONE', *, *, #2208, .F. ) ;
#5980 = MECHANICAL_DESIGN_GEOMETRIC_PRESENTATION_REPRESENTATION (  '', ( #5042 ), #6471 ) ;
#5981 = COLOUR_RGB ( '',1.000000000000000000, 1.000000000000000000, 0.000000000000000000 ) ;
#5982 = VECTOR ( 'NONE', #4167, 1000.000000000000000 ) ;
#5983 = COLOUR_RGB ( '',1.000000000000000000, 1.000000000000000000, 0.000000000000000000 ) ;
#5984 = ORIENTED_EDGE ( 'NONE', *, *, #3907, .T. ) ;
#5985 = ORIENTED_EDGE ( 'NONE', *, *, #3720, .F. ) ;
#5986 = CARTESIAN_POINT ( 'NONE',  ( 4.731064025391292434E-16, -1.000000000000000000, 0.2000000000000000111 ) ) ;
#5987 = MECHANICAL_DESIGN_GEOMETRIC_PRESENTATION_REPRESENTATION (  '', ( #1208 ), #6345 ) ;
#5988 = EDGE_CURVE ( 'NONE', #3835, #1101, #4750, .T. ) ;
#5989 = PLANE ( 'NONE',  #5623 ) ;
#5990 = CARTESIAN_POINT ( 'NONE',  ( 0.8918252088146212397, 1.264528664913179501, 0.000000000000000000 ) ) ;
#5991 = B_SPLINE_CURVE_WITH_KNOTS ( 'NONE', 3,
 ( #2012, #6292, #5782, #4672, #4228, #967, #2605, #5199, #5289, #3188, #6276, #2038, #2110, #3121, #3597, #3143, #6895, #4208, #3617 ),
 .UNSPECIFIED., .F., .F.,
 ( 4, 1, 1, 1, 1, 1, 1, 1, 1, 1, 1, 1, 1, 1, 1, 1, 4 ),
 ( 0.000000000000000000, 0.07082657255516335015, 0.1381690332797999576, 0.2024753315338420068, 0.2639737544135196123, 0.3233803205980372297, 0.3817976227131847367, 0.4393900745193887181, 0.4969027245459969322, 0.5546621696093696485, 0.6127418784921965234, 0.6715388363911721781, 0.7316557220901982461, 0.7942978116139520761, 0.8594822049793571228, 0.9276813254527892516, 1.000000000000000000 ),
 .UNSPECIFIED. ) ;
#5992 = ORIENTED_EDGE ( 'NONE', *, *, #6667, .F. ) ;
#5993 = DIRECTION ( 'NONE',  ( 0.000000000000000000, 1.000000000000000000, -0.000000000000000000 ) ) ;
#5994 = PLANE ( 'NONE',  #2693 ) ;
#5995 =( NAMED_UNIT ( * ) SI_UNIT ( $, .STERADIAN. ) SOLID_ANGLE_UNIT ( ) );
#5996 = FACE_OUTER_BOUND ( 'NONE', #3051, .T. ) ;
#5997 = PRESENTATION_STYLE_ASSIGNMENT (( #6556 ) ) ;
#5998 = COLOUR_RGB ( '',0.2509803921568627416, 0.2509803921568627416, 0.2509803921568627416 ) ;
#5999 = CARTESIAN_POINT ( 'NONE',  ( 1.192686725611846077, 1.438890438218083379, 0.001000000000000000021 ) ) ;
#6000 = ORIENTED_EDGE ( 'NONE', *, *, #2472, .F. ) ;
#6001 = EDGE_LOOP ( 'NONE', ( #2835, #4125, #4599, #4547 ) ) ;
#6002 = PRESENTATION_LAYER_ASSIGNMENT (  '', '', ( #5634 ) ) ;
#6003 = EDGE_CURVE ( 'NONE', #2296, #6259, #1401, .T. ) ;
#6004 = CARTESIAN_POINT ( 'NONE',  ( 0.8993857113406952264, 1.262258565948043643, 0.000000000000000000 ) ) ;
#6005 = UNCERTAINTY_MEASURE_WITH_UNIT (LENGTH_MEASURE( 1.000000000000000082E-05 ), #3131, 'distance_accuracy_value', 'NONE');
#6006 = VECTOR ( 'NONE', #4934, 1000.000000000000000 ) ;
#6007 = SURFACE_STYLE_USAGE ( .BOTH. , #3903 ) ;
#6008 = ORIENTED_EDGE ( 'NONE', *, *, #886, .T. ) ;
#6009 = PLANE ( 'NONE',  #5417 ) ;
#6010 = ORIENTED_EDGE ( 'NONE', *, *, #448, .T. ) ;
#6011 = ORIENTED_EDGE ( 'NONE', *, *, #6355, .F. ) ;
#6012 = COLOUR_RGB ( '',1.000000000000000000, 1.000000000000000000, 1.000000000000000000 ) ;
#6013 =( GEOMETRIC_REPRESENTATION_CONTEXT ( 3 ) GLOBAL_UNCERTAINTY_ASSIGNED_CONTEXT ( ( #6091 ) ) GLOBAL_UNIT_ASSIGNED_CONTEXT ( ( #2576, #1512, #1533 ) ) REPRESENTATION_CONTEXT ( 'NONE', 'WORKASPACE' ) );
#6014 = ORIENTED_EDGE ( 'NONE', *, *, #4703, .F. ) ;
#6015 = CARTESIAN_POINT ( 'NONE',  ( 1.100000000000000311, 1.125000000000000000, 0.2000000000000000111 ) ) ;
#6016 = DIRECTION ( 'NONE',  ( -1.000000000000000000, 0.000000000000000000, 0.000000000000000000 ) ) ;
#6017 = STYLED_ITEM ( 'NONE', ( #5210 ), #675 ) ;
#6018 = DIRECTION ( 'NONE',  ( -0.000000000000000000, -0.000000000000000000, -1.000000000000000000 ) ) ;
#6019 = CARTESIAN_POINT ( 'NONE',  ( -0.000000000000000000, -0.3750000000000000555, 0.000000000000000000 ) ) ;
#6020 = CARTESIAN_POINT ( 'NONE',  ( 1.100000000000000311, 0.6249999999999998890, -0.05000000000000000278 ) ) ;
#6021 = EDGE_LOOP ( 'NONE', ( #6403, #4748, #2442, #6076 ) ) ;
#6022 = CARTESIAN_POINT ( 'NONE',  ( 0.7186176179343702897, 1.401952874731250853, 0.001000000000000000021 ) ) ;
#6023 = CARTESIAN_POINT ( 'NONE',  ( 0.8199999999999997291, -1.189999999999999947, -0.05000000000000000278 ) ) ;
#6024 = DIRECTION ( 'NONE',  ( 0.000000000000000000, 0.000000000000000000, 1.000000000000000000 ) ) ;
#6025 = MECHANICAL_DESIGN_GEOMETRIC_PRESENTATION_REPRESENTATION (  '', ( #3988 ), #1241 ) ;
#6026 = SURFACE_STYLE_FILL_AREA ( #4969 ) ;
#6027 = EDGE_LOOP ( 'NONE', ( #2030, #1646, #2775, #5237, #4782 ) ) ;
#6028 =( LENGTH_UNIT ( ) NAMED_UNIT ( * ) SI_UNIT ( .MILLI., .METRE. ) );
#6029 = DIRECTION ( 'NONE',  ( 5.090151044532884716E-17, 1.000000000000000000, -0.000000000000000000 ) ) ;
#6030 = LINE ( 'NONE', #3577, #3615 ) ;
#6031 = AXIS2_PLACEMENT_3D ( 'NONE', #6047, #230, #6024 ) ;
#6032 = EDGE_CURVE ( 'NONE', #5080, #5900, #6159, .T. ) ;
#6033 = ORIENTED_EDGE ( 'NONE', *, *, #1649, .T. ) ;
#6034 = CARTESIAN_POINT ( 'NONE',  ( 1.165495585945063306, 1.431997641446637992, 0.000000000000000000 ) ) ;
#6035 = DIRECTION ( 'NONE',  ( 0.000000000000000000, 0.000000000000000000, -1.000000000000000000 ) ) ;
#6036 = CARTESIAN_POINT ( 'NONE',  ( 1.314018496598930108, 1.345218953006705354, 0.001000000000000000021 ) ) ;
#6037 = DIRECTION ( 'NONE',  ( -0.000000000000000000, 1.000000000000000000, 0.000000000000000000 ) ) ;
#6038 = FACE_OUTER_BOUND ( 'NONE', #3569, .T. ) ;
#6039 =( LENGTH_UNIT ( ) NAMED_UNIT ( * ) SI_UNIT ( .MILLI., .METRE. ) );
#6040 = DIRECTION ( 'NONE',  ( 1.000000000000000000, 0.000000000000000000, 0.000000000000000000 ) ) ;
#6041 = FILL_AREA_STYLE ('',( #2271 ) ) ;
#6042 = EDGE_CURVE ( 'NONE', #6898, #2860, #5482, .T. ) ;
#6043 = DIRECTION ( 'NONE',  ( -0.000000000000000000, -0.000000000000000000, -1.000000000000000000 ) ) ;
#6044 = COLOUR_RGB ( '',1.000000000000000000, 1.000000000000000000, 1.000000000000000000 ) ;
#6045 =( NAMED_UNIT ( * ) SI_UNIT ( $, .STERADIAN. ) SOLID_ANGLE_UNIT ( ) );
#6046 = ORIENTED_EDGE ( 'NONE', *, *, #3970, .T. ) ;
#6047 = CARTESIAN_POINT ( 'NONE',  ( 1.509999999999998455, -0.8750000000000001110, 0.2000000000000000111 ) ) ;
#6048 = UNCERTAINTY_MEASURE_WITH_UNIT (LENGTH_MEASURE( 1.000000000000000082E-05 ), #5642, 'distance_accuracy_value', 'NONE');
#6049 = FILL_AREA_STYLE_COLOUR ( '', #1647 ) ;
#6050 = DIRECTION ( 'NONE',  ( 0.000000000000000000, -0.000000000000000000, 1.000000000000000000 ) ) ;
#6051 = FILL_AREA_STYLE_COLOUR ( '', #5951 ) ;
#6052 = STYLED_ITEM ( 'NONE', ( #1723 ), #6598 ) ;
#6053 = EDGE_CURVE ( 'NONE', #5652, #1169, #1737, .T. ) ;
#6054 = CARTESIAN_POINT ( 'NONE',  ( 1.180891741447563925, 1.436920561992521828, 0.001000000000000000021 ) ) ;
#6055 = VECTOR ( 'NONE', #2955, 1000.000000000000000 ) ;
#6056 =( NAMED_UNIT ( * ) SI_UNIT ( $, .STERADIAN. ) SOLID_ANGLE_UNIT ( ) );
#6057 = VECTOR ( 'NONE', #1363, 1000.000000000000000 ) ;
#6058 = PLANE ( 'NONE',  #3563 ) ;
#6059 = DIRECTION ( 'NONE',  ( -0.000000000000000000, 0.000000000000000000, -1.000000000000000000 ) ) ;
#6060 = VECTOR ( 'NONE', #5993, 1000.000000000000000 ) ;
#6061 =( NAMED_UNIT ( * ) SI_UNIT ( $, .STERADIAN. ) SOLID_ANGLE_UNIT ( ) );
#6062 = MECHANICAL_DESIGN_GEOMETRIC_PRESENTATION_REPRESENTATION (  '', ( #223 ), #2232 ) ;
#6063 = STYLED_ITEM ( 'NONE', ( #2133 ), #699 ) ;
#6064 = CARTESIAN_POINT ( 'NONE',  ( 1.170333312788450986, 1.433961381430375326, 0.000000000000000000 ) ) ;
#6065 = DIRECTION ( 'NONE',  ( 0.000000000000000000, -0.000000000000000000, 1.000000000000000000 ) ) ;
#6066 = VECTOR ( 'NONE', #30, 1000.000000000000000 ) ;
#6067 = FILL_AREA_STYLE_COLOUR ( '', #1966 ) ;
#6068 = CARTESIAN_POINT ( 'NONE',  ( 0.8208403828167714078, 1.318012091451748580, 0.000000000000000000 ) ) ;
#6069 = ORIENTED_EDGE ( 'NONE', *, *, #5869, .F. ) ;
#6070 = CARTESIAN_POINT ( 'NONE',  ( 1.182037798798101003, 1.413051876082184410, 0.000000000000000000 ) ) ;
#6071 = CARTESIAN_POINT ( 'NONE',  ( 0.8648244211314355390, 1.253061585666137789, 0.001000000000000000021 ) ) ;
#6072 =( GEOMETRIC_REPRESENTATION_CONTEXT ( 3 ) GLOBAL_UNCERTAINTY_ASSIGNED_CONTEXT ( ( #576 ) ) GLOBAL_UNIT_ASSIGNED_CONTEXT ( ( #4139, #3570, #6203 ) ) REPRESENTATION_CONTEXT ( 'NONE', 'WORKASPACE' ) );
#6073 = EDGE_CURVE ( 'NONE', #3277, #5447, #1320, .T. ) ;
#6074 = FILL_AREA_STYLE ('',( #1272 ) ) ;
#6075 = ORIENTED_EDGE ( 'NONE', *, *, #6124, .T. ) ;
#6076 = ORIENTED_EDGE ( 'NONE', *, *, #4214, .T. ) ;
#6077 = CARTESIAN_POINT ( 'NONE',  ( 0.9219189669395054798, 1.237554707399918019, 0.001000000000000000021 ) ) ;
#6078 = VERTEX_POINT ( 'NONE', #3677 ) ;
#6079 = DIRECTION ( 'NONE',  ( 2.168404344971008868E-16, -1.000000000000000000, 0.000000000000000000 ) ) ;
#6080 = STYLED_ITEM ( 'NONE', ( #3605 ), #4673 ) ;
#6081 = EDGE_CURVE ( 'NONE', #4351, #6835, #5406, .T. ) ;
#6082 = SURFACE_STYLE_USAGE ( .BOTH. , #4050 ) ;
#6083 = LINE ( 'NONE', #4242, #6761 ) ;
#6084 = LINE ( 'NONE', #3213, #5894 ) ;
#6085 = UNCERTAINTY_MEASURE_WITH_UNIT (LENGTH_MEASURE( 1.000000000000000082E-05 ), #2542, 'distance_accuracy_value', 'NONE');
#6086 = ORIENTED_EDGE ( 'NONE', *, *, #5223, .T. ) ;
#6087 = EDGE_LOOP ( 'NONE', ( #3785, #1415, #2402, #264, #3937, #3270 ) ) ;
#6088 = SURFACE_STYLE_USAGE ( .BOTH. , #2904 ) ;
#6089 = SURFACE_SIDE_STYLE ('',( #5827 ) ) ;
#6090 = CARTESIAN_POINT ( 'NONE',  ( 0.000000000000000000, 1.125000000000000000, 0.000000000000000000 ) ) ;
#6091 = UNCERTAINTY_MEASURE_WITH_UNIT (LENGTH_MEASURE( 1.000000000000000082E-05 ), #2576, 'distance_accuracy_value', 'NONE');
#6092 = CARTESIAN_POINT ( 'NONE',  ( -1.500000000000000000, 0.3749999999999999445, 0.2000000000000000111 ) ) ;
#6093 = SURFACE_SIDE_STYLE ('',( #6569 ) ) ;
#6094 = PRESENTATION_LAYER_ASSIGNMENT (  '', '', ( #3246 ) ) ;
#6095 = EDGE_CURVE ( 'NONE', #5814, #2397, #4009, .T. ) ;
#6096 = EDGE_LOOP ( 'NONE', ( #412, #6680, #1478, #3031 ) ) ;
#6097 = FILL_AREA_STYLE ('',( #6051 ) ) ;
#6098 = CARTESIAN_POINT ( 'NONE',  ( 1.192686725611846077, 1.438890438218083379, 0.001000000000000000021 ) ) ;
#6099 = VECTOR ( 'NONE', #1419, 1000.000000000000000 ) ;
#6100 = VERTEX_POINT ( 'NONE', #2624 ) ;
#6101 = ADVANCED_FACE ( 'NONE', ( #976 ), #4221, .T. ) ;
#6102 = COLOUR_RGB ( '',1.000000000000000000, 1.000000000000000000, 0.000000000000000000 ) ;
#6103 = STYLED_ITEM ( 'NONE', ( #2885 ), #1023 ) ;
#6104 = DIRECTION ( 'NONE',  ( 0.000000000000000000, -0.000000000000000000, -1.000000000000000000 ) ) ;
#6105 = ORIENTED_EDGE ( 'NONE', *, *, #2983, .F. ) ;
#6106 =( NAMED_UNIT ( * ) PLANE_ANGLE_UNIT ( ) SI_UNIT ( $, .RADIAN. ) );
#6107 = MECHANICAL_DESIGN_GEOMETRIC_PRESENTATION_REPRESENTATION (  '', ( #3864 ), #1325 ) ;
#6108 = ORIENTED_EDGE ( 'NONE', *, *, #6483, .F. ) ;
#6109 = CARTESIAN_POINT ( 'NONE',  ( 0.8459833908231119137, 1.339429043885662418, 0.001000000000000000021 ) ) ;
#6110 = PLANE ( 'NONE',  #5455 ) ;
#6111 = ADVANCED_FACE ( 'NONE', ( #1567 ), #6429, .T. ) ;
#6112 = CARTESIAN_POINT ( 'NONE',  ( 1.205696030031187194, 1.439875259814872521, 0.000000000000000000 ) ) ;
#6113 =( NAMED_UNIT ( * ) SI_UNIT ( $, .STERADIAN. ) SOLID_ANGLE_UNIT ( ) );
#6114 = PLANE ( 'NONE',  #4456 ) ;
#6115 = B_SPLINE_SURFACE_WITH_KNOTS ( 'NONE', 3, 1, ( 
 ( #206, #2893 ),
 ( #4469, #2852 ),
 ( #3949, #721 ),
 ( #5528, #5003 ),
 ( #2345, #6070 ),
 ( #6751, #4011 ),
 ( #5156, #4626 ),
 ( #6208, #6731 ),
 ( #789, #6687 ),
 ( #359, #5089 ),
 ( #2485, #341 ) ),
 .UNSPECIFIED., .F., .F., .F.,
 ( 4, 1, 1, 1, 1, 1, 1, 1, 4 ),
 ( 2, 2 ),
 ( 0.000000000000000000, 0.1252796967356245572, 0.2494199707420490797, 0.3733567994928200240, 0.4966812787822845188, 0.6202029157439811202, 0.7450863201614533748, 0.8712691950190969425, 1.000000000000000000 ),
 ( 0.000000000000000000, 1.000000000000000000 ),
 .UNSPECIFIED. ) ;
#6116 = ORIENTED_EDGE ( 'NONE', *, *, #5915, .T. ) ;
#6117 = CARTESIAN_POINT ( 'NONE',  ( 0.8418692136480953048, 1.272620372401458422, 0.000000000000000000 ) ) ;
#6118 = STYLED_ITEM ( 'NONE', ( #5412 ), #1976 ) ;
#6119 = DIRECTION ( 'NONE',  ( 1.000000000000000000, 0.000000000000000000, 0.000000000000000000 ) ) ;
#6120 = DIRECTION ( 'NONE',  ( 1.000000000000000000, 0.000000000000000000, 0.000000000000000000 ) ) ;
#6121 = PRESENTATION_LAYER_ASSIGNMENT (  '', '', ( #6665 ) ) ;
#6122 = CIRCLE ( 'NONE', #5366, 0.1251475869328494694 ) ;
#6123 =( GEOMETRIC_REPRESENTATION_CONTEXT ( 3 ) GLOBAL_UNCERTAINTY_ASSIGNED_CONTEXT ( ( #5316 ) ) GLOBAL_UNIT_ASSIGNED_CONTEXT ( ( #3477, #2899, #6675 ) ) REPRESENTATION_CONTEXT ( 'NONE', 'WORKASPACE' ) );
#6124 = EDGE_CURVE ( 'NONE', #261, #4032, #6320, .T. ) ;
#6125 = ADVANCED_FACE ( 'NONE', ( #5572 ), #1705, .T. ) ;
#6126 = SURFACE_STYLE_USAGE ( .BOTH. , #3475 ) ;
#6127 = LINE ( 'NONE', #464, #6544 ) ;
#6128 = FILL_AREA_STYLE_COLOUR ( '', #3053 ) ;
#6129 =( LENGTH_UNIT ( ) NAMED_UNIT ( * ) SI_UNIT ( .MILLI., .METRE. ) );
#6130 = CARTESIAN_POINT ( 'NONE',  ( 0.8995600794452802695, 1.413006905503889854, 0.001000000000000000021 ) ) ;
#6131 = CARTESIAN_POINT ( 'NONE',  ( 1.303206226869500828, 1.386266350225809463, 0.000000000000000000 ) ) ;
#6132 = LINE ( 'NONE', #6729, #2643 ) ;
#6133 = ORIENTED_EDGE ( 'NONE', *, *, #5151, .T. ) ;
#6134 = SURFACE_SIDE_STYLE ('',( #1719 ) ) ;
#6135 =( NAMED_UNIT ( * ) PLANE_ANGLE_UNIT ( ) SI_UNIT ( $, .RADIAN. ) );
#6136 = STYLED_ITEM ( 'NONE', ( #2770 ), #5122 ) ;
#6137 = EDGE_CURVE ( 'NONE', #4901, #6523, #5562, .T. ) ;
#6138 = PLANE ( 'NONE',  #4232 ) ;
#6139 = CARTESIAN_POINT ( 'NONE',  ( 0.8488496235617685182, 1.265352060947839474, 0.000000000000000000 ) ) ;
#6140 = VECTOR ( 'NONE', #1446, 1000.000000000000000 ) ;
#6141 = CARTESIAN_POINT ( 'NONE',  ( -1.510000000000000231, 0.3749999999999999445, 0.2000000000000000111 ) ) ;
#6142 =( NAMED_UNIT ( * ) PLANE_ANGLE_UNIT ( ) SI_UNIT ( $, .RADIAN. ) );
#6143 = AXIS2_PLACEMENT_3D ( 'NONE', #1014, #6305, #2079 ) ;
#6144 = SURFACE_SIDE_STYLE ('',( #3678 ) ) ;
#6145 = PRESENTATION_STYLE_ASSIGNMENT (( #5359 ) ) ;
#6146 = ORIENTED_EDGE ( 'NONE', *, *, #1606, .F. ) ;
#6147 = SURFACE_STYLE_USAGE ( .BOTH. , #4480 ) ;
#6148 = DIRECTION ( 'NONE',  ( 0.000000000000000000, 0.000000000000000000, -1.000000000000000000 ) ) ;
#6149 = VECTOR ( 'NONE', #3637, 1000.000000000000000 ) ;
#6150 = LINE ( 'NONE', #5435, #4573 ) ;
#6151 = CARTESIAN_POINT ( 'NONE',  ( 1.270329446393897443, 1.423634130827882593, 0.000000000000000000 ) ) ;
#6152 = VERTEX_POINT ( 'NONE', #3853 ) ;
#6153 = MECHANICAL_DESIGN_GEOMETRIC_PRESENTATION_REPRESENTATION (  '', ( #2954 ), #963 ) ;
#6154 = SURFACE_STYLE_USAGE ( .BOTH. , #4073 ) ;
#6155 = SURFACE_SIDE_STYLE ('',( #4334 ) ) ;
#6156 = VECTOR ( 'NONE', #5246, 1000.000000000000000 ) ;
#6157 = DIRECTION ( 'NONE',  ( -0.000000000000000000, -0.000000000000000000, 1.000000000000000000 ) ) ;
#6158 = FACE_OUTER_BOUND ( 'NONE', #4030, .T. ) ;
#6159 = LINE ( 'NONE', #6285, #3344 ) ;
#6160 =( NAMED_UNIT ( * ) SI_UNIT ( $, .STERADIAN. ) SOLID_ANGLE_UNIT ( ) );
#6161 = DIRECTION ( 'NONE',  ( 0.000000000000000000, -1.000000000000000000, 0.000000000000000000 ) ) ;
#6162 = VERTEX_POINT ( 'NONE', #180 ) ;
#6163 =( GEOMETRIC_REPRESENTATION_CONTEXT ( 3 ) GLOBAL_UNCERTAINTY_ASSIGNED_CONTEXT ( ( #6263 ) ) GLOBAL_UNIT_ASSIGNED_CONTEXT ( ( #5404, #3874, #5700 ) ) REPRESENTATION_CONTEXT ( 'NONE', 'WORKASPACE' ) );
#6164 = EDGE_CURVE ( 'NONE', #5009, #5758, #569, .T. ) ;
#6165 = FILL_AREA_STYLE ('',( #5624 ) ) ;
#6166 = EDGE_LOOP ( 'NONE', ( #3503, #1283, #4446, #2540 ) ) ;
#6167 = FILL_AREA_STYLE ('',( #4544 ) ) ;
#6168 = ORIENTED_EDGE ( 'NONE', *, *, #6524, .T. ) ;
#6169 = ADVANCED_FACE ( 'NONE', ( #4660 ), #1198, .F. ) ;
#6170 = VECTOR ( 'NONE', #6490, 1000.000000000000000 ) ;
#6171 = UNCERTAINTY_MEASURE_WITH_UNIT (LENGTH_MEASURE( 1.000000000000000082E-05 ), #306, 'distance_accuracy_value', 'NONE');
#6172 = ORIENTED_EDGE ( 'NONE', *, *, #2520, .F. ) ;
#6173 = ORIENTED_EDGE ( 'NONE', *, *, #4162, .F. ) ;
#6174 = PRESENTATION_LAYER_ASSIGNMENT (  '', '', ( #4615 ) ) ;
#6175 = EDGE_CURVE ( 'NONE', #2195, #5490, #3488, .T. ) ;
#6176 = CARTESIAN_POINT ( 'NONE',  ( 1.279950070813942631, 1.296126797480598558, 0.000000000000000000 ) ) ;
#6177 = CARTESIAN_POINT ( 'NONE',  ( 0.9209556575330435368, 1.415475627978673101, 0.001000000000000000021 ) ) ;
#6178 = CARTESIAN_POINT ( 'NONE',  ( 1.314188969058908363, 1.337603682692987572, 0.001000000000000000021 ) ) ;
#6179 = COLOUR_RGB ( '',1.000000000000000000, 1.000000000000000000, 0.000000000000000000 ) ;
#6180 = DIRECTION ( 'NONE',  ( -0.000000000000000000, -0.000000000000000000, -1.000000000000000000 ) ) ;
#6181 = EDGE_LOOP ( 'NONE', ( #6484, #5432, #1767, #2766 ) ) ;
#6182 = CARTESIAN_POINT ( 'NONE',  ( 1.019154122530429030, 1.259436665836882074, 0.000000000000000000 ) ) ;
#6183 = CARTESIAN_POINT ( 'NONE',  ( 1.499999999999999778, 1.500000000000000000, 0.8499999999999999778 ) ) ;
#6184 = DIRECTION ( 'NONE',  ( -0.000000000000000000, -0.000000000000000000, -1.000000000000000000 ) ) ;
#6185 = VECTOR ( 'NONE', #1201, 1000.000000000000000 ) ;
#6186 = EDGE_CURVE ( 'NONE', #5067, #3202, #3084, .T. ) ;
#6187 = COLOUR_RGB ( '',1.000000000000000000, 1.000000000000000000, 1.000000000000000000 ) ;
#6188 = VERTEX_POINT ( 'NONE', #2758 ) ;
#6189 = CARTESIAN_POINT ( 'NONE',  ( -1.499999999999999778, -0.1250000000000001110, 0.8499999999999999778 ) ) ;
#6190 = CARTESIAN_POINT ( 'NONE',  ( 0.8830768782759246260, 1.244327283011096519, 0.000000000000000000 ) ) ;
#6191 = CARTESIAN_POINT ( 'NONE',  ( 0.6240321713109168167, 1.237485446324686711, 0.001000000000000000021 ) ) ;
#6192 = ORIENTED_EDGE ( 'NONE', *, *, #555, .T. ) ;
#6193 = CARTESIAN_POINT ( 'NONE',  ( 0.000000000000000000, 0.000000000000000000, 0.000000000000000000 ) ) ;
#6194 = PRESENTATION_LAYER_ASSIGNMENT (  '', '', ( #6697 ) ) ;
#6195 = CARTESIAN_POINT ( 'NONE',  ( 1.510000000000000231, 0.6249999999999998890, 0.2000000000000000111 ) ) ;
#6196 =( GEOMETRIC_REPRESENTATION_CONTEXT ( 3 ) GLOBAL_UNCERTAINTY_ASSIGNED_CONTEXT ( ( #4137 ) ) GLOBAL_UNIT_ASSIGNED_CONTEXT ( ( #4491, #2384, #201 ) ) REPRESENTATION_CONTEXT ( 'NONE', 'WORKASPACE' ) );
#6197 = CARTESIAN_POINT ( 'NONE',  ( 1.220526073749941265, 1.235046421934443028, 0.000000000000000000 ) ) ;
#6198 = LINE ( 'NONE', #2392, #3304 ) ;
#6199 = CARTESIAN_POINT ( 'NONE',  ( 1.212332476188965558, 1.417973251202735652, 0.000000000000000000 ) ) ;
#6200 = VERTEX_POINT ( 'NONE', #5462 ) ;
#6201 = CARTESIAN_POINT ( 'NONE',  ( 1.212561134725551160, 1.439924470714930793, 0.000000000000000000 ) ) ;
#6202 = CARTESIAN_POINT ( 'NONE',  ( 1.220526073749941265, 1.235046421934443028, 0.001000000000000000021 ) ) ;
#6203 =( NAMED_UNIT ( * ) SI_UNIT ( $, .STERADIAN. ) SOLID_ANGLE_UNIT ( ) );
#6204 = CARTESIAN_POINT ( 'NONE',  ( 1.231807158792402213, 1.258203372036656553, 0.001000000000000000021 ) ) ;
#6205 = CARTESIAN_POINT ( 'NONE',  ( 0.8191541225304289631, 1.340000690227125979, 0.001000000000000000021 ) ) ;
#6206 = SURFACE_STYLE_USAGE ( .BOTH. , #2483 ) ;
#6207 = ADVANCED_FACE ( 'NONE', ( #1899 ), #5393, .T. ) ;
#6208 = CARTESIAN_POINT ( 'NONE',  ( 1.199846089175967023, 1.417230031674933333, 0.001000000000000000021 ) ) ;
#6209 = AXIS2_PLACEMENT_3D ( 'NONE', #3229, #2332, #6444 ) ;
#6210 = LINE ( 'NONE', #5651, #4717 ) ;
#6211 = LINE ( 'NONE', #38, #3387 ) ;
#6212 = SURFACE_STYLE_FILL_AREA ( #1349 ) ;
#6213 = CARTESIAN_POINT ( 'NONE',  ( 0.8488287811456890486, 1.365141393255238755, 0.000000000000000000 ) ) ;
#6214 = ORIENTED_EDGE ( 'NONE', *, *, #2620, .T. ) ;
#6215 = SURFACE_SIDE_STYLE ('',( #3861 ) ) ;
#6216 = UNCERTAINTY_MEASURE_WITH_UNIT (LENGTH_MEASURE( 1.000000000000000082E-05 ), #2778, 'distance_accuracy_value', 'NONE');
#6217 =( GEOMETRIC_REPRESENTATION_CONTEXT ( 3 ) GLOBAL_UNCERTAINTY_ASSIGNED_CONTEXT ( ( #3789 ) ) GLOBAL_UNIT_ASSIGNED_CONTEXT ( ( #4769, #4719, #6314 ) ) REPRESENTATION_CONTEXT ( 'NONE', 'WORKASPACE' ) );
#6218 = EDGE_CURVE ( 'NONE', #673, #4928, #913, .T. ) ;
#6219 = COLOUR_RGB ( '',1.000000000000000000, 1.000000000000000000, 1.000000000000000000 ) ;
#6220 = PRESENTATION_STYLE_ASSIGNMENT (( #2136 ) ) ;
#6221 = CARTESIAN_POINT ( 'NONE',  ( 0.8200000000000000622, 1.189999999999999947, 0.000000000000000000 ) ) ;
#6222 = DIRECTION ( 'NONE',  ( -0.3393303772748790248, -0.9406672605435399959, 0.000000000000000000 ) ) ;
#6223 = SURFACE_STYLE_FILL_AREA ( #4081 ) ;
#6224 = CARTESIAN_POINT ( 'NONE',  ( 1.298280843906858273, 1.395086717804594256, 0.001000000000000000021 ) ) ;
#6225 = CARTESIAN_POINT ( 'NONE',  ( 1.195828005471942346, 1.258699108527147725, 0.001000000000000000021 ) ) ;
#6226 = MECHANICAL_DESIGN_GEOMETRIC_PRESENTATION_REPRESENTATION (  '', ( #2171 ), #6588 ) ;
#6227 = EDGE_CURVE ( 'NONE', #4928, #705, #1999, .T. ) ;
#6228 = DIRECTION ( 'NONE',  ( -1.445602896647339163E-16, 1.000000000000000000, -0.000000000000000000 ) ) ;
#6229 = SURFACE_STYLE_USAGE ( .BOTH. , #4059 ) ;
#6230 = CARTESIAN_POINT ( 'NONE',  ( 0.6240321713109168167, 1.237485446324686711, 0.001000000000000000021 ) ) ;
#6231 = PLANE ( 'NONE',  #6534 ) ;
#6232 = ORIENTED_EDGE ( 'NONE', *, *, #71, .T. ) ;
#6233 = VECTOR ( 'NONE', #5851, 1000.000000000000000 ) ;
#6234 = LINE ( 'NONE', #5573, #1308 ) ;
#6235 =( LENGTH_UNIT ( ) NAMED_UNIT ( * ) SI_UNIT ( .MILLI., .METRE. ) );
#6236 = CARTESIAN_POINT ( 'NONE',  ( 0.8305916916275362105, 1.289019392825649701, 0.000000000000000000 ) ) ;
#6237 = LINE ( 'NONE', #4863, #392 ) ;
#6238 = CARTESIAN_POINT ( 'NONE',  ( -1.100000000000000311, 0.6249999999999998890, -0.05000000000000000278 ) ) ;
#6239 = ADVANCED_FACE ( 'NONE', ( #2494 ), #1741, .T. ) ;
#6240 = VECTOR ( 'NONE', #1263, 1000.000000000000000 ) ;
#6241 = CARTESIAN_POINT ( 'NONE',  ( -1.510000000000000453, 0.8749999999999998890, 0.2000000000000000111 ) ) ;
#6242 = ORIENTED_EDGE ( 'NONE', *, *, #5950, .F. ) ;
#6243 =( NAMED_UNIT ( * ) SI_UNIT ( $, .STERADIAN. ) SOLID_ANGLE_UNIT ( ) );
#6244 = EDGE_CURVE ( 'NONE', #3202, #4511, #5907, .T. ) ;
#6245 = FILL_AREA_STYLE_COLOUR ( '', #1327 ) ;
#6246 = ORIENTED_EDGE ( 'NONE', *, *, #906, .F. ) ;
#6247 = SURFACE_STYLE_FILL_AREA ( #4829 ) ;
#6248 = MECHANICAL_DESIGN_GEOMETRIC_PRESENTATION_REPRESENTATION (  '', ( #3753 ), #2317 ) ;
#6249 = ORIENTED_EDGE ( 'NONE', *, *, #2015, .T. ) ;
#6250 = CARTESIAN_POINT ( 'NONE',  ( 1.189275855301219043, 1.260120451471536951, 0.001000000000000000021 ) ) ;
#6251 = STYLED_ITEM ( 'NONE', ( #2040 ), #731 ) ;
#6252 =( LENGTH_UNIT ( ) NAMED_UNIT ( * ) SI_UNIT ( .MILLI., .METRE. ) );
#6253 = CARTESIAN_POINT ( 'NONE',  ( 0.6735367444816484639, 1.293583007300296517, 0.001000000000000000021 ) ) ;
#6254 = FACE_OUTER_BOUND ( 'NONE', #2750, .T. ) ;
#6255 = LINE ( 'NONE', #2730, #1835 ) ;
#6256 = ORIENTED_EDGE ( 'NONE', *, *, #2172, .T. ) ;
#6257 = FILL_AREA_STYLE ('',( #4678 ) ) ;
#6258 = VERTEX_POINT ( 'NONE', #6807 ) ;
#6259 = VERTEX_POINT ( 'NONE', #3033 ) ;
#6260 = EDGE_CURVE ( 'NONE', #6572, #1365, #4742, .T. ) ;
#6261 = LINE ( 'NONE', #912, #4845 ) ;
#6262 = CARTESIAN_POINT ( 'NONE',  ( -1.510000000000000231, 0.6249999999999998890, 0.2000000000000000111 ) ) ;
#6263 = UNCERTAINTY_MEASURE_WITH_UNIT (LENGTH_MEASURE( 1.000000000000000082E-05 ), #5404, 'distance_accuracy_value', 'NONE');
#6264 = ORIENTED_EDGE ( 'NONE', *, *, #1475, .T. ) ;
#6265 = CARTESIAN_POINT ( 'NONE',  ( 1.165495585945063306, 1.269802519495418558, 0.001000000000000000021 ) ) ;
#6266 = VECTOR ( 'NONE', #4067, 1000.000000000000000 ) ;
#6267 = AXIS2_PLACEMENT_3D ( 'NONE', #1981, #4665, #2006 ) ;
#6268 = EDGE_CURVE ( 'NONE', #2682, #2918, #155, .T. ) ;
#6269 = VERTEX_POINT ( 'NONE', #954 ) ;
#6270 = CARTESIAN_POINT ( 'NONE',  ( 1.312823411706268040, 1.312648833623158984, 0.001000000000000000021 ) ) ;
#6271 = LINE ( 'NONE', #3376, #2947 ) ;
#6272 = DIRECTION ( 'NONE',  ( -0.000000000000000000, -0.000000000000000000, -1.000000000000000000 ) ) ;
#6273 =( NAMED_UNIT ( * ) PLANE_ANGLE_UNIT ( ) SI_UNIT ( $, .RADIAN. ) );
#6274 = ORIENTED_EDGE ( 'NONE', *, *, #906, .T. ) ;
#6275 = CARTESIAN_POINT ( 'NONE',  ( 0.000000000000000000, 0.000000000000000000, 0.8499999999999999778 ) ) ;
#6276 = CARTESIAN_POINT ( 'NONE',  ( 0.8618797747000271903, 1.285929370878940325, 0.001000000000000000021 ) ) ;
#6277 = SURFACE_STYLE_USAGE ( .BOTH. , #423 ) ;
#6278 = FILL_AREA_STYLE_COLOUR ( '', #687 ) ;
#6279 = LINE ( 'NONE', #2259, #1358 ) ;
#6280 = ORIENTED_EDGE ( 'NONE', *, *, #6494, .T. ) ;
#6281 = CARTESIAN_POINT ( 'NONE',  ( 0.8825451747232321287, 1.431018743435590768, 0.001000000000000000021 ) ) ;
#6282 =( GEOMETRIC_REPRESENTATION_CONTEXT ( 3 ) GLOBAL_UNCERTAINTY_ASSIGNED_CONTEXT ( ( #5785 ) ) GLOBAL_UNIT_ASSIGNED_CONTEXT ( ( #2611, #1631, #5857 ) ) REPRESENTATION_CONTEXT ( 'NONE', 'WORKASPACE' ) );
#6283 = PLANE ( 'NONE',  #4144 ) ;
#6284 = DIRECTION ( 'NONE',  ( 0.000000000000000000, 0.000000000000000000, -1.000000000000000000 ) ) ;
#6285 = CARTESIAN_POINT ( 'NONE',  ( -1.500000000000000222, 1.500000000000000000, 0.000000000000000000 ) ) ;
#6286 = PRESENTATION_LAYER_ASSIGNMENT (  '', '', ( #5697 ) ) ;
#6287 = CARTESIAN_POINT ( 'NONE',  ( 1.267271118221589887, 1.245438723017967986, 0.001000000000000000021 ) ) ;
#6288 = FACE_OUTER_BOUND ( 'NONE', #3243, .T. ) ;
#6289 =( LENGTH_UNIT ( ) NAMED_UNIT ( * ) SI_UNIT ( .MILLI., .METRE. ) );
#6290 = CARTESIAN_POINT ( 'NONE',  ( -1.100000000000000311, 0.3749999999999999445, 0.000000000000000000 ) ) ;
#6291 = DIRECTION ( 'NONE',  ( 1.000000000000000000, 0.000000000000000000, 0.000000000000000000 ) ) ;
#6292 = CARTESIAN_POINT ( 'NONE',  ( 0.9218951819468460540, 1.259501807620239777, 0.001000000000000000021 ) ) ;
#6293 = DIRECTION ( 'NONE',  ( 0.000000000000000000, -1.000000000000000000, 0.000000000000000000 ) ) ;
#6294 = EDGE_CURVE ( 'NONE', #3924, #1959, #6825, .T. ) ;
#6295 = ORIENTED_EDGE ( 'NONE', *, *, #5728, .T. ) ;
#6296 = UNCERTAINTY_MEASURE_WITH_UNIT (LENGTH_MEASURE( 1.000000000000000082E-05 ), #3840, 'distance_accuracy_value', 'NONE');
#6297 = SURFACE_STYLE_USAGE ( .BOTH. , #3620 ) ;
#6298 = UNCERTAINTY_MEASURE_WITH_UNIT (LENGTH_MEASURE( 1.000000000000000082E-05 ), #669, 'distance_accuracy_value', 'NONE');
#6299 = CARTESIAN_POINT ( 'NONE',  ( 0.8208438503082605697, 1.361052690609903637, 0.001000000000000000021 ) ) ;
#6300 =( GEOMETRIC_REPRESENTATION_CONTEXT ( 3 ) GLOBAL_UNCERTAINTY_ASSIGNED_CONTEXT ( ( #4261 ) ) GLOBAL_UNIT_ASSIGNED_CONTEXT ( ( #3815, #4361, #151 ) ) REPRESENTATION_CONTEXT ( 'NONE', 'WORKASPACE' ) );
#6301 = EDGE_CURVE ( 'NONE', #2800, #6692, #4655, .T. ) ;
#6302 = SURFACE_STYLE_FILL_AREA ( #3377 ) ;
#6303 = DIRECTION ( 'NONE',  ( -1.000000000000000000, 0.000000000000000000, 0.000000000000000000 ) ) ;
#6304 = CARTESIAN_POINT ( 'NONE',  ( 1.310872504341219935, 1.302834690336651891, 0.000000000000000000 ) ) ;
#6305 = DIRECTION ( 'NONE',  ( 1.000000000000000000, 0.000000000000000000, 0.000000000000000000 ) ) ;
#6306 = VECTOR ( 'NONE', #3116, 1000.000000000000000 ) ;
#6307 = VECTOR ( 'NONE', #1830, 1000.000000000000000 ) ;
#6308 = ORIENTED_EDGE ( 'NONE', *, *, #25, .T. ) ;
#6309 = FILL_AREA_STYLE_COLOUR ( '', #6567 ) ;
#6310 = EDGE_CURVE ( 'NONE', #1842, #1365, #2908, .T. ) ;
#6311 = CARTESIAN_POINT ( 'NONE',  ( 1.099999999999998535, -0.8750000000000001110, -0.05000000000000000278 ) ) ;
#6312 = ORIENTED_EDGE ( 'NONE', *, *, #1699, .T. ) ;
#6313 = DIRECTION ( 'NONE',  ( -2.168404344971008868E-16, 1.000000000000000000, 0.000000000000000000 ) ) ;
#6314 =( NAMED_UNIT ( * ) SI_UNIT ( $, .STERADIAN. ) SOLID_ANGLE_UNIT ( ) );
#6315 = VECTOR ( 'NONE', #1128, 1000.000000000000000 ) ;
#6316 = ORIENTED_EDGE ( 'NONE', *, *, #1991, .F. ) ;
#6317 = FILL_AREA_STYLE_COLOUR ( '', #1778 ) ;
#6318 = PLANE ( 'NONE',  #5470 ) ;
#6319 = CARTESIAN_POINT ( 'NONE',  ( 0.8647295503525349591, 1.422708400181510013, 0.001000000000000000021 ) ) ;
#6320 = LINE ( 'NONE', #5917, #4342 ) ;
#6321 = CARTESIAN_POINT ( 'NONE',  ( 0.9144161442442524379, 1.237690452985548806, 0.000000000000000000 ) ) ;
#6322 = ORIENTED_EDGE ( 'NONE', *, *, #457, .T. ) ;
#6323 = MECHANICAL_DESIGN_GEOMETRIC_PRESENTATION_REPRESENTATION (  '', ( #1776 ), #5842 ) ;
#6324 = CARTESIAN_POINT ( 'NONE',  ( -1.100000000000000311, 0.3749999999999999445, -0.05000000000000000278 ) ) ;
#6325 =( NAMED_UNIT ( * ) SI_UNIT ( $, .STERADIAN. ) SOLID_ANGLE_UNIT ( ) );
#6326 = EDGE_LOOP ( 'NONE', ( #352, #6116, #5681, #6322, #3950, #1559, #191, #908, #926, #4753 ) ) ;
#6327 = VERTEX_POINT ( 'NONE', #1541 ) ;
#6328 = CARTESIAN_POINT ( 'NONE',  ( 1.212332476188965558, 1.417973251202735652, 0.000000000000000000 ) ) ;
#6329 = SURFACE_STYLE_FILL_AREA ( #4752 ) ;
#6330 =( GEOMETRIC_REPRESENTATION_CONTEXT ( 3 ) GLOBAL_UNCERTAINTY_ASSIGNED_CONTEXT ( ( #6379 ) ) GLOBAL_UNIT_ASSIGNED_CONTEXT ( ( #3207, #41, #2869 ) ) REPRESENTATION_CONTEXT ( 'NONE', 'WORKASPACE' ) );
#6331 = PRESENTATION_STYLE_ASSIGNMENT (( #5017 ) ) ;
#6332 = ADVANCED_FACE ( 'NONE', ( #2154 ), #3127, .F. ) ;
#6333 = CARTESIAN_POINT ( 'NONE',  ( 1.100000000000000311, 0.8749999999999998890, -0.05000000000000000278 ) ) ;
#6334 = ORIENTED_EDGE ( 'NONE', *, *, #6081, .T. ) ;
#6335 = DIRECTION ( 'NONE',  ( -0.000000000000000000, 1.000000000000000000, -0.000000000000000000 ) ) ;
#6336 = VERTEX_POINT ( 'NONE', #910 ) ;
#6337 = CARTESIAN_POINT ( 'NONE',  ( 0.8733707479134967810, 1.427329738526557756, 0.000000000000000000 ) ) ;
#6338 =( NAMED_UNIT ( * ) PLANE_ANGLE_UNIT ( ) SI_UNIT ( $, .RADIAN. ) );
#6339 = ADVANCED_FACE ( 'NONE', ( #3405 ), #6283, .T. ) ;
#6340 = CARTESIAN_POINT ( 'NONE',  ( 1.217831675023222537, 1.235078022696521227, 0.001000000000000000021 ) ) ;
#6341 = LINE ( 'NONE', #6650, #2609 ) ;
#6342 = SURFACE_SIDE_STYLE ('',( #1018 ) ) ;
#6343 = FILL_AREA_STYLE_COLOUR ( '', #1694 ) ;
#6344 = EDGE_LOOP ( 'NONE', ( #621, #179, #3206, #4202 ) ) ;
#6345 =( GEOMETRIC_REPRESENTATION_CONTEXT ( 3 ) GLOBAL_UNCERTAINTY_ASSIGNED_CONTEXT ( ( #826 ) ) GLOBAL_UNIT_ASSIGNED_CONTEXT ( ( #3521, #328, #4070 ) ) REPRESENTATION_CONTEXT ( 'NONE', 'WORKASPACE' ) );
#6346 = EDGE_CURVE ( 'NONE', #5091, #3185, #5820, .T. ) ;
#6347 =( NAMED_UNIT ( * ) SI_UNIT ( $, .STERADIAN. ) SOLID_ANGLE_UNIT ( ) );
#6348 = CARTESIAN_POINT ( 'NONE',  ( 0.8418894919363659746, 1.404271237907384728, 2.117582368135750848E-19 ) ) ;
#6349 =( NAMED_UNIT ( * ) SI_UNIT ( $, .STERADIAN. ) SOLID_ANGLE_UNIT ( ) );
#6350 = VECTOR ( 'NONE', #6353, 1000.000000000000000 ) ;
#6351 = VERTEX_POINT ( 'NONE', #2585 ) ;
#6352 = FILL_AREA_STYLE ('',( #2124 ) ) ;
#6353 = DIRECTION ( 'NONE',  ( 0.000000000000000000, 0.000000000000000000, -1.000000000000000000 ) ) ;
#6354 =( GEOMETRIC_REPRESENTATION_CONTEXT ( 3 ) GLOBAL_UNCERTAINTY_ASSIGNED_CONTEXT ( ( #324 ) ) GLOBAL_UNIT_ASSIGNED_CONTEXT ( ( #891, #2987, #322 ) ) REPRESENTATION_CONTEXT ( 'NONE', 'WORKASPACE' ) );
#6355 = EDGE_CURVE ( 'NONE', #6363, #5337, #1979, .T. ) ;
#6356 =( LENGTH_UNIT ( ) NAMED_UNIT ( * ) SI_UNIT ( .MILLI., .METRE. ) );
#6357 = ORIENTED_EDGE ( 'NONE', *, *, #4046, .T. ) ;
#6358 = VECTOR ( 'NONE', #4723, 1000.000000000000000 ) ;
#6359 = CARTESIAN_POINT ( 'NONE',  ( 0.8825451747232321287, 1.431018743435590768, 0.000000000000000000 ) ) ;
#6360 = VECTOR ( 'NONE', #2565, 1000.000000000000000 ) ;
#6361 = CARTESIAN_POINT ( 'NONE',  ( 1.019154122530429030, 1.237485446324686711, 0.000000000000000000 ) ) ;
#6362 = CARTESIAN_POINT ( 'NONE',  ( 1.220526073749941265, 1.235046421934443028, 0.000000000000000000 ) ) ;
#6363 = VERTEX_POINT ( 'NONE', #6464 ) ;
#6364 = ORIENTED_EDGE ( 'NONE', *, *, #1972, .F. ) ;
#6365 = PLANE ( 'NONE',  #884 ) ;
#6366 =( NAMED_UNIT ( * ) SI_UNIT ( $, .STERADIAN. ) SOLID_ANGLE_UNIT ( ) );
#6367 = CARTESIAN_POINT ( 'NONE',  ( 0.000000000000000000, 0.5000000000000000000, -0.05000000000000000278 ) ) ;
#6368 = VECTOR ( 'NONE', #2488, 1000.000000000000000 ) ;
#6369 = CARTESIAN_POINT ( 'NONE',  ( 1.099999999999999423, -0.6250000000000001110, 0.2000000000000000111 ) ) ;
#6370 = DIRECTION ( 'NONE',  ( -0.000000000000000000, -0.000000000000000000, -1.000000000000000000 ) ) ;
#6371 = CARTESIAN_POINT ( 'NONE',  ( -1.510000000000000009, -0.6250000000000001110, -0.05000000000000000278 ) ) ;
#6372 = SHAPE_DEFINITION_REPRESENTATION ( #2638, #3610 ) ;
#6373 = DIRECTION ( 'NONE',  ( -0.000000000000000000, -0.000000000000000000, -1.000000000000000000 ) ) ;
#6374 = CARTESIAN_POINT ( 'NONE',  ( 0.8461763412961886832, 1.348447796654637987, 0.000000000000000000 ) ) ;
#6375 = COLOUR_RGB ( '',1.000000000000000000, 1.000000000000000000, 1.000000000000000000 ) ;
#6376 = FILL_AREA_STYLE ('',( #6862 ) ) ;
#6377 = CARTESIAN_POINT ( 'NONE',  ( 1.212332476188965558, 1.417973251202735652, 0.000000000000000000 ) ) ;
#6378 = SURFACE_SIDE_STYLE ('',( #4412 ) ) ;
#6379 = UNCERTAINTY_MEASURE_WITH_UNIT (LENGTH_MEASURE( 1.000000000000000082E-05 ), #3207, 'distance_accuracy_value', 'NONE');
#6380 =( LENGTH_UNIT ( ) NAMED_UNIT ( * ) SI_UNIT ( .MILLI., .METRE. ) );
#6381 = DIRECTION ( 'NONE',  ( 0.000000000000000000, -1.000000000000000000, 0.000000000000000000 ) ) ;
#6382 = FACE_OUTER_BOUND ( 'NONE', #3041, .T. ) ;
#6383 = DIRECTION ( 'NONE',  ( 0.000000000000000000, 1.000000000000000000, 0.000000000000000000 ) ) ;
#6384 = EDGE_CURVE ( 'NONE', #6336, #5514, #1139, .T. ) ;
#6385 = DIRECTION ( 'NONE',  ( 0.000000000000000000, 0.000000000000000000, 1.000000000000000000 ) ) ;
#6386 = DIRECTION ( 'NONE',  ( 1.000000000000000000, 0.000000000000000000, 0.000000000000000000 ) ) ;
#6387 =( NAMED_UNIT ( * ) PLANE_ANGLE_UNIT ( ) SI_UNIT ( $, .RADIAN. ) );
#6388 = VECTOR ( 'NONE', #615, 1000.000000000000000 ) ;
#6389 = PLANE ( 'NONE',  #4249 ) ;
#6390 = CARTESIAN_POINT ( 'NONE',  ( 1.266637615558718455, 1.395698466623853884, 0.001000000000000000021 ) ) ;
#6391 = LINE ( 'NONE', #5037, #6910 ) ;
#6392 = DIRECTION ( 'NONE',  ( -1.000000000000000000, 0.000000000000000000, -0.000000000000000000 ) ) ;
#6393 = DIRECTION ( 'NONE',  ( -0.000000000000000000, 0.000000000000000000, 1.000000000000000000 ) ) ;
#6394 = EDGE_CURVE ( 'NONE', #3707, #3851, #3081, .T. ) ;
#6395 = VECTOR ( 'NONE', #5862, 1000.000000000000000 ) ;
#6396 = AXIS2_PLACEMENT_3D ( 'NONE', #592, #1122, #5363 ) ;
#6397 = CARTESIAN_POINT ( 'NONE',  ( 0.8853966185127017940, 1.408196209583441050, 0.000000000000000000 ) ) ;
#6398 = ORIENTED_EDGE ( 'NONE', *, *, #4843, .F. ) ;
#6399 = DIRECTION ( 'NONE',  ( 0.000000000000000000, 0.000000000000000000, -1.000000000000000000 ) ) ;
#6400 = CARTESIAN_POINT ( 'NONE',  ( 1.509999999999999343, -0.6250000000000001110, 0.2000000000000000111 ) ) ;
#6401 = SURFACE_STYLE_FILL_AREA ( #6496 ) ;
#6402 = EDGE_LOOP ( 'NONE', ( #1417, #6364, #6008, #1844 ) ) ;
#6403 = ORIENTED_EDGE ( 'NONE', *, *, #5418, .F. ) ;
#6404 = CARTESIAN_POINT ( 'NONE',  ( 1.500000000000000000, 0.3749999999999998890, 0.8499999999999999778 ) ) ;
#6405 = STYLED_ITEM ( 'NONE', ( #3729 ), #6585 ) ;
#6406 = MECHANICAL_DESIGN_GEOMETRIC_PRESENTATION_REPRESENTATION (  '', ( #1897 ), #6689 ) ;
#6407 = B_SPLINE_SURFACE_WITH_KNOTS ( 'NONE', 3, 1, ( 
 ( #1468, #2454 ),
 ( #858, #3572 ),
 ( #2999, #5680 ),
 ( #3067, #4670 ),
 ( #4580, #395 ),
 ( #4099, #4600 ),
 ( #4140, #5197 ),
 ( #5152, #376 ),
 ( #3091, #4116 ),
 ( #5661, #899 ),
 ( #5729, #1399 ),
 ( #2555, #310 ),
 ( #5132, #4055 ),
 ( #1377, #1938 ),
 ( #5637, #2480 ),
 ( #6204, #3025 ),
 ( #6748, #3552 ),
 ( #357, #442 ),
 ( #419, #2086 ) ),
 .UNSPECIFIED., .F., .F., .F.,
 ( 4, 1, 1, 1, 1, 1, 1, 1, 1, 1, 1, 1, 1, 1, 1, 1, 4 ),
 ( 2, 2 ),
 ( 0.000000000000000000, 0.07377411937406354314, 0.1440791147260405414, 0.2113485183089111319, 0.2760768857398832044, 0.3385209158196766377, 0.3998851166931332579, 0.4602540674652132457, 0.5205889643912481324, 0.5802076845630439461, 0.6386329085525460636, 0.6963645494905235100, 0.7540017746600126136, 0.8128056813744971576, 0.8727544255255602623, 0.9351819969782664277, 1.000000000000000000 ),
 ( 0.000000000000000000, 1.000000000000000000 ),
 .UNSPECIFIED. ) ;
#6408 = DIRECTION ( 'NONE',  ( -1.000000000000000000, 0.000000000000000000, 0.000000000000000000 ) ) ;
#6409 = CARTESIAN_POINT ( 'NONE',  ( 0.7126373542377459902, 1.399070812178345280, 0.001000000000000000021 ) ) ;
#6410 = DIRECTION ( 'NONE',  ( 0.3222024856061130316, -0.9466707760722533616, 0.000000000000000000 ) ) ;
#6411 = VECTOR ( 'NONE', #6408, 1000.000000000000000 ) ;
#6412 = FILL_AREA_STYLE ('',( #5877 ) ) ;
#6413 = DIRECTION ( 'NONE',  ( 0.000000000000000000, -1.000000000000000000, 0.000000000000000000 ) ) ;
#6414 = ORIENTED_EDGE ( 'NONE', *, *, #3011, .F. ) ;
#6415 = DIRECTION ( 'NONE',  ( 0.3390537954853696245, 0.9407669869669986751, 0.000000000000000000 ) ) ;
#6416 = CARTESIAN_POINT ( 'NONE',  ( 1.271559333513887946, 1.389905845868543377, 0.001000000000000000021 ) ) ;
#6417 = LINE ( 'NONE', #6311, #6156 ) ;
#6418 = CARTESIAN_POINT ( 'NONE',  ( 0.8565267695416061144, 1.417315342461728189, 0.001000000000000000021 ) ) ;
#6419 = VERTEX_POINT ( 'NONE', #1075 ) ;
#6420 =( GEOMETRIC_REPRESENTATION_CONTEXT ( 3 ) GLOBAL_UNCERTAINTY_ASSIGNED_CONTEXT ( ( #6472 ) ) GLOBAL_UNIT_ASSIGNED_CONTEXT ( ( #1526, #3752, #6325 ) ) REPRESENTATION_CONTEXT ( 'NONE', 'WORKASPACE' ) );
#6421 = EDGE_LOOP ( 'NONE', ( #5829, #1331, #3024, #5647 ) ) ;
#6422 = VERTEX_POINT ( 'NONE', #2164 ) ;
#6423 = CARTESIAN_POINT ( 'NONE',  ( 1.287377542561369159, 1.338440518171786886, 0.000000000000000000 ) ) ;
#6424 = CARTESIAN_POINT ( 'NONE',  ( 0.7134566486429768650, 1.401690281386347658, 0.001000000000000000021 ) ) ;
#6425 = ORIENTED_EDGE ( 'NONE', *, *, #6186, .T. ) ;
#6426 =( NAMED_UNIT ( * ) SI_UNIT ( $, .STERADIAN. ) SOLID_ANGLE_UNIT ( ) );
#6427 = PRESENTATION_LAYER_ASSIGNMENT (  '', '', ( #1786 ) ) ;
#6428 = EDGE_CURVE ( 'NONE', #3281, #1313, #1306, .T. ) ;
#6429 = B_SPLINE_SURFACE_WITH_KNOTS ( 'NONE', 3, 1, ( 
 ( #6812, #4731 ),
 ( #4636, #1524 ),
 ( #6793, #4687 ),
 ( #1507, #1438 ),
 ( #4130, #5165 ),
 ( #4661, #1459 ),
 ( #2001, #5190 ),
 ( #1483, #3706 ),
 ( #3242, #44 ),
 ( #4844, #3800 ),
 ( #5887, #4292 ),
 ( #1080, #6447 ),
 ( #5822, #4821 ),
 ( #507, #74 ),
 ( #4784, #3273 ),
 ( #600, #2737 ),
 ( #3751, #5327 ),
 ( #2147, #6423 ),
 ( #1011, #5372 ) ),
 .UNSPECIFIED., .F., .F., .F.,
 ( 4, 1, 1, 1, 1, 1, 1, 1, 1, 1, 1, 1, 1, 1, 1, 1, 4 ),
 ( 2, 2 ),
 ( 0.000000000000000000, 0.06460397028839146016, 0.1267024139629475132, 0.1867568140356178907, 0.2455056873654368754, 0.3036520244499755772, 0.3615030739706249219, 0.4202402229284676327, 0.4800333407766951832, 0.5406781347755166278, 0.6011918063807818458, 0.6623335024774419377, 0.7247395102972320480, 0.7894677361728869025, 0.8565048600438299742, 0.9263120958391908299, 1.000000000000000000 ),
 ( 0.000000000000000000, 1.000000000000000000 ),
 .UNSPECIFIED. ) ;
#6430 = ORIENTED_EDGE ( 'NONE', *, *, #342, .T. ) ;
#6431 =( NAMED_UNIT ( * ) SI_UNIT ( $, .STERADIAN. ) SOLID_ANGLE_UNIT ( ) );
#6432 = CARTESIAN_POINT ( 'NONE',  ( 0.8199999999999997291, -1.189999999999999947, -0.05000000000000000278 ) ) ;
#6433 = CARTESIAN_POINT ( 'NONE',  ( 1.165495585945063528, 1.247851299983223639, 0.001000000000000000021 ) ) ;
#6434 = ORIENTED_EDGE ( 'NONE', *, *, #5818, .T. ) ;
#6435 = CARTESIAN_POINT ( 'NONE',  ( 1.314018496598930108, 1.345218953006705354, 0.000000000000000000 ) ) ;
#6436 = CARTESIAN_POINT ( 'NONE',  ( -0.8199999999999999512, -1.189999999999999947, -0.05000000000000000278 ) ) ;
#6437 = VECTOR ( 'NONE', #2310, 1000.000000000000000 ) ;
#6438 = CARTESIAN_POINT ( 'NONE',  ( 1.510000000000000231, 1.125000000000000000, -0.05000000000000000278 ) ) ;
#6439 = STYLED_ITEM ( 'NONE', ( #5618 ), #4346 ) ;
#6440 = EDGE_CURVE ( 'NONE', #6100, #1228, #3735, .T. ) ;
#6441 = VERTEX_POINT ( 'NONE', #4865 ) ;
#6442 = CARTESIAN_POINT ( 'NONE',  ( 1.242543737154283123, 1.412543412081044725, 0.001000000000000000021 ) ) ;
#6443 = DIRECTION ( 'NONE',  ( 1.000000000000000000, -0.000000000000000000, -0.000000000000000000 ) ) ;
#6444 = DIRECTION ( 'NONE',  ( -2.168404344971008868E-16, 1.000000000000000000, 0.000000000000000000 ) ) ;
#6445 = ORIENTED_EDGE ( 'NONE', *, *, #161, .F. ) ;
#6446 = LINE ( 'NONE', #3776, #3965 ) ;
#6447 = CARTESIAN_POINT ( 'NONE',  ( 1.275783899580978265, 1.383520503734495088, 0.000000000000000000 ) ) ;
#6448 = ORIENTED_EDGE ( 'NONE', *, *, #2325, .T. ) ;
#6449 = DIRECTION ( 'NONE',  ( 0.000000000000000000, 0.000000000000000000, -1.000000000000000000 ) ) ;
#6450 = PRESENTATION_LAYER_ASSIGNMENT (  '', '', ( #6688 ) ) ;
#6451 = EDGE_CURVE ( 'NONE', #270, #4105, #5474, .T. ) ;
#6452 = CARTESIAN_POINT ( 'NONE',  ( 1.100000000000000311, 0.000000000000000000, 0.000000000000000000 ) ) ;
#6453 = LINE ( 'NONE', #3718, #3303 ) ;
#6454 = SURFACE_STYLE_FILL_AREA ( #6165 ) ;
#6455 = CARTESIAN_POINT ( 'NONE',  ( -1.100000000000000533, 0.8749999999999998890, 0.2000000000000000111 ) ) ;
#6456 = CARTESIAN_POINT ( 'NONE',  ( 1.209652427596507929, 1.257091869674370033, 0.000000000000000000 ) ) ;
#6457 = LINE ( 'NONE', #830, #3388 ) ;
#6458 = DIRECTION ( 'NONE',  ( -1.000000000000000000, 0.000000000000000000, -0.000000000000000000 ) ) ;
#6459 = SURFACE_STYLE_FILL_AREA ( #5347 ) ;
#6460 = CARTESIAN_POINT ( 'NONE',  ( -1.100000000000000311, 0.6249999999999998890, 0.2000000000000000111 ) ) ;
#6461 =( NAMED_UNIT ( * ) PLANE_ANGLE_UNIT ( ) SI_UNIT ( $, .RADIAN. ) );
#6462 = STYLED_ITEM ( 'NONE', ( #676 ), #1249 ) ;
#6463 = CARTESIAN_POINT ( 'NONE',  ( 1.024032171310916839, 1.415534226812491747, 0.001000000000000000021 ) ) ;
#6464 = CARTESIAN_POINT ( 'NONE',  ( 1.126471195701160832, 1.237485446324686711, 0.001000000000000000021 ) ) ;
#6465 = SURFACE_STYLE_FILL_AREA ( #1748 ) ;
#6466 =( NAMED_UNIT ( * ) PLANE_ANGLE_UNIT ( ) SI_UNIT ( $, .RADIAN. ) );
#6467 = PRESENTATION_STYLE_ASSIGNMENT (( #1471 ) ) ;
#6468 = ORIENTED_EDGE ( 'NONE', *, *, #510, .F. ) ;
#6469 = FILL_AREA_STYLE_COLOUR ( '', #2916 ) ;
#6470 = PLANE ( 'NONE',  #4904 ) ;
#6471 =( GEOMETRIC_REPRESENTATION_CONTEXT ( 3 ) GLOBAL_UNCERTAINTY_ASSIGNED_CONTEXT ( ( #4307 ) ) GLOBAL_UNIT_ASSIGNED_CONTEXT ( ( #2846, #3315, #695 ) ) REPRESENTATION_CONTEXT ( 'NONE', 'WORKASPACE' ) );
#6472 = UNCERTAINTY_MEASURE_WITH_UNIT (LENGTH_MEASURE( 1.000000000000000082E-05 ), #1526, 'distance_accuracy_value', 'NONE');
#6473 = CARTESIAN_POINT ( 'NONE',  ( 0.8191541225304289631, 1.340000690227125979, 0.001000000000000000021 ) ) ;
#6474 = COLOUR_RGB ( '',1.000000000000000000, 1.000000000000000000, 0.000000000000000000 ) ;
#6475 = MECHANICAL_DESIGN_GEOMETRIC_PRESENTATION_REPRESENTATION (  '', ( #6251 ), #311 ) ;
#6476 = LINE ( 'NONE', #6432, #2226 ) ;
#6477 = ORIENTED_EDGE ( 'NONE', *, *, #1673, .F. ) ;
#6478 = VERTEX_POINT ( 'NONE', #6923 ) ;
#6479 = LINE ( 'NONE', #1511, #1305 ) ;
#6480 = CARTESIAN_POINT ( 'NONE',  ( 0.7128869352624241928, 1.399868779068967450, 0.001000000000000000021 ) ) ;
#6481 = SURFACE_STYLE_USAGE ( .BOTH. , #2769 ) ;
#6482 = PRESENTATION_LAYER_ASSIGNMENT (  '', '', ( #1208 ) ) ;
#6483 = EDGE_CURVE ( 'NONE', #81, #5102, #1731, .T. ) ;
#6484 = ORIENTED_EDGE ( 'NONE', *, *, #1209, .T. ) ;
#6485 = SURFACE_STYLE_USAGE ( .BOTH. , #2771 ) ;
#6486 = CARTESIAN_POINT ( 'NONE',  ( 0.9074490843690673492, 1.260638047044752019, 0.001000000000000000021 ) ) ;
#6487 = CARTESIAN_POINT ( 'NONE',  ( -1.230321495603551973, 1.206650258449453395, 0.8489999999999999769 ) ) ;
#6488 = COLOUR_RGB ( '',1.000000000000000000, 1.000000000000000000, 0.000000000000000000 ) ;
#6489 = CARTESIAN_POINT ( 'NONE',  ( 0.7177895898165425059, 1.405210836975925304, 0.001000000000000000021 ) ) ;
#6490 = DIRECTION ( 'NONE',  ( -0.000000000000000000, -0.000000000000000000, -1.000000000000000000 ) ) ;
#6491 = ORIENTED_EDGE ( 'NONE', *, *, #5151, .F. ) ;
#6492 =( NAMED_UNIT ( * ) PLANE_ANGLE_UNIT ( ) SI_UNIT ( $, .RADIAN. ) );
#6493 =( GEOMETRIC_REPRESENTATION_CONTEXT ( 3 ) GLOBAL_UNCERTAINTY_ASSIGNED_CONTEXT ( ( #2286 ) ) GLOBAL_UNIT_ASSIGNED_CONTEXT ( ( #3128, #3059, #6829 ) ) REPRESENTATION_CONTEXT ( 'NONE', 'WORKASPACE' ) );
#6494 = EDGE_CURVE ( 'NONE', #1754, #2059, #2994, .T. ) ;
#6495 = LINE ( 'NONE', #900, #323 ) ;
#6496 = FILL_AREA_STYLE ('',( #619 ) ) ;
#6497 = PRESENTATION_STYLE_ASSIGNMENT (( #4383 ) ) ;
#6498 = CARTESIAN_POINT ( 'NONE',  ( 1.510000000000000231, 0.3749999999999999445, -0.05000000000000000278 ) ) ;
#6499 = ORIENTED_EDGE ( 'NONE', *, *, #1884, .T. ) ;
#6500 = DIRECTION ( 'NONE',  ( -0.000000000000000000, -0.000000000000000000, -1.000000000000000000 ) ) ;
#6501 = EDGE_LOOP ( 'NONE', ( #20, #6578, #2853, #3872 ) ) ;
#6502 = LINE ( 'NONE', #6438, #4431 ) ;
#6503 =( GEOMETRIC_REPRESENTATION_CONTEXT ( 3 ) GLOBAL_UNCERTAINTY_ASSIGNED_CONTEXT ( ( #3530 ) ) GLOBAL_UNIT_ASSIGNED_CONTEXT ( ( #1596, #3179, #2168 ) ) REPRESENTATION_CONTEXT ( 'NONE', 'WORKASPACE' ) );
#6504 = EDGE_LOOP ( 'NONE', ( #1255, #5352, #1912, #2354 ) ) ;
#6505 = ORIENTED_EDGE ( 'NONE', *, *, #4877, .T. ) ;
#6506 = CARTESIAN_POINT ( 'NONE',  ( 1.499999999999999778, 1.500000000000000000, 0.1999999999999999833 ) ) ;
#6507 = CARTESIAN_POINT ( 'NONE',  ( 1.220526073749941265, 1.235046421934443028, 0.000000000000000000 ) ) ;
#6508 = CARTESIAN_POINT ( 'NONE',  ( 1.500000000000000000, 0.3749999999999998890, 0.1999999999999999833 ) ) ;
#6509 = FACE_OUTER_BOUND ( 'NONE', #1479, .T. ) ;
#6510 = FILL_AREA_STYLE_COLOUR ( '', #4708 ) ;
#6511 = EDGE_LOOP ( 'NONE', ( #3416, #4157, #6448, #3826, #6712, #505, #4174, #1772 ) ) ;
#6512 = VERTEX_POINT ( 'NONE', #3195 ) ;
#6513 = CARTESIAN_POINT ( 'NONE',  ( 0.7195733298475021078, 1.399070812178345280, 0.001000000000000000021 ) ) ;
#6514 = FILL_AREA_STYLE ('',( #4931 ) ) ;
#6515 = CARTESIAN_POINT ( 'NONE',  ( 0.7195733298475021078, 1.399070812178345280, 0.000000000000000000 ) ) ;
#6516 = FACE_OUTER_BOUND ( 'NONE', #1247, .T. ) ;
#6517 = SURFACE_STYLE_USAGE ( .BOTH. , #1636 ) ;
#6518 =( GEOMETRIC_REPRESENTATION_CONTEXT ( 3 ) GLOBAL_UNCERTAINTY_ASSIGNED_CONTEXT ( ( #2458 ) ) GLOBAL_UNIT_ASSIGNED_CONTEXT ( ( #656, #4406, #1199 ) ) REPRESENTATION_CONTEXT ( 'NONE', 'WORKASPACE' ) );
#6519 = ORIENTED_EDGE ( 'NONE', *, *, #237, .F. ) ;
#6520 = CARTESIAN_POINT ( 'NONE',  ( 0.8618797747000271903, 1.285929370878940325, 0.000000000000000000 ) ) ;
#6521 = UNCERTAINTY_MEASURE_WITH_UNIT (LENGTH_MEASURE( 1.000000000000000082E-05 ), #5856, 'distance_accuracy_value', 'NONE');
#6522 = CARTESIAN_POINT ( 'NONE',  ( -1.100000000000000089, -0.6250000000000001110, 0.2000000000000000111 ) ) ;
#6523 = VERTEX_POINT ( 'NONE', #2205 ) ;
#6524 = EDGE_CURVE ( 'NONE', #5277, #1907, #5226, .T. ) ;
#6525 = FACE_OUTER_BOUND ( 'NONE', #6662, .T. ) ;
#6526 = DIRECTION ( 'NONE',  ( 0.000000000000000000, 0.000000000000000000, -1.000000000000000000 ) ) ;
#6527 = LINE ( 'NONE', #1134, #4536 ) ;
#6528 = VERTEX_POINT ( 'NONE', #3721 ) ;
#6529 = SURFACE_SIDE_STYLE ('',( #4020 ) ) ;
#6530 = SURFACE_STYLE_USAGE ( .BOTH. , #3869 ) ;
#6531 = B_SPLINE_CURVE_WITH_KNOTS ( 'NONE', 3,
 ( #3559, #887, #4126, #3625, #3153, #6281, #473, #6319, #4165, #2043, #2067, #4192, #4705, #3648, #5205, #6299, #2584, #6881, #4215 ),
 .UNSPECIFIED., .F., .F.,
 ( 4, 1, 1, 1, 1, 1, 1, 1, 1, 1, 1, 1, 1, 1, 1, 1, 4 ),
 ( 0.000000000000000000, 0.06863117867660104010, 0.1345664660386768630, 0.1983281540108809970, 0.2607897666408450221, 0.3219991514841584745, 0.3827217465030195442, 0.4435374740357291845, 0.5051334294849250117, 0.5662138747646717762, 0.6261058646175461373, 0.6853493221605171382, 0.7449958703477970179, 0.8054158418145624942, 0.8676362663459531444, 0.9323077823023293575, 1.000000000000000000 ),
 .UNSPECIFIED. ) ;
#6532 = CARTESIAN_POINT ( 'NONE',  ( -1.500000000000000000, 1.125000000000000000, 0.2000000000000000111 ) ) ;
#6533 = SURFACE_SIDE_STYLE ('',( #3006 ) ) ;
#6534 = AXIS2_PLACEMENT_3D ( 'NONE', #1472, #4653, #4699 ) ;
#6535 = EDGE_CURVE ( 'NONE', #2255, #3300, #3920, .T. ) ;
#6536 = FILL_AREA_STYLE_COLOUR ( '', #5977 ) ;
#6537 = VERTEX_POINT ( 'NONE', #15 ) ;
#6538 = CARTESIAN_POINT ( 'NONE',  ( 0.7020809517987216530, 1.437485446324686889, 0.000000000000000000 ) ) ;
#6539 =( NAMED_UNIT ( * ) SI_UNIT ( $, .STERADIAN. ) SOLID_ANGLE_UNIT ( ) );
#6540 = CARTESIAN_POINT ( 'NONE',  ( -1.355469082536401526, 1.206650258449453395, 0.8489999999999999769 ) ) ;
#6541 = DIRECTION ( 'NONE',  ( -1.000000000000000000, 0.000000000000000000, 0.000000000000000000 ) ) ;
#6542 = PRESENTATION_LAYER_ASSIGNMENT (  '', '', ( #5464 ) ) ;
#6543 = PRESENTATION_LAYER_ASSIGNMENT (  '', '', ( #1897 ) ) ;
#6544 = VECTOR ( 'NONE', #2629, 1000.000000000000000 ) ;
#6545 =( LENGTH_UNIT ( ) NAMED_UNIT ( * ) SI_UNIT ( .MILLI., .METRE. ) );
#6546 = LINE ( 'NONE', #5610, #4302 ) ;
#6547 = CIRCLE ( 'NONE', #3537, 0.1251475869328494694 ) ;
#6548 = CARTESIAN_POINT ( 'NONE',  ( 1.099999999999999423, 0.000000000000000000, 0.000000000000000000 ) ) ;
#6549 =( NAMED_UNIT ( * ) SI_UNIT ( $, .STERADIAN. ) SOLID_ANGLE_UNIT ( ) );
#6550 = FILL_AREA_STYLE_COLOUR ( '', #5256 ) ;
#6551 = FACE_OUTER_BOUND ( 'NONE', #4537, .T. ) ;
#6552 = SURFACE_SIDE_STYLE ('',( #6026 ) ) ;
#6553 = VERTEX_POINT ( 'NONE', #526 ) ;
#6554 = MECHANICAL_DESIGN_GEOMETRIC_PRESENTATION_REPRESENTATION (  '', ( #475 ), #2639 ) ;
#6555 = CARTESIAN_POINT ( 'NONE',  ( 1.175468052055328450, 1.435525046287441597, 0.000000000000000000 ) ) ;
#6556 = SURFACE_STYLE_USAGE ( .BOTH. , #1730 ) ;
#6557 = CARTESIAN_POINT ( 'NONE',  ( 0.7195733298475021078, 1.399070812178345280, 0.000000000000000000 ) ) ;
#6558 = FILL_AREA_STYLE_COLOUR ( '', #3578 ) ;
#6559 = ADVANCED_FACE ( 'NONE', ( #4152 ), #1717, .T. ) ;
#6560 = UNCERTAINTY_MEASURE_WITH_UNIT (LENGTH_MEASURE( 1.000000000000000082E-05 ), #2375, 'distance_accuracy_value', 'NONE');
#6561 = CARTESIAN_POINT ( 'NONE',  ( 0.9209556575330435368, 1.415475627978673101, 0.001000000000000000021 ) ) ;
#6562 = VECTOR ( 'NONE', #6876, 1000.000000000000000 ) ;
#6563 = LINE ( 'NONE', #3460, #3641 ) ;
#6564 = SURFACE_SIDE_STYLE ('',( #1520 ) ) ;
#6565 = PRESENTATION_LAYER_ASSIGNMENT (  '', '', ( #5850 ) ) ;
#6566 = CARTESIAN_POINT ( 'NONE',  ( 1.180891741447563925, 1.436920561992521828, 0.000000000000000000 ) ) ;
#6567 = COLOUR_RGB ( '',1.000000000000000000, 1.000000000000000000, 0.000000000000000000 ) ;
#6568 = PRESENTATION_STYLE_ASSIGNMENT (( #4287 ) ) ;
#6569 = SURFACE_STYLE_FILL_AREA ( #3968 ) ;
#6570 = ORIENTED_EDGE ( 'NONE', *, *, #510, .T. ) ;
#6571 = DIRECTION ( 'NONE',  ( 0.000000000000000000, -1.000000000000000000, 0.000000000000000000 ) ) ;
#6572 = VERTEX_POINT ( 'NONE', #3379 ) ;
#6573 = MECHANICAL_DESIGN_GEOMETRIC_PRESENTATION_REPRESENTATION (  '', ( #3010 ), #3373 ) ;
#6574 = EDGE_CURVE ( 'NONE', #5641, #4979, #5891, .T. ) ;
#6575 = CARTESIAN_POINT ( 'NONE',  ( 0.9801297322865264450, 1.437485446324686889, 0.001000000000000000021 ) ) ;
#6576 = SURFACE_STYLE_FILL_AREA ( #2854 ) ;
#6577 = DIRECTION ( 'NONE',  ( 0.000000000000000000, -0.000000000000000000, -1.000000000000000000 ) ) ;
#6578 = ORIENTED_EDGE ( 'NONE', *, *, #5635, .F. ) ;
#6579 = SURFACE_SIDE_STYLE ('',( #4484 ) ) ;
#6580 = DIRECTION ( 'NONE',  ( 1.000000000000000000, 0.000000000000000000, 0.000000000000000000 ) ) ;
#6581 = CARTESIAN_POINT ( 'NONE',  ( 0.7170458921749812697, 1.408980632467369931, 0.000000000000000000 ) ) ;
#6582 = PRESENTATION_STYLE_ASSIGNMENT (( #296 ) ) ;
#6583 = VECTOR ( 'NONE', #5344, 1000.000000000000114 ) ;
#6584 = SURFACE_STYLE_FILL_AREA ( #5730 ) ;
#6585 = ADVANCED_FACE ( 'NONE', ( #2988 ), #5411, .F. ) ;
#6586 = CARTESIAN_POINT ( 'NONE',  ( 1.510000000000000231, 0.6249999999999998890, 0.2000000000000000111 ) ) ;
#6587 = ORIENTED_EDGE ( 'NONE', *, *, #6574, .T. ) ;
#6588 =( GEOMETRIC_REPRESENTATION_CONTEXT ( 3 ) GLOBAL_UNCERTAINTY_ASSIGNED_CONTEXT ( ( #4355 ) ) GLOBAL_UNIT_ASSIGNED_CONTEXT ( ( #421, #5268, #4158 ) ) REPRESENTATION_CONTEXT ( 'NONE', 'WORKASPACE' ) );
#6589 = EDGE_CURVE ( 'NONE', #2601, #985, #3326, .T. ) ;
#6590 = CARTESIAN_POINT ( 'NONE',  ( 0.8191541225304289631, 1.340000690227125979, 0.000000000000000000 ) ) ;
#6591 =( LENGTH_UNIT ( ) NAMED_UNIT ( * ) SI_UNIT ( .MILLI., .METRE. ) );
#6592 = SURFACE_STYLE_USAGE ( .BOTH. , #3954 ) ;
#6593 = VECTOR ( 'NONE', #921, 1000.000000000000000 ) ;
#6594 = ORIENTED_EDGE ( 'NONE', *, *, #4244, .F. ) ;
#6595 = SURFACE_STYLE_USAGE ( .BOTH. , #3403 ) ;
#6596 = ORIENTED_EDGE ( 'NONE', *, *, #4607, .T. ) ;
#6597 = EDGE_LOOP ( 'NONE', ( #403, #1739, #2411, #4043 ) ) ;
#6598 = ADVANCED_FACE ( 'NONE', ( #309 ), #5973, .T. ) ;
#6599 = LINE ( 'NONE', #977, #5088 ) ;
#6600 = AXIS2_PLACEMENT_3D ( 'NONE', #2937, #2406, #4031 ) ;
#6601 = VECTOR ( 'NONE', #2995, 1000.000000000000000 ) ;
#6602 = ORIENTED_EDGE ( 'NONE', *, *, #5766, .T. ) ;
#6603 = CARTESIAN_POINT ( 'NONE',  ( -1.099999999999999867, -1.125000000000000222, 0.2000000000000000111 ) ) ;
#6604 = CARTESIAN_POINT ( 'NONE',  ( 1.509999999999999343, -0.3750000000000000555, 0.2000000000000000111 ) ) ;
#6605 = FILL_AREA_STYLE_COLOUR ( '', #6863 ) ;
#6606 = FILL_AREA_STYLE ('',( #1701 ) ) ;
#6607 = FILL_AREA_STYLE ('',( #5546 ) ) ;
#6608 = COLOUR_RGB ( '',1.000000000000000000, 1.000000000000000000, 1.000000000000000000 ) ;
#6609 = UNCERTAINTY_MEASURE_WITH_UNIT (LENGTH_MEASURE( 1.000000000000000082E-05 ), #4360, 'distance_accuracy_value', 'NONE');
#6610 = ADVANCED_FACE ( 'NONE', ( #637 ), #1194, .T. ) ;
#6611 =( NAMED_UNIT ( * ) SI_UNIT ( $, .STERADIAN. ) SOLID_ANGLE_UNIT ( ) );
#6612 = ORIENTED_EDGE ( 'NONE', *, *, #2530, .F. ) ;
#6613 = DIRECTION ( 'NONE',  ( -0.3390537954853695690, -0.9407669869669987861, 0.000000000000000000 ) ) ;
#6614 = UNCERTAINTY_MEASURE_WITH_UNIT (LENGTH_MEASURE( 1.000000000000000082E-05 ), #2016, 'distance_accuracy_value', 'NONE');
#6615 = B_SPLINE_SURFACE_WITH_KNOTS ( 'NONE', 3, 1, ( 
 ( #2720, #1153 ),
 ( #2759, #601 ),
 ( #6424, #4317 ),
 ( #5396, #5421 ),
 ( #5919, #98 ),
 ( #4343, #3321 ),
 ( #3245, #47 ) ),
 .UNSPECIFIED., .F., .F., .F.,
 ( 4, 1, 1, 1, 4 ),
 ( 2, 2 ),
 ( 0.000000000000000000, 0.1744817153170560020, 0.3982857591281081522, 0.6738978473986653173, 1.000000000000000000 ),
 ( 0.000000000000000000, 1.000000000000000000 ),
 .UNSPECIFIED. ) ;
#6616 = CARTESIAN_POINT ( 'NONE',  ( -1.100000000000000533, 1.125000000000000000, 0.2000000000000000111 ) ) ;
#6617 = DIRECTION ( 'NONE',  ( 1.000000000000000000, 0.000000000000000000, 0.000000000000000000 ) ) ;
#6618 = CARTESIAN_POINT ( 'NONE',  ( 0.9072663542651308033, 1.414470425691307431, 0.000000000000000000 ) ) ;
#6619 = ORIENTED_EDGE ( 'NONE', *, *, #5140, .T. ) ;
#6620 = VERTEX_POINT ( 'NONE', #1307 ) ;
#6621 = CARTESIAN_POINT ( 'NONE',  ( -0.8199999999999998401, 0.9399999999999998357, -0.05000000000000000278 ) ) ;
#6622 = SURFACE_STYLE_USAGE ( .BOTH. , #4501 ) ;
#6623 = LINE ( 'NONE', #6653, #6795 ) ;
#6624 =( GEOMETRIC_REPRESENTATION_CONTEXT ( 3 ) GLOBAL_UNCERTAINTY_ASSIGNED_CONTEXT ( ( #3930 ) ) GLOBAL_UNIT_ASSIGNED_CONTEXT ( ( #617, #3425, #4425 ) ) REPRESENTATION_CONTEXT ( 'NONE', 'WORKASPACE' ) );
#6625 = EDGE_CURVE ( 'NONE', #4737, #5115, #2822, .T. ) ;
#6626 = ORIENTED_EDGE ( 'NONE', *, *, #5016, .T. ) ;
#6627 = ADVANCED_FACE ( 'NONE', ( #386 ), #745, .F. ) ;
#6628 =( LENGTH_UNIT ( ) NAMED_UNIT ( * ) SI_UNIT ( .MILLI., .METRE. ) );
#6629 = SURFACE_STYLE_FILL_AREA ( #1968 ) ;
#6630 = DIRECTION ( 'NONE',  ( -0.000000000000000000, 0.000000000000000000, -1.000000000000000000 ) ) ;
#6631 = LINE ( 'NONE', #6189, #4960 ) ;
#6632 = PLANE ( 'NONE',  #1465 ) ;
#6633 = CARTESIAN_POINT ( 'NONE',  ( 0.8460524140271913351, 1.336352535584863777, 0.001000000000000000021 ) ) ;
#6634 = ORIENTED_EDGE ( 'NONE', *, *, #1106, .F. ) ;
#6635 = CARTESIAN_POINT ( 'NONE',  ( 1.212561134725551160, 1.439924470714930793, 0.000000000000000000 ) ) ;
#6636 = CARTESIAN_POINT ( 'NONE',  ( -1.500000000000000222, 1.500000000000000000, 0.000000000000000000 ) ) ;
#6637 = AXIS2_PLACEMENT_3D ( 'NONE', #4409, #577, #3777 ) ;
#6638 = EDGE_CURVE ( 'NONE', #2931, #2426, #5050, .T. ) ;
#6639 = SURFACE_STYLE_USAGE ( .BOTH. , #787 ) ;
#6640 = DIRECTION ( 'NONE',  ( 1.000000000000000000, 0.000000000000000000, 0.000000000000000000 ) ) ;
#6641 = FACE_OUTER_BOUND ( 'NONE', #4909, .T. ) ;
#6642 = DIRECTION ( 'NONE',  ( -0.000000000000000000, -0.000000000000000000, -1.000000000000000000 ) ) ;
#6643 = PLANE ( 'NONE',  #1051 ) ;
#6644 = EDGE_LOOP ( 'NONE', ( #34, #3271, #5343, #5752 ) ) ;
#6645 = STYLED_ITEM ( 'NONE', ( #80 ), #6207 ) ;
#6646 = CARTESIAN_POINT ( 'NONE',  ( 1.165495585945063306, 1.431997641446637992, 0.000000000000000000 ) ) ;
#6647 = ADVANCED_FACE ( 'NONE', ( #4320 ), #6114, .T. ) ;
#6648 = FACE_OUTER_BOUND ( 'NONE', #2919, .T. ) ;
#6649 = AXIS2_PLACEMENT_3D ( 'NONE', #1540, #4235, #3192 ) ;
#6650 = CARTESIAN_POINT ( 'NONE',  ( 1.406959000579209640, 1.259436665836882074, 0.000000000000000000 ) ) ;
#6651 =( LENGTH_UNIT ( ) NAMED_UNIT ( * ) SI_UNIT ( .MILLI., .METRE. ) );
#6652 = VECTOR ( 'NONE', #4419, 1000.000000000000000 ) ;
#6653 = CARTESIAN_POINT ( 'NONE',  ( 0.000000000000000000, -0.8750000000000001110, 0.000000000000000000 ) ) ;
#6654 = MECHANICAL_DESIGN_GEOMETRIC_PRESENTATION_REPRESENTATION (  '', ( #5436 ), #437 ) ;
#6655 = PLANE ( 'NONE',  #661 ) ;
#6656 = CARTESIAN_POINT ( 'NONE',  ( 0.9236891835060386802, 1.437485446324686889, 0.000000000000000000 ) ) ;
#6657 = VECTOR ( 'NONE', #3636, 1000.000000000000000 ) ;
#6658 =( NAMED_UNIT ( * ) PLANE_ANGLE_UNIT ( ) SI_UNIT ( $, .RADIAN. ) );
#6659 = CARTESIAN_POINT ( 'NONE',  ( 0.8736854565834226705, 1.248254720533709561, 0.000000000000000000 ) ) ;
#6660 = ORIENTED_EDGE ( 'NONE', *, *, #4062, .F. ) ;
#6661 = ADVANCED_FACE ( 'NONE', ( #6551 ), #4999, .T. ) ;
#6662 = EDGE_LOOP ( 'NONE', ( #1345, #4252, #4565, #605 ) ) ;
#6663 = CARTESIAN_POINT ( 'NONE',  ( -1.510000000000000009, -0.3750000000000000555, -0.05000000000000000278 ) ) ;
#6664 = LINE ( 'NONE', #3442, #4571 ) ;
#6665 = STYLED_ITEM ( 'NONE', ( #5214 ), #368 ) ;
#6666 = AXIS2_PLACEMENT_3D ( 'NONE', #6843, #5216, #4204 ) ;
#6667 = EDGE_CURVE ( 'NONE', #1959, #1340, #6816, .T. ) ;
#6668 = PLANE ( 'NONE',  #4780 ) ;
#6669 = ORIENTED_EDGE ( 'NONE', *, *, #6865, .F. ) ;
#6670 = ORIENTED_EDGE ( 'NONE', *, *, #1131, .F. ) ;
#6671 = CARTESIAN_POINT ( 'NONE',  ( 1.433788268871892591, 1.237485446324686711, 0.000000000000000000 ) ) ;
#6672 = VECTOR ( 'NONE', #786, 1000.000000000000000 ) ;
#6673 =( NAMED_UNIT ( * ) PLANE_ANGLE_UNIT ( ) SI_UNIT ( $, .RADIAN. ) );
#6674 = ORIENTED_EDGE ( 'NONE', *, *, #3763, .T. ) ;
#6675 =( NAMED_UNIT ( * ) SI_UNIT ( $, .STERADIAN. ) SOLID_ANGLE_UNIT ( ) );
#6676 = PRESENTATION_LAYER_ASSIGNMENT (  '', '', ( #4398 ) ) ;
#6677 = EDGE_CURVE ( 'NONE', #2586, #6188, #3902, .T. ) ;
#6678 = DIRECTION ( 'NONE',  ( 1.000000000000000000, 0.000000000000000000, -0.000000000000000000 ) ) ;
#6679 = CARTESIAN_POINT ( 'NONE',  ( 1.510000000000000231, 0.1249999999999999445, 0.2000000000000000111 ) ) ;
#6680 = ORIENTED_EDGE ( 'NONE', *, *, #5016, .F. ) ;
#6681 = ORIENTED_EDGE ( 'NONE', *, *, #3918, .T. ) ;
#6682 = CARTESIAN_POINT ( 'NONE',  ( -1.577021341797097314E-16, 1.000000000000000000, -0.05000000000000000278 ) ) ;
#6683 =( LENGTH_UNIT ( ) NAMED_UNIT ( * ) SI_UNIT ( .MILLI., .METRE. ) );
#6684 = DIRECTION ( 'NONE',  ( -1.000000000000000000, 0.000000000000000000, -0.000000000000000000 ) ) ;
#6685 = PLANE ( 'NONE',  #3022 ) ;
#6686 = PRESENTATION_STYLE_ASSIGNMENT (( #1542 ) ) ;
#6687 = CARTESIAN_POINT ( 'NONE',  ( 1.206042969389532260, 1.417878158392744226, 0.000000000000000000 ) ) ;
#6688 = STYLED_ITEM ( 'NONE', ( #6582 ), #5541 ) ;
#6689 =( GEOMETRIC_REPRESENTATION_CONTEXT ( 3 ) GLOBAL_UNCERTAINTY_ASSIGNED_CONTEXT ( ( #904 ) ) GLOBAL_UNIT_ASSIGNED_CONTEXT ( ( #5549, #250, #5594 ) ) REPRESENTATION_CONTEXT ( 'NONE', 'WORKASPACE' ) );
#6690 = ORIENTED_EDGE ( 'NONE', *, *, #3287, .T. ) ;
#6691 = ORIENTED_EDGE ( 'NONE', *, *, #2025, .T. ) ;
#6692 = VERTEX_POINT ( 'NONE', #3422 ) ;
#6693 = SURFACE_STYLE_USAGE ( .BOTH. , #6144 ) ;
#6694 = EDGE_LOOP ( 'NONE', ( #2915, #2858, #4970, #2176 ) ) ;
#6695 = APPLICATION_CONTEXT ( 'automotive_design' ) ;
#6696 = UNCERTAINTY_MEASURE_WITH_UNIT (LENGTH_MEASURE( 1.000000000000000082E-05 ), #2361, 'distance_accuracy_value', 'NONE');
#6697 = STYLED_ITEM ( 'NONE', ( #4388 ), #848 ) ;
#6698 = VECTOR ( 'NONE', #735, 1000.000000000000000 ) ;
#6699 =( NAMED_UNIT ( * ) PLANE_ANGLE_UNIT ( ) SI_UNIT ( $, .RADIAN. ) );
#6700 = ORIENTED_EDGE ( 'NONE', *, *, #3624, .F. ) ;
#6701 = CARTESIAN_POINT ( 'NONE',  ( 1.272609678046165538, 1.283600358982986522, 0.000000000000000000 ) ) ;
#6702 = DIRECTION ( 'NONE',  ( -1.000000000000000000, 0.000000000000000000, 0.000000000000000000 ) ) ;
#6703 = CARTESIAN_POINT ( 'NONE',  ( 1.278287677829215152, 1.417670046266362727, 0.001000000000000000021 ) ) ;
#6704 = CARTESIAN_POINT ( 'NONE',  ( 1.406959000579209640, 1.437485446324686889, 0.001000000000000000021 ) ) ;
#6705 = FILL_AREA_STYLE ('',( #4095 ) ) ;
#6706 = COLOUR_RGB ( '',1.000000000000000000, 1.000000000000000000, 1.000000000000000000 ) ;
#6707 = DIRECTION ( 'NONE',  ( 0.000000000000000000, 1.000000000000000000, 0.000000000000000000 ) ) ;
#6708 = ORIENTED_EDGE ( 'NONE', *, *, #5027, .T. ) ;
#6709 = DIRECTION ( 'NONE',  ( 1.000000000000000000, 0.000000000000000000, 0.000000000000000000 ) ) ;
#6710 = CARTESIAN_POINT ( 'NONE',  ( 0.7195733298475021078, 1.399070812178345280, 0.001000000000000000021 ) ) ;
#6711 = PRESENTATION_STYLE_ASSIGNMENT (( #5430 ) ) ;
#6712 = ORIENTED_EDGE ( 'NONE', *, *, #2288, .T. ) ;
#6713 = VERTEX_POINT ( 'NONE', #3483 ) ;
#6714 =( LENGTH_UNIT ( ) NAMED_UNIT ( * ) SI_UNIT ( .MILLI., .METRE. ) );
#6715 = VECTOR ( 'NONE', #5125, 1000.000000000000000 ) ;
#6716 = EDGE_CURVE ( 'NONE', #525, #1228, #867, .T. ) ;
#6717 = LINE ( 'NONE', #4079, #4875 ) ;
#6718 = CARTESIAN_POINT ( 'NONE',  ( 1.331349244481648597, 1.259436665836882074, 0.000000000000000000 ) ) ;
#6719 = DIRECTION ( 'NONE',  ( 0.000000000000000000, -0.000000000000000000, 1.000000000000000000 ) ) ;
#6720 = VECTOR ( 'NONE', #2243, 1000.000000000000000 ) ;
#6721 = FILL_AREA_STYLE_COLOUR ( '', #6102 ) ;
#6722 = LINE ( 'NONE', #838, #3896 ) ;
#6723 = CARTESIAN_POINT ( 'NONE',  ( 1.406959000579209640, 1.259436665836882074, 0.001000000000000000021 ) ) ;
#6724 = SURFACE_STYLE_USAGE ( .BOTH. , #5660 ) ;
#6725 = MECHANICAL_DESIGN_GEOMETRIC_PRESENTATION_REPRESENTATION (  '', ( #6136 ), #6493 ) ;
#6726 = EDGE_CURVE ( 'NONE', #1437, #2018, #5215, .T. ) ;
#6727 = COLOUR_RGB ( '',1.000000000000000000, 1.000000000000000000, 1.000000000000000000 ) ;
#6728 = DIRECTION ( 'NONE',  ( 0.000000000000000000, -0.000000000000000000, 1.000000000000000000 ) ) ;
#6729 = CARTESIAN_POINT ( 'NONE',  ( 0.8459833908231119137, 1.339429043885662418, 0.001000000000000000021 ) ) ;
#6730 = SURFACE_STYLE_FILL_AREA ( #6775 ) ;
#6731 = CARTESIAN_POINT ( 'NONE',  ( 1.199846089175967023, 1.417230031674933333, 0.000000000000000000 ) ) ;
#6732 = VECTOR ( 'NONE', #6180, 1000.000000000000000 ) ;
#6733 = DIRECTION ( 'NONE',  ( 0.000000000000000000, 0.000000000000000000, -1.000000000000000000 ) ) ;
#6734 = CARTESIAN_POINT ( 'NONE',  ( 0.9153984224322002650, 1.415361279646831560, 0.000000000000000000 ) ) ;
#6735 = MECHANICAL_DESIGN_GEOMETRIC_PRESENTATION_REPRESENTATION (  '', ( #3171 ), #2179 ) ;
#6736 = FILL_AREA_STYLE_COLOUR ( '', #6012 ) ;
#6737 = UNCERTAINTY_MEASURE_WITH_UNIT (LENGTH_MEASURE( 1.000000000000000082E-05 ), #5186, 'distance_accuracy_value', 'NONE');
#6738 = LINE ( 'NONE', #588, #5303 ) ;
#6739 = PRESENTATION_LAYER_ASSIGNMENT (  '', '', ( #6017 ) ) ;
#6740 = ADVANCED_FACE ( 'NONE', ( #3554 ), #6138, .F. ) ;
#6741 = PLANE ( 'NONE',  #3799 ) ;
#6742 = VECTOR ( 'NONE', #5792, 1000.000000000000000 ) ;
#6743 = CARTESIAN_POINT ( 'NONE',  ( 1.310440101781073841, 1.366913143773170303, 0.001000000000000000021 ) ) ;
#6744 = VERTEX_POINT ( 'NONE', #718 ) ;
#6745 = ORIENTED_EDGE ( 'NONE', *, *, #5818, .F. ) ;
#6746 =( GEOMETRIC_REPRESENTATION_CONTEXT ( 3 ) GLOBAL_UNCERTAINTY_ASSIGNED_CONTEXT ( ( #5026 ) ) GLOBAL_UNIT_ASSIGNED_CONTEXT ( ( #149, #3889, #668 ) ) REPRESENTATION_CONTEXT ( 'NONE', 'WORKASPACE' ) );
#6747 = DIRECTION ( 'NONE',  ( 0.000000000000000000, -1.000000000000000000, 0.000000000000000000 ) ) ;
#6748 = CARTESIAN_POINT ( 'NONE',  ( 1.224442677575279914, 1.257193858175102985, 0.001000000000000000021 ) ) ;
#6749 = FILL_AREA_STYLE_COLOUR ( '', #2080 ) ;
#6750 = VECTOR ( 'NONE', #4397, 1000.000000000000000 ) ;
#6751 = CARTESIAN_POINT ( 'NONE',  ( 1.187853293109085051, 1.414830476248121416, 0.001000000000000000021 ) ) ;
#6752 = ORIENTED_EDGE ( 'NONE', *, *, #2123, .F. ) ;
#6753 = VERTEX_POINT ( 'NONE', #925 ) ;
#6754 = LINE ( 'NONE', #117, #1406 ) ;
#6755 = STYLED_ITEM ( 'NONE', ( #3647 ), #3108 ) ;
#6756 = EDGE_CURVE ( 'NONE', #1754, #5277, #3155, .T. ) ;
#6757 = SURFACE_STYLE_FILL_AREA ( #496 ) ;
#6758 = CARTESIAN_POINT ( 'NONE',  ( 0.8192348959709579992, 1.336223173325855829, 0.000000000000000000 ) ) ;
#6759 = CARTESIAN_POINT ( 'NONE',  ( 1.510000000000000231, -0.1250000000000000555, 0.2000000000000000111 ) ) ;
#6760 = ORIENTED_EDGE ( 'NONE', *, *, #680, .F. ) ;
#6761 = VECTOR ( 'NONE', #6443, 1000.000000000000000 ) ;
#6762 = DIRECTION ( 'NONE',  ( -1.000000000000000000, 0.000000000000000000, -0.000000000000000000 ) ) ;
#6763 = ORIENTED_EDGE ( 'NONE', *, *, #5589, .T. ) ;
#6764 = ORIENTED_EDGE ( 'NONE', *, *, #4399, .F. ) ;
#6765 = VERTEX_POINT ( 'NONE', #6182 ) ;
#6766 =( GEOMETRIC_REPRESENTATION_CONTEXT ( 3 ) GLOBAL_UNCERTAINTY_ASSIGNED_CONTEXT ( ( #1257 ) ) GLOBAL_UNIT_ASSIGNED_CONTEXT ( ( #782, #4951, #1751 ) ) REPRESENTATION_CONTEXT ( 'NONE', 'WORKASPACE' ) );
#6767 = EDGE_CURVE ( 'NONE', #2701, #3962, #3986, .T. ) ;
#6768 = DIRECTION ( 'NONE',  ( 0.000000000000000000, -1.000000000000000000, -0.000000000000000000 ) ) ;
#6769 = DIRECTION ( 'NONE',  ( 0.000000000000000000, 0.000000000000000000, -1.000000000000000000 ) ) ;
#6770 = CARTESIAN_POINT ( 'NONE',  ( 1.278287677829215152, 1.417670046266362727, 0.000000000000000000 ) ) ;
#6771 = LINE ( 'NONE', #409, #5340 ) ;
#6772 = FACE_OUTER_BOUND ( 'NONE', #1554, .T. ) ;
#6773 = CARTESIAN_POINT ( 'NONE',  ( 1.099999999999998535, -1.125000000000000222, 0.2000000000000000111 ) ) ;
#6774 = VERTEX_POINT ( 'NONE', #1425 ) ;
#6775 = FILL_AREA_STYLE ('',( #5704 ) ) ;
#6776 = ORIENTED_EDGE ( 'NONE', *, *, #603, .F. ) ;
#6777 = CARTESIAN_POINT ( 'NONE',  ( 0.9533004639938436053, 1.259436665836882074, 0.000000000000000000 ) ) ;
#6778 = CARTESIAN_POINT ( 'NONE',  ( 0.6735367444816484639, 1.293583007300296517, 0.001000000000000000021 ) ) ;
#6779 = ADVANCED_FACE ( 'NONE', ( #3474 ), #6407, .T. ) ;
#6780 = CARTESIAN_POINT ( 'NONE',  ( 1.279950070813942631, 1.296126797480598558, 0.001000000000000000021 ) ) ;
#6781 = VECTOR ( 'NONE', #659, 1000.000000000000000 ) ;
#6782 = AXIS2_PLACEMENT_3D ( 'NONE', #2313, #2227, #1758 ) ;
#6783 = EDGE_CURVE ( 'NONE', #1002, #5581, #6417, .T. ) ;
#6784 = LINE ( 'NONE', #4617, #1009 ) ;
#6785 = CARTESIAN_POINT ( 'NONE',  ( -1.100000000000000533, 0.000000000000000000, 0.000000000000000000 ) ) ;
#6786 = ORIENTED_EDGE ( 'NONE', *, *, #5184, .T. ) ;
#6787 = VERTEX_POINT ( 'NONE', #3688 ) ;
#6788 = CARTESIAN_POINT ( 'NONE',  ( 0.7157242444816485083, 1.413095202422247842, 0.000000000000000000 ) ) ;
#6789 = CARTESIAN_POINT ( 'NONE',  ( 0.8853966185127017940, 1.408196209583441050, 0.000000000000000000 ) ) ;
#6790 =( NAMED_UNIT ( * ) PLANE_ANGLE_UNIT ( ) SI_UNIT ( $, .RADIAN. ) );
#6791 = UNCERTAINTY_MEASURE_WITH_UNIT (LENGTH_MEASURE( 1.000000000000000082E-05 ), #953, 'distance_accuracy_value', 'NONE');
#6792 = ORIENTED_EDGE ( 'NONE', *, *, #6384, .F. ) ;
#6793 = CARTESIAN_POINT ( 'NONE',  ( 1.220356996711903896, 1.417800709320366614, 0.001000000000000000021 ) ) ;
#6794 = PRESENTATION_LAYER_ASSIGNMENT (  '', '', ( #1638 ) ) ;
#6795 = VECTOR ( 'NONE', #248, 1000.000000000000000 ) ;
#6796 = CARTESIAN_POINT ( 'NONE',  ( 1.314091239166307323, 1.322995928000269883, 0.000000000000000000 ) ) ;
#6797 = ORIENTED_EDGE ( 'NONE', *, *, #4046, .F. ) ;
#6798 =( NAMED_UNIT ( * ) SI_UNIT ( $, .STERADIAN. ) SOLID_ANGLE_UNIT ( ) );
#6799 = SURFACE_STYLE_USAGE ( .BOTH. , #1983 ) ;
#6800 = CARTESIAN_POINT ( 'NONE',  ( -1.100000000000000311, -0.1250000000000000555, 0.2000000000000000111 ) ) ;
#6801 = SURFACE_STYLE_FILL_AREA ( #1947 ) ;
#6803 = EDGE_CURVE ( 'NONE', #769, #2519, #2527, .T. ) ;
#6802 = ORIENTED_EDGE ( 'NONE', *, *, #4488, .F. ) ;
#6804 = EDGE_LOOP ( 'NONE', ( #6763, #4168, #6834, #434, #131, #2194 ) ) ;
#6805 = DIRECTION ( 'NONE',  ( 0.000000000000000000, 1.000000000000000000, 0.000000000000000000 ) ) ;
#6806 = LINE ( 'NONE', #3391, #2373 ) ;
#6807 = CARTESIAN_POINT ( 'NONE',  ( -1.499999999999999556, -0.8750000000000001110, 0.2000000000000000111 ) ) ;
#6808 = DIRECTION ( 'NONE',  ( -0.000000000000000000, -0.000000000000000000, -1.000000000000000000 ) ) ;
#6809 = AXIS2_PLACEMENT_3D ( 'NONE', #2291, #2841, #6577 ) ;
#6810 = EDGE_CURVE ( 'NONE', #1061, #6419, #5065, .T. ) ;
#6811 = LINE ( 'NONE', #2331, #6720 ) ;
#6812 = CARTESIAN_POINT ( 'NONE',  ( 1.212332476188965558, 1.417973251202735652, 0.001000000000000000021 ) ) ;
#6813 = SURFACE_STYLE_FILL_AREA ( #6874 ) ;
#6814 = CARTESIAN_POINT ( 'NONE',  ( 1.314213564051580185, 1.330088287331657515, 0.000000000000000000 ) ) ;
#6815 = FACE_OUTER_BOUND ( 'NONE', #4589, .T. ) ;
#6816 = LINE ( 'NONE', #1801, #5296 ) ;
#6817 =( LENGTH_UNIT ( ) NAMED_UNIT ( * ) SI_UNIT ( .MILLI., .METRE. ) );
#6818 = MECHANICAL_DESIGN_GEOMETRIC_PRESENTATION_REPRESENTATION (  '', ( #6688 ), #1180 ) ;
#6819 = EDGE_CURVE ( 'NONE', #165, #3794, #5636, .T. ) ;
#6820 = SURFACE_STYLE_FILL_AREA ( #1854 ) ;
#6821 = CARTESIAN_POINT ( 'NONE',  ( 1.165495585945063306, 1.431997641446637992, 0.001000000000000000021 ) ) ;
#6822 = LINE ( 'NONE', #6019, #5390 ) ;
#6823 = CARTESIAN_POINT ( 'NONE',  ( 1.268046698086685797, 1.278083687133608981, 0.001000000000000000021 ) ) ;
#6824 = UNCERTAINTY_MEASURE_WITH_UNIT (LENGTH_MEASURE( 1.000000000000000082E-05 ), #6903, 'distance_accuracy_value', 'NONE');
#6825 = LINE ( 'NONE', #4726, #5896 ) ;
#6826 = SURFACE_STYLE_FILL_AREA ( #4957 ) ;
#6827 = CARTESIAN_POINT ( 'NONE',  ( 0.9144161442442524379, 1.237690452985548806, 0.001000000000000000021 ) ) ;
#6828 = EDGE_LOOP ( 'NONE', ( #1188, #1700, #3805, #652, #5583, #3112, #1574, #5665, #6173, #5078, #5823, #3909, #2504, #4837, #362, #6602, #5330, #3368, #3330, #3465, #2595, #4278, #5063, #1160 ) ) ;
#6829 =( NAMED_UNIT ( * ) SI_UNIT ( $, .STERADIAN. ) SOLID_ANGLE_UNIT ( ) );
#6830 = AXIS2_PLACEMENT_3D ( 'NONE', #4266, #6393, #4819 ) ;
#6831 = FILL_AREA_STYLE_COLOUR ( '', #3056 ) ;
#6832 = PRESENTATION_STYLE_ASSIGNMENT (( #889 ) ) ;
#6833 = CARTESIAN_POINT ( 'NONE',  ( -1.510000000000000009, -0.3750000000000000555, 0.2000000000000000111 ) ) ;
#6834 = ORIENTED_EDGE ( 'NONE', *, *, #2883, .F. ) ;
#6835 = VERTEX_POINT ( 'NONE', #6893 ) ;
#6836 = EDGE_LOOP ( 'NONE', ( #825, #3453, #2687, #1267 ) ) ;
#6837 = CARTESIAN_POINT ( 'NONE',  ( 1.300091263642115358, 1.276665274755224733, 0.000000000000000000 ) ) ;
#6838 = VECTOR ( 'NONE', #4074, 1000.000000000000000 ) ;
#6839 = SURFACE_STYLE_FILL_AREA ( #3481 ) ;
#6840 = VECTOR ( 'NONE', #5235, 1000.000000000000000 ) ;
#6841 = AXIS2_PLACEMENT_3D ( 'NONE', #6487, #2293, #4364 ) ;
#6842 = VERTEX_POINT ( 'NONE', #3614 ) ;
#6843 = CARTESIAN_POINT ( 'NONE',  ( 2.365532012695646217E-16, -0.5000000000000000000, 0.2000000000000000111 ) ) ;
#6844 = CARTESIAN_POINT ( 'NONE',  ( -1.100000000000000089, -0.3750000000000000555, -0.05000000000000000278 ) ) ;
#6845 = CARTESIAN_POINT ( 'NONE',  ( -1.499999999999999778, -0.8750000000000003331, 0.8499999999999999778 ) ) ;
#6846 = DIRECTION ( 'NONE',  ( 0.000000000000000000, -0.000000000000000000, 1.000000000000000000 ) ) ;
#6847 = ADVANCED_FACE ( 'NONE', ( #2490 ), #4205, .T. ) ;
#6848 = CARTESIAN_POINT ( 'NONE',  ( 1.500000000000000000, 0.1249999999999998890, 0.000000000000000000 ) ) ;
#6849 = VECTOR ( 'NONE', #5034, 1000.000000000000000 ) ;
#6850 = SURFACE_STYLE_FILL_AREA ( #4058 ) ;
#6851 = ORIENTED_EDGE ( 'NONE', *, *, #6137, .F. ) ;
#6852 = ORIENTED_EDGE ( 'NONE', *, *, #819, .F. ) ;
#6853 = STYLED_ITEM ( 'NONE', ( #3812 ), #435 ) ;
#6854 = EDGE_CURVE ( 'NONE', #6078, #6537, #6127, .T. ) ;
#6855 = CARTESIAN_POINT ( 'NONE',  ( 1.165495585945063306, 1.431997641446637992, 0.000000000000000000 ) ) ;
#6856 = DIRECTION ( 'NONE',  ( -0.000000000000000000, 0.000000000000000000, -1.000000000000000000 ) ) ;
#6857 = DIRECTION ( 'NONE',  ( -1.000000000000000000, 0.000000000000000000, 0.000000000000000000 ) ) ;
#6858 = ORIENTED_EDGE ( 'NONE', *, *, #4084, .F. ) ;
#6859 = PLANE ( 'NONE',  #3885 ) ;
#6860 = VERTEX_POINT ( 'NONE', #5802 ) ;
#6861 = FACE_OUTER_BOUND ( 'NONE', #616, .T. ) ;
#6862 = FILL_AREA_STYLE_COLOUR ( '', #433 ) ;
#6863 = COLOUR_RGB ( '',1.000000000000000000, 1.000000000000000000, 1.000000000000000000 ) ;
#6864 = AXIS2_PLACEMENT_3D ( 'NONE', #5910, #571, #6392 ) ;
#6865 = EDGE_CURVE ( 'NONE', #6572, #6478, #692, .T. ) ;
#6866 = ORIENTED_EDGE ( 'NONE', *, *, #6667, .T. ) ;
#6867 = CARTESIAN_POINT ( 'NONE',  ( 1.314276073749941043, 1.333712580471028364, 0.001000000000000000021 ) ) ;
#6868 = FILL_AREA_STYLE ('',( #3135 ) ) ;
#6869 = VECTOR ( 'NONE', #3858, 1000.000000000000000 ) ;
#6870 = CARTESIAN_POINT ( 'NONE',  ( 1.500000000000000222, -1.500000000000000000, 0.8499999999999999778 ) ) ;
#6871 = SURFACE_SIDE_STYLE ('',( #1951 ) ) ;
#6872 = ORIENTED_EDGE ( 'NONE', *, *, #710, .T. ) ;
#6873 = CARTESIAN_POINT ( 'NONE',  ( 1.176889705908791939, 1.264134464263011237, 0.000000000000000000 ) ) ;
#6874 = FILL_AREA_STYLE ('',( #5760 ) ) ;
#6875 = VERTEX_POINT ( 'NONE', #6290 ) ;
#6876 = DIRECTION ( 'NONE',  ( 0.000000000000000000, 0.000000000000000000, -1.000000000000000000 ) ) ;
#6877 = STYLED_ITEM ( 'NONE', ( #5740 ), #6125 ) ;
#6878 = SURFACE_STYLE_USAGE ( .BOTH. , #6342 ) ;
#6879 = SURFACE_STYLE_USAGE ( .BOTH. , #1047 ) ;
#6880 = EDGE_LOOP ( 'NONE', ( #6797, #3739, #4436, #6249 ) ) ;
#6881 = CARTESIAN_POINT ( 'NONE',  ( 0.8192339561091838140, 1.343626083541322735, 0.001000000000000000021 ) ) ;
#6882 = CARTESIAN_POINT ( 'NONE',  ( 0.9257471103353070996, 1.237485446324686711, 0.000000000000000000 ) ) ;
#6883 = DIRECTION ( 'NONE',  ( 1.000000000000000000, 0.000000000000000000, -0.000000000000000000 ) ) ;
#6884 = SURFACE_STYLE_USAGE ( .BOTH. , #3630 ) ;
#6885 = VERTEX_POINT ( 'NONE', #993 ) ;
#6886 = ORIENTED_EDGE ( 'NONE', *, *, #3808, .F. ) ;
#6887 =( GEOMETRIC_REPRESENTATION_CONTEXT ( 3 ) GLOBAL_UNCERTAINTY_ASSIGNED_CONTEXT ( ( #1729 ) ) GLOBAL_UNIT_ASSIGNED_CONTEXT ( ( #6129, #2901, #1819 ) ) REPRESENTATION_CONTEXT ( 'NONE', 'WORKASPACE' ) );
#6888 = CARTESIAN_POINT ( 'NONE',  ( 1.165495585945063528, 1.247851299983223639, 0.000000000000000000 ) ) ;
#6889 = VECTOR ( 'NONE', #5653, 1000.000000000000000 ) ;
#6890 = PRESENTATION_STYLE_ASSIGNMENT (( #5645 ) ) ;
#6891 = CARTESIAN_POINT ( 'NONE',  ( -1.500000000000000000, 0.6249999999999998890, 0.000000000000000000 ) ) ;
#6892 = VECTOR ( 'NONE', #868, 1000.000000000000000 ) ;
#6893 = CARTESIAN_POINT ( 'NONE',  ( -1.510000000000000453, 0.8749999999999998890, -0.05000000000000000278 ) ) ;
#6894 = CARTESIAN_POINT ( 'NONE',  ( 0.8231488131387183493, 1.370826042199335904, 0.000000000000000000 ) ) ;
#6895 = CARTESIAN_POINT ( 'NONE',  ( 0.8461865286041413414, 1.330374768908447525, 0.001000000000000000021 ) ) ;
#6896 = CARTESIAN_POINT ( 'NONE',  ( 1.500000000000000000, -0.1250000000000001110, 0.8499999999999999778 ) ) ;
#6897 = EDGE_CURVE ( 'NONE', #2415, #3181, #1034, .T. ) ;
#6898 = VERTEX_POINT ( 'NONE', #6844 ) ;
#6899 = DIRECTION ( 'NONE',  ( 1.000000000000000000, 0.000000000000000000, 0.000000000000000000 ) ) ;
#6900 =( NAMED_UNIT ( * ) SI_UNIT ( $, .STERADIAN. ) SOLID_ANGLE_UNIT ( ) );
#6901 = CARTESIAN_POINT ( 'NONE',  ( 1.510000000000000231, 0.1249999999999999445, 0.2000000000000000111 ) ) ;
#6902 = CARTESIAN_POINT ( 'NONE',  ( 0.8825451747232321287, 1.431018743435590768, 2.117582368135750848E-19 ) ) ;
#6903 =( LENGTH_UNIT ( ) NAMED_UNIT ( * ) SI_UNIT ( .MILLI., .METRE. ) );
#6904 = CARTESIAN_POINT ( 'NONE',  ( 1.099641927408477882, 1.415534226812491747, 0.001000000000000000021 ) ) ;
#6905 = STYLED_ITEM ( 'NONE', ( #5187 ), #4710 ) ;
#6906 = EDGE_CURVE ( 'NONE', #751, #982, #3139, .T. ) ;
#6907 = CARTESIAN_POINT ( 'NONE',  ( 0.8488287811456890486, 1.365141393255238755, 0.000000000000000000 ) ) ;
#6908 =( NAMED_UNIT ( * ) PLANE_ANGLE_UNIT ( ) SI_UNIT ( $, .RADIAN. ) );
#6909 = SURFACE_STYLE_USAGE ( .BOTH. , #4732 ) ;
#6910 = VECTOR ( 'NONE', #6040, 1000.000000000000000 ) ;
#6911 =( NAMED_UNIT ( * ) PLANE_ANGLE_UNIT ( ) SI_UNIT ( $, .RADIAN. ) );
#6912 = UNCERTAINTY_MEASURE_WITH_UNIT (LENGTH_MEASURE( 1.000000000000000082E-05 ), #1708, 'distance_accuracy_value', 'NONE');
#6913 = PRESENTATION_LAYER_ASSIGNMENT (  '', '', ( #4627 ) ) ;
#6914 = EDGE_CURVE ( 'NONE', #6351, #2228, #6210, .T. ) ;
#6915 = CARTESIAN_POINT ( 'NONE',  ( 1.165495585945063528, 1.269802519495418780, 0.000000000000000000 ) ) ;
#6916 = COLOUR_RGB ( '',1.000000000000000000, 1.000000000000000000, 1.000000000000000000 ) ;
#6917 = SURFACE_SIDE_STYLE ('',( #5964 ) ) ;
#6918 = VECTOR ( 'NONE', #1381, 1000.000000000000000 ) ;
#6919 = ORIENTED_EDGE ( 'NONE', *, *, #2971, .F. ) ;
#6920 = CARTESIAN_POINT ( 'NONE',  ( -0.000000000000000000, 0.1249999999999999445, 0.000000000000000000 ) ) ;
#6921 = EDGE_LOOP ( 'NONE', ( #6852, #4109, #3758, #2156 ) ) ;
#6922 = CARTESIAN_POINT ( 'NONE',  ( 1.331349244481648597, 1.237485446324686711, 0.001000000000000000021 ) ) ;
#6923 = CARTESIAN_POINT ( 'NONE',  ( -1.510000000000000231, 0.1249999999999999445, 0.2000000000000000111 ) ) ;
#6924 = PRESENTATION_LAYER_ASSIGNMENT (  '', '', ( #2496 ) ) ;
#6925 = CARTESIAN_POINT ( 'NONE',  ( 0.8208438503082605697, 1.361052690609903637, 0.001000000000000000021 ) ) ;
#6926 = ORIENTED_EDGE ( 'NONE', *, *, #4963, .T. ) ;
#6927 =( GEOMETRIC_REPRESENTATION_CONTEXT ( 3 ) GLOBAL_UNCERTAINTY_ASSIGNED_CONTEXT ( ( #4096 ) ) GLOBAL_UNIT_ASSIGNED_CONTEXT ( ( #1809, #4522, #2943 ) ) REPRESENTATION_CONTEXT ( 'NONE', 'WORKASPACE' ) );
#6928 =( NAMED_UNIT ( * ) PLANE_ANGLE_UNIT ( ) SI_UNIT ( $, .RADIAN. ) );
#6929 =( GEOMETRIC_REPRESENTATION_CONTEXT ( 3 ) GLOBAL_UNCERTAINTY_ASSIGNED_CONTEXT ( ( #5358 ) ) GLOBAL_UNIT_ASSIGNED_CONTEXT ( ( #4465, #811, #269 ) ) REPRESENTATION_CONTEXT ( 'NONE', 'WORKASPACE' ) );
#6930 = CARTESIAN_POINT ( 'NONE',  ( 0.8673463787485988785, 1.396541374124951940, 0.000000000000000000 ) ) ;
#6931 = FACE_OUTER_BOUND ( 'NONE', #4765, .T. ) ;
#6932 = ORIENTED_EDGE ( 'NONE', *, *, #6294, .F. ) ;
#6933 = CARTESIAN_POINT ( 'NONE',  ( 1.220356996711903896, 1.417800709320366614, 0.000000000000000000 ) ) ;
ENDSEC;
END-ISO-10303-21;
